bucket,sentiment_mean,tweet_count,weighted_sentiment_mean
2025-06-08 00:00:00,0.29739499999999996,20.0,0.3673618214177776
2025-06-08 04:00:00,0.25111,20.0,0.17284836668581274
2025-06-08 08:00:00,0.350455,20.0,0.42659593641635335
2025-06-08 12:00:00,0.16229499999999997,20.0,0.17742949260390536
2025-06-08 16:00:00,0.14902500000000002,20.0,0.053660382105258315
2025-06-08 20:00:00,0.21169,20.0,0.23940315640375728
2025-06-09 00:00:00,0.29467499999999996,20.0,0.3362349367436744
2025-06-09 04:00:00,0.29389000000000004,20.0,0.27356240021869876
2025-06-09 08:00:00,0.30084000000000005,20.0,0.2766230636007567
2025-06-09 12:00:00,0.25767,20.0,0.26700635689413027
2025-06-09 16:00:00,0.149675,20.0,0.14072718587182764
2025-06-09 20:00:00,0.11148500000000001,20.0,0.1468954796185716
2025-06-10 00:00:00,0.287795,20.0,0.30933321767229977
2025-06-10 04:00:00,0.152285,20.0,0.14983468258086835
2025-06-10 08:00:00,0.014419999999999988,20.0,0.08408119989656065
2025-06-10 12:00:00,0.246395,20.0,0.24126290304135925
2025-06-10 16:00:00,0.15086499999999997,20.0,0.155569465260588
2025-06-10 20:00:00,0.26173,20.0,0.28687663538541985
2025-06-11 00:00:00,0.25816999999999996,20.0,0.26087136026811025
2025-06-11 04:00:00,0.1719578947368421,19.0,0.23835252352627842
2025-06-11 08:00:00,0.16090000000000002,20.0,0.2781596362649294
2025-06-11 12:00:00,0.12017499999999999,20.0,0.09037762734760124
2025-06-11 16:00:00,0.39413499999999996,20.0,0.42953004646412546
2025-06-11 20:00:00,0.28995,20.0,0.24570695046848834
2025-06-12 00:00:00,0.210965,20.0,0.3405541042805193
2025-06-12 04:00:00,0.3346050000000001,20.0,0.43642821748975036
2025-06-12 08:00:00,0.344205,20.0,0.3237481998510221
2025-06-12 12:00:00,0.30918500000000004,20.0,0.32575782271427406
2025-06-12 16:00:00,0.18919000000000002,20.0,0.21338712011315009
2025-06-12 20:00:00,0.19633499999999998,20.0,0.22692529671476364
2025-06-13 00:00:00,0.26512499999999994,20.0,0.23688851311696696
2025-06-13 04:00:00,0.21315500000000004,20.0,0.1277654345325364
2025-06-13 08:00:00,0.30464499999999994,20.0,0.36523470374916
2025-06-13 12:00:00,0.36787499999999995,20.0,0.37901573644806913
2025-06-13 16:00:00,0.19026,20.0,0.2230979392302499
2025-06-13 20:00:00,0.121175,20.0,0.13933737479723673
2025-06-14 00:00:00,0.26226842105263154,19.0,0.30954535207371686
2025-06-14 04:00:00,0.20894999999999997,20.0,0.21934935516331694
2025-06-14 08:00:00,0.512155,20.0,0.5365980599770287
2025-06-14 12:00:00,0.194315,20.0,0.12943766161515008
2025-06-14 16:00:00,0.24544000000000002,20.0,0.3440130761331065
2025-06-14 20:00:00,0.38974000000000003,20.0,0.44169512088051577
2025-06-15 00:00:00,0.2843649999999999,20.0,0.3419430283100881
2025-06-15 04:00:00,0.1948,20.0,0.07086941645111229
2025-06-15 08:00:00,0.33646,20.0,0.3832528184185665
2025-06-15 12:00:00,0.44475999999999993,20.0,0.4364347127317977
2025-06-15 16:00:00,0.561385,20.0,0.4822705729321601
2025-06-15 20:00:00,0.425115,20.0,0.4000087365910386
2025-06-16 00:00:00,0.215725,20.0,0.20242491285715525
2025-06-16 04:00:00,0.271655,20.0,0.23730211180360986
2025-06-16 08:00:00,0.05041500000000001,20.0,0.05426950511164776
2025-06-16 12:00:00,0.309695,20.0,0.26423430445714285
2025-06-16 16:00:00,0.165025,20.0,0.14272936424336868
2025-06-16 20:00:00,0.07908499999999999,20.0,0.06562244878376434
2025-06-17 00:00:00,0.42251500000000003,20.0,0.3783228602682265
2025-06-17 04:00:00,0.24773499999999998,20.0,0.22705776084414228
2025-06-17 08:00:00,0.450875,20.0,0.5055179173638223
2025-06-17 12:00:00,0.21693,20.0,0.15508670183285528
2025-06-17 16:00:00,0.18161999999999995,20.0,0.19748142941357394
2025-06-17 20:00:00,0.4213899999999999,20.0,0.4318376683253544
2025-06-18 00:00:00,0.326415,20.0,0.3038316195601886
2025-06-18 04:00:00,0.08641000000000001,20.0,0.16033092087588963
2025-06-18 08:00:00,0.50839,20.0,0.4637065053731221
2025-06-18 12:00:00,0.36161999999999994,20.0,0.42434450924552214
2025-06-18 16:00:00,0.388465,20.0,0.42197688275961265
2025-06-18 20:00:00,0.22535499999999997,20.0,0.21545101328455027
2025-06-19 00:00:00,0.24528500000000003,20.0,0.2405768485988262
2025-06-19 04:00:00,0.39161,20.0,0.32619377836775104
2025-06-19 08:00:00,0.371425,20.0,0.36912533613748477
2025-06-19 12:00:00,0.27298999999999995,20.0,0.274368096920481
2025-06-19 16:00:00,0.180935,20.0,0.1688006457606587
2025-06-19 20:00:00,0.17040000000000002,20.0,0.2038175419978563
2025-06-20 00:00:00,0.19749999999999995,20.0,0.1891259995929375
2025-06-20 04:00:00,0.26937999999999995,20.0,0.305391657622906
2025-06-20 08:00:00,0.5097,20.0,0.4433382710186801
2025-06-20 12:00:00,0.36528,20.0,0.44200111216588034
2025-06-20 16:00:00,0.34249999999999997,20.0,0.28029533994326794
2025-06-20 20:00:00,0.2582,20.0,0.2009866285007408
2025-06-21 00:00:00,0.33009,20.0,0.3775403501154343
2025-06-21 04:00:00,0.31274499999999994,20.0,0.2747442462363374
2025-06-21 08:00:00,0.229915,20.0,0.15488460248820646
2025-06-21 12:00:00,0.43145,20.0,0.3220620491919814
2025-06-21 16:00:00,0.29274,20.0,0.33336349117295033
2025-06-21 20:00:00,0.16971499999999998,20.0,0.20845477788467637
2025-06-22 00:00:00,0.281265,20.0,0.3342787183532108
2025-06-22 04:00:00,0.31128500000000003,20.0,0.33252803815489745
2025-06-22 08:00:00,0.34094499999999994,20.0,0.41506402864296554
2025-06-22 12:00:00,0.10101,20.0,0.02050039925211667
2025-06-22 16:00:00,0.19589000000000004,20.0,0.2138233828368438
2025-06-22 20:00:00,0.384685,20.0,0.40375897219932383
2025-06-23 00:00:00,0.22704500000000002,20.0,0.2665588116410671
2025-06-23 04:00:00,0.178935,20.0,0.20977954713663496
2025-06-23 08:00:00,0.036025000000000015,20.0,0.23907967052500287
2025-06-23 12:00:00,0.348345,20.0,0.32052531854096544
2025-06-23 16:00:00,0.24823500000000004,20.0,0.20858558596857757
2025-06-23 20:00:00,0.08817,20.0,-0.0052872919910576695
2025-06-24 00:00:00,0.4690849999999999,20.0,0.5284466306407614
2025-06-24 04:00:00,0.222715,20.0,0.22173270882701418
2025-06-24 08:00:00,0.16019499999999998,20.0,0.20096985331259473
2025-06-24 12:00:00,0.177065,20.0,0.1406358724398044
2025-06-24 16:00:00,0.32681499999999997,20.0,0.3200363198512844
2025-06-24 20:00:00,-0.04181500000000001,20.0,-0.10982376760487855
2025-06-25 00:00:00,0.30418500000000004,20.0,0.30611558469117944
2025-06-25 04:00:00,0.36688000000000004,20.0,0.3457469302919024
2025-06-25 08:00:00,0.25880000000000003,20.0,0.25731408576204023
2025-06-25 12:00:00,0.13214,20.0,0.14094630317308557
2025-06-25 16:00:00,0.07123000000000003,20.0,0.044600152621934404
2025-06-25 20:00:00,0.532545,20.0,0.5785972610997042
2025-06-26 00:00:00,0.33055500000000004,20.0,0.25295477845787046
2025-06-26 04:00:00,0.40329500000000007,20.0,0.3886102575085015
2025-06-26 08:00:00,0.23235,20.0,0.23133015261027468
2025-06-26 12:00:00,0.41204,20.0,0.38967235232696895
2025-06-26 16:00:00,0.19201,20.0,0.19516417374280481
2025-06-26 20:00:00,0.12808500000000003,20.0,0.13111057404885296
2025-06-27 00:00:00,0.263495,20.0,0.3035904533173221
2025-06-27 04:00:00,0.45143000000000005,20.0,0.42873314877473595
2025-06-27 08:00:00,0.388065,20.0,0.40595856917895107
2025-06-27 12:00:00,0.283775,20.0,0.34539699524530765
2025-06-27 16:00:00,-0.03907999999999999,20.0,-0.0820410949739792
2025-06-27 20:00:00,0.21235500000000002,20.0,0.17819890251334902
2025-06-28 00:00:00,0.43919500000000006,20.0,0.46718156587182297
2025-06-28 04:00:00,0.493305,20.0,0.48721872840867336
2025-06-28 08:00:00,0.23393499999999995,20.0,0.26349370099550695
2025-06-28 12:00:00,0.25587,20.0,0.2011466497675992
2025-06-28 16:00:00,0.37178,20.0,0.33677388324607327
2025-06-28 20:00:00,0.250245,20.0,0.3141848944430963
2025-06-29 00:00:00,0.20120000000000005,20.0,0.186789799731533
2025-06-29 04:00:00,0.3240700000000001,20.0,0.3875147347689755
2025-06-29 08:00:00,0.21754500000000002,20.0,0.24780700706109474
2025-06-29 12:00:00,0.14927999999999997,20.0,0.14228763545164178
2025-06-29 16:00:00,0.159775,20.0,0.20064689553890122
2025-06-29 20:00:00,0.22517,20.0,0.23651327004272119
2025-06-30 00:00:00,0.50764,20.0,0.4666525683406361
2025-06-30 04:00:00,0.37367999999999996,20.0,0.3542218911409872
2025-06-30 08:00:00,0.4668150000000001,20.0,0.44463841654923414
2025-06-30 12:00:00,0.191175,20.0,0.23924857404389516
2025-06-30 16:00:00,0.44037,20.0,0.38222152101753065
2025-06-30 20:00:00,0.191645,20.0,0.17053449744676796
2025-07-01 00:00:00,0.36990500000000004,20.0,0.3972380791526934
2025-07-01 04:00:00,0.20352499999999996,20.0,0.1976485043239195
2025-07-01 08:00:00,0.19412500000000002,20.0,0.10684617257878866
2025-07-01 12:00:00,0.180055,20.0,0.22784911278949205
2025-07-01 16:00:00,0.28671500000000005,20.0,0.34820014647870984
2025-07-01 20:00:00,0.346075,20.0,0.2771714761299272
2025-07-02 00:00:00,0.060085,20.0,0.07001783425223984
2025-07-02 04:00:00,0.3495473684210526,19.0,0.3636774964358917
2025-07-02 08:00:00,0.43713500000000005,20.0,0.46803316774555176
2025-07-02 12:00:00,0.4708444444444445,18.0,0.4742654986937145
2025-07-02 16:00:00,0.36719,20.0,0.4154297247950473
2025-07-02 20:00:00,0.25498000000000004,20.0,0.26783617360981865
2025-07-03 00:00:00,0.34598500000000004,20.0,0.3422396003434704
2025-07-03 04:00:00,0.4692499999999999,20.0,0.4703366841808382
2025-07-03 08:00:00,0.4836499999999999,20.0,0.4994613596634675
2025-07-03 12:00:00,0.12644000000000002,20.0,0.16343329779688912
2025-07-03 16:00:00,0.41683000000000003,20.0,0.3957835815019287
2025-07-03 20:00:00,0.29175,20.0,0.32487605085171706
2025-07-04 00:00:00,0.235005,20.0,0.24625690728116773
2025-07-04 04:00:00,0.4608699999999999,20.0,0.4687497386650531
2025-07-04 08:00:00,0.269315,20.0,0.26722527456965733
2025-07-04 12:00:00,0.26277,20.0,0.24485523563674874
2025-07-04 16:00:00,0.34424,20.0,0.29681651126334296
2025-07-04 20:00:00,0.35637500000000005,20.0,0.4141780368593337
2025-07-05 00:00:00,0.319195,20.0,0.3363384972544463
2025-07-05 04:00:00,0.43290500000000004,20.0,0.37910016350865655
2025-07-05 08:00:00,0.35496842105263154,19.0,0.3177990088879644
2025-07-05 12:00:00,0.3570050000000001,20.0,0.37203303025250367
2025-07-05 16:00:00,0.418715,20.0,0.4160315813700669
2025-07-05 20:00:00,0.338415,20.0,0.3432018428607616
2025-07-06 00:00:00,0.24235263157894735,19.0,0.22329787535499565
2025-07-06 04:00:00,0.47915,20.0,0.46651190936797265
2025-07-06 08:00:00,0.37407,20.0,0.397793928165768
2025-07-06 12:00:00,0.458775,20.0,0.4146627982056273
2025-07-06 16:00:00,0.3888,20.0,0.4416718513573653
2025-07-06 20:00:00,0.138415,20.0,0.1468054423039294
2025-07-07 00:00:00,0.45152000000000003,20.0,0.40915174820982886
2025-07-07 04:00:00,0.297775,20.0,0.29652837913650415
2025-07-07 08:00:00,0.3395842105263158,19.0,0.4075406971239546
2025-07-07 12:00:00,0.319035,20.0,0.43556224484311695
2025-07-07 16:00:00,0.324465,20.0,0.30751531881616356
2025-07-07 20:00:00,0.354735,20.0,0.32543603754136097
2025-07-08 00:00:00,0.14512,20.0,0.13102807609976672
2025-07-08 04:00:00,0.40848000000000007,20.0,0.4072445198337897
2025-07-08 08:00:00,0.311585,20.0,0.3404258300530755
2025-07-08 12:00:00,0.17917,20.0,0.06502848883421172
2025-07-08 16:00:00,0.333285,20.0,0.43286615106580645
2025-07-08 20:00:00,0.29243500000000006,20.0,0.38552316586319074
2025-07-09 00:00:00,0.33493000000000006,20.0,0.3734095396915782
2025-07-09 04:00:00,0.441585,20.0,0.42550580139595257
2025-07-09 08:00:00,0.26405,20.0,0.24884731549040237
2025-07-09 12:00:00,0.2883649999999999,20.0,0.23921523348022278
2025-07-09 16:00:00,0.214405,20.0,0.2263702376794149
2025-07-09 20:00:00,0.317525,20.0,0.3430486314232359
2025-07-10 00:00:00,0.32529,20.0,0.22288772024252404
2025-07-10 04:00:00,0.33229500000000006,20.0,0.37587534931794025
2025-07-10 08:00:00,0.21608999999999998,20.0,0.2101246898216239
2025-07-10 12:00:00,0.21390499999999996,20.0,0.2053174944416138
2025-07-10 16:00:00,0.16712,20.0,0.17086828933987705
2025-07-10 20:00:00,0.27809999999999996,20.0,0.3288669206623497
2025-07-11 00:00:00,0.2639600000000001,20.0,0.22391075887911818
2025-07-11 04:00:00,0.324145,20.0,0.3256321721232392
2025-07-11 08:00:00,0.320925,20.0,0.3341460248834579
2025-07-11 12:00:00,0.29443,20.0,0.25760332877658304
2025-07-11 16:00:00,0.352705,20.0,0.33798000294860225
2025-07-11 20:00:00,0.35538000000000003,20.0,0.329682744054408
2025-07-12 00:00:00,0.19643,20.0,0.20267724024684164
2025-07-12 04:00:00,0.38507499999999995,20.0,0.37002392626581837
2025-07-12 08:00:00,0.289075,20.0,0.15861233337518577
2025-07-12 12:00:00,0.35711,20.0,0.32057135956770627
2025-07-12 16:00:00,0.23614500000000005,20.0,0.1716902720372146
2025-07-12 20:00:00,0.23728499999999997,20.0,0.20908676085797814
2025-07-13 00:00:00,0.19640999999999997,20.0,0.1876211521365209
2025-07-13 04:00:00,0.382745,20.0,0.3706363839148675
2025-07-13 08:00:00,0.420385,20.0,0.46038531926242376
2025-07-13 12:00:00,0.25033500000000003,20.0,0.29466387633068647
2025-07-13 16:00:00,0.145635,20.0,0.12296127147667422
2025-07-13 20:00:00,0.31592000000000003,20.0,0.2952083813817222
2025-07-14 00:00:00,0.23468500000000003,20.0,0.21097158791665419
2025-07-14 04:00:00,0.22573000000000004,20.0,0.17441233338155368
2025-07-14 08:00:00,0.35916000000000003,20.0,0.39735359775310397
2025-07-14 12:00:00,0.22727000000000003,20.0,0.2390055931105137
2025-07-14 16:00:00,-0.019314999999999985,20.0,-0.019199850676771393
2025-07-14 20:00:00,0.304315,20.0,0.2728960595837763
2025-07-15 00:00:00,0.178335,20.0,0.1830313110110903
2025-07-15 04:00:00,0.17561999999999997,20.0,0.15083387274817586
2025-07-15 08:00:00,0.248075,20.0,0.25822391832882324
2025-07-15 12:00:00,0.38559,20.0,0.3854613117444142
2025-07-15 16:00:00,0.34,20.0,0.2908010349867731
2025-07-15 20:00:00,0.374695,20.0,0.39075438250531197
2025-07-16 00:00:00,0.18342000000000003,20.0,0.17341045366256022
2025-07-16 04:00:00,0.51556,20.0,0.5659019600670802
2025-07-16 08:00:00,0.277515,20.0,0.31699280207817443
2025-07-16 12:00:00,0.37886999999999993,20.0,0.23040912738853503
2025-07-16 16:00:00,0.34270000000000006,20.0,0.363081045836372
2025-07-16 20:00:00,0.220045,20.0,0.1861282499696639
2025-07-17 00:00:00,0.20346000000000003,20.0,0.1982946861756781
2025-07-17 04:00:00,0.54396,20.0,0.539853233608655
2025-07-17 08:00:00,0.431545,20.0,0.4103246538152218
2025-07-17 12:00:00,0.5493699999999999,20.0,0.553123144244894
2025-07-17 16:00:00,0.28485,20.0,0.2858544056216529
2025-07-17 20:00:00,0.241855,20.0,0.2269811198588883
2025-07-18 00:00:00,0.19016500000000003,20.0,0.2529601379776713
2025-07-18 04:00:00,0.5541349999999999,20.0,0.5710303315250149
2025-07-18 08:00:00,0.356835,20.0,0.37785925425889433
2025-07-18 12:00:00,0.32581499999999997,20.0,0.3730096060423208
2025-07-18 16:00:00,0.338955,20.0,0.3462744231819638
2025-07-18 20:00:00,0.29201,20.0,0.2994048199540147
2025-07-19 00:00:00,0.30537000000000003,20.0,0.3488976865584368
2025-07-19 04:00:00,0.2456899999999999,20.0,0.13995084163950433
2025-07-19 08:00:00,0.36279,20.0,0.35020422290573544
2025-07-19 12:00:00,0.2909,20.0,0.29432121463982824
2025-07-19 16:00:00,0.36814,20.0,0.35213841243454413
2025-07-19 20:00:00,0.246485,20.0,0.21437067183655215
2025-07-20 00:00:00,0.25612999999999997,20.0,0.21834941651961065
2025-07-20 04:00:00,0.51425,20.0,0.5444334621926704
2025-07-20 08:00:00,0.342395,20.0,0.2447349107773365
2025-07-20 12:00:00,0.3726052631578947,19.0,0.41883227850851334
2025-07-20 16:00:00,0.0784,20.0,0.05399405159956543
2025-07-20 20:00:00,0.13412,20.0,0.19621022242630864
2025-07-21 00:00:00,0.19734000000000002,20.0,0.18501472223150536
2025-07-21 04:00:00,0.4395049999999999,20.0,0.4116412515264606
2025-07-21 08:00:00,0.504975,20.0,0.4770813235093775
2025-07-21 12:00:00,0.2822105263157894,19.0,0.351127494316497
2025-07-21 16:00:00,0.33873000000000003,20.0,0.2757750144227782
2025-07-21 20:00:00,0.24131,20.0,0.21120444586388534
2025-07-22 00:00:00,0.427795,20.0,0.43479222766901116
2025-07-22 04:00:00,0.501325,20.0,0.4959553050952954
2025-07-22 08:00:00,0.5887249999999999,20.0,0.553739035885563
2025-07-22 12:00:00,0.317735,20.0,0.40940190261547366
2025-07-22 16:00:00,0.61911,20.0,0.5960833268323819
2025-07-22 20:00:00,0.36045,20.0,0.3956799127827746
2025-07-23 00:00:00,0.27352105263157894,19.0,0.18565776794626238
2025-07-23 04:00:00,0.5293199999999999,20.0,0.49155594994030316
2025-07-23 08:00:00,0.30715000000000003,20.0,0.3584341591777709
2025-07-23 12:00:00,0.29257,20.0,0.2625241167601285
2025-07-23 16:00:00,0.44217894736842106,19.0,0.4861102295528694
2025-07-23 20:00:00,0.337955,20.0,0.34276416435376184
2025-07-24 00:00:00,0.346275,20.0,0.3181032176406695
2025-07-24 04:00:00,0.5378900000000001,20.0,0.5551744058387228
2025-07-24 08:00:00,0.34146,20.0,0.3990498775535999
2025-07-24 12:00:00,0.41602500000000003,20.0,0.4212833866306173
2025-07-24 16:00:00,0.32877999999999996,20.0,0.27093844204299616
2025-07-24 20:00:00,0.27131000000000005,20.0,0.29716518194288183
2025-07-25 00:00:00,0.31762,20.0,0.2849117345876001
2025-07-25 04:00:00,0.25309,20.0,0.2638735839811008
2025-07-25 08:00:00,0.34522,20.0,0.35154025298889247
2025-07-25 12:00:00,0.33465500000000004,20.0,0.32814796855263983
2025-07-25 16:00:00,0.51657,20.0,0.5417055156579416
2025-07-25 20:00:00,0.394325,20.0,0.3725330851510067
2025-07-26 00:00:00,0.230385,20.0,0.22687731737994038
2025-07-26 04:00:00,0.58295,20.0,0.5722766906017496
2025-07-26 08:00:00,0.24852500000000002,20.0,0.2180503247188541
2025-07-26 12:00:00,0.10866499999999998,20.0,0.03868302579551871
2025-07-26 16:00:00,0.26454999999999995,20.0,0.3359656021081642
2025-07-26 20:00:00,0.25769,20.0,0.2511421820895522
2025-07-27 00:00:00,0.22268,20.0,0.2182902891071222
2025-07-27 04:00:00,0.37181499999999995,20.0,0.3900577653548371
2025-07-27 08:00:00,0.20865499999999998,20.0,0.21543548505498766
2025-07-27 12:00:00,0.266285,20.0,0.3063166353061032
2025-07-27 16:00:00,0.28872,20.0,0.26244721395150994
2025-07-27 20:00:00,0.318585,20.0,0.39526614667076526
2025-07-28 00:00:00,0.15791999999999998,20.0,0.14428974778240888
2025-07-28 04:00:00,0.16523,20.0,0.21922335243157998
2025-07-28 08:00:00,0.2914150000000001,20.0,0.3232024609768793
2025-07-28 12:00:00,0.30004,20.0,0.30392336140727433
2025-07-28 16:00:00,0.212695,20.0,0.263090264836934
2025-07-28 20:00:00,0.21727499999999997,20.0,0.19609151017689996
2025-07-29 00:00:00,0.411925,20.0,0.4326716808323564
2025-07-29 04:00:00,0.28967,20.0,0.3231136977877037
2025-07-29 08:00:00,0.298265,20.0,0.3019008330207741
2025-07-29 12:00:00,0.38115,20.0,0.31851641016822857
2025-07-29 16:00:00,0.35875999999999997,20.0,0.33546584655685346
2025-07-29 20:00:00,0.13731500000000002,20.0,0.10719033944400123
2025-07-30 00:00:00,0.091255,20.0,0.09235291226431036
2025-07-30 04:00:00,0.31529999999999997,20.0,0.3710726018941805
2025-07-30 08:00:00,0.23090499999999997,20.0,0.2457540322276313
2025-07-30 12:00:00,0.31027499999999997,20.0,0.38257693417322836
2025-07-30 16:00:00,0.23372500000000002,20.0,0.1932847215481412
2025-07-30 20:00:00,0.26232,20.0,0.34207466540841336
2025-07-31 00:00:00,0.27696315789473686,19.0,0.26870895883649
2025-07-31 04:00:00,0.47895000000000004,20.0,0.46918838324704815
2025-07-31 08:00:00,0.346035,20.0,0.3789497856543846
2025-07-31 12:00:00,0.292445,20.0,0.2983571217231428
2025-07-31 16:00:00,0.36247,20.0,0.45229547923503455
2025-07-31 20:00:00,0.5128699999999999,20.0,0.5331909023535114
2025-08-01 00:00:00,0.1708,20.0,0.16546307647214425
2025-08-01 04:00:00,0.34532,20.0,0.2978682167339657
2025-08-01 08:00:00,0.23611000000000004,20.0,0.2038272461486065
2025-08-01 12:00:00,0.059324999999999996,20.0,0.05016774100255281
2025-08-01 16:00:00,0.38080499999999995,20.0,0.4431421811508717
2025-08-01 20:00:00,0.43156999999999995,20.0,0.4729206571995518
2025-08-02 00:00:00,0.35503,20.0,0.37434548631869397
2025-08-02 04:00:00,0.17368,20.0,0.20282646576445137
2025-08-02 08:00:00,0.49322,20.0,0.5515816500487162
2025-08-02 12:00:00,0.18858999999999995,20.0,0.22191537669775627
2025-08-02 16:00:00,0.399315,20.0,0.37699289314109885
2025-08-02 20:00:00,0.24674000000000004,20.0,0.259439159838818
2025-08-03 00:00:00,0.16041,20.0,0.2079153930939465
2025-08-03 04:00:00,0.5775800000000001,20.0,0.5804743696982317
2025-08-03 08:00:00,0.21012,20.0,0.15810630416815577
2025-08-03 12:00:00,0.34269000000000005,20.0,0.3231445730016355
2025-08-03 16:00:00,0.32169499999999995,20.0,0.3887462332388138
2025-08-03 20:00:00,0.339935,20.0,0.2864026656552207
2025-08-04 00:00:00,0.12222,20.0,0.12638316290594107
2025-08-04 04:00:00,0.49936500000000006,20.0,0.5158391644276739
2025-08-04 08:00:00,0.29442500000000005,20.0,0.26852728873033516
2025-08-04 12:00:00,0.20896999999999996,20.0,0.1878128834885515
2025-08-04 16:00:00,0.25815,20.0,0.21235700377771505
2025-08-04 20:00:00,0.09939499999999998,20.0,0.0796400555613796
2025-08-05 00:00:00,0.127385,20.0,0.0953089466857352
2025-08-05 04:00:00,0.5408800000000001,20.0,0.6003996966757363
2025-08-05 08:00:00,0.25467500000000004,20.0,0.2887040265210943
2025-08-05 12:00:00,0.42349499999999995,20.0,0.47183370783678796
2025-08-05 16:00:00,0.4860650000000001,20.0,0.5544057154770363
2025-08-05 20:00:00,0.36812000000000006,20.0,0.3987897924167253
2025-08-06 00:00:00,0.34306000000000003,20.0,0.3871625894853989
2025-08-06 04:00:00,0.477235,20.0,0.45213068890553937
2025-08-06 08:00:00,0.13645,20.0,0.1687056921959048
2025-08-06 12:00:00,0.14579999999999999,20.0,0.11806248103385132
2025-08-06 16:00:00,0.487225,20.0,0.4715569705645874
2025-08-06 20:00:00,0.29794999999999994,20.0,0.34293289773015934
2025-08-07 00:00:00,0.21568,20.0,0.2287751586433819
2025-08-07 04:00:00,0.38553499999999996,20.0,0.42290196415331405
2025-08-07 08:00:00,0.19433000000000003,20.0,0.18529564112057265
2025-08-07 12:00:00,0.08367499999999997,20.0,-0.03014372554372555
2025-08-07 16:00:00,0.35626842105263157,19.0,0.3284231104031369
2025-08-07 20:00:00,0.19431,20.0,0.23662906527039287
2025-08-08 00:00:00,0.46692,20.0,0.5568871535256237
2025-08-08 04:00:00,0.45685000000000003,20.0,0.47160672064144704
2025-08-08 08:00:00,0.4219900000000001,20.0,0.40045347522193503
2025-08-08 12:00:00,0.29458500000000004,20.0,0.3479835921806868
2025-08-08 16:00:00,0.35785999999999996,20.0,0.33802049858880073
2025-08-08 20:00:00,0.33772499999999994,20.0,0.3590429120443353
2025-08-09 00:00:00,0.5338299999999999,20.0,0.5667491213591753
2025-08-09 04:00:00,0.2782,20.0,0.31422281622507214
2025-08-09 08:00:00,0.466475,20.0,0.49822117111761977
2025-08-09 12:00:00,0.571885,20.0,0.5843117141704885
2025-08-09 16:00:00,0.13047000000000003,20.0,0.1447820352380175
2025-08-09 20:00:00,0.13267,20.0,0.20480552664125798
2025-08-10 00:00:00,0.231615,20.0,0.20592871947082764
2025-08-10 04:00:00,0.504225,20.0,0.5589287220953634
2025-08-10 08:00:00,0.27243000000000006,20.0,0.3060925911337923
2025-08-10 12:00:00,0.23180000000000006,20.0,0.21972856264742327
2025-08-10 16:00:00,0.35902500000000004,20.0,0.3317391470796079
2025-08-10 20:00:00,0.15691,20.0,0.22373475677081828
2025-08-11 00:00:00,0.27026,20.0,0.19539309273094493
2025-08-11 04:00:00,0.298205,20.0,0.27974652693336577
2025-08-11 08:00:00,0.20254000000000003,20.0,0.1588258891743252
2025-08-11 12:00:00,0.130695,20.0,0.14970652413926439
2025-08-11 16:00:00,0.17978999999999995,20.0,0.19794440032410565
2025-08-11 20:00:00,0.29016500000000006,20.0,0.2160250858509524
2025-08-12 00:00:00,0.4995,20.0,0.47760389811598114
2025-08-12 04:00:00,0.27657500000000007,20.0,0.2665157662604107
2025-08-12 08:00:00,0.16474499999999997,20.0,0.16571291198810634
2025-08-12 12:00:00,0.26253499999999996,20.0,0.29919376151916194
2025-08-12 16:00:00,0.47855,20.0,0.4238975223634066
2025-08-12 20:00:00,0.35343500000000005,20.0,0.2725026952851533
2025-08-13 00:00:00,0.172155,20.0,0.19742633695093564
2025-08-13 04:00:00,0.26898000000000005,20.0,0.25138057052786056
2025-08-13 08:00:00,0.30161000000000004,20.0,0.3364017651926994
2025-08-13 12:00:00,0.265565,20.0,0.16119810491320435
2025-08-13 16:00:00,0.3968421052631579,19.0,0.40400677915292693
2025-08-13 20:00:00,0.36515,20.0,0.37062656547476613
2025-08-14 00:00:00,0.296325,20.0,0.2913828566188031
2025-08-14 04:00:00,0.4544,20.0,0.4326908943726336
2025-08-14 08:00:00,0.217285,20.0,0.27490907457689406
2025-08-14 12:00:00,0.25055499999999997,20.0,0.26090281590361863
2025-08-14 16:00:00,0.17579499999999998,20.0,0.2057813995757547
2025-08-14 20:00:00,0.20439999999999997,20.0,0.16015008573980025
2025-08-15 00:00:00,0.33304999999999996,20.0,0.35457449043235284
2025-08-15 04:00:00,0.4121600000000001,20.0,0.3912891160361091
2025-08-15 08:00:00,0.19308,20.0,0.24079088845898422
2025-08-15 12:00:00,0.29993499999999995,20.0,0.2737378803059146
2025-08-15 16:00:00,0.577825,20.0,0.613581555248434
2025-08-15 20:00:00,0.22302000000000005,20.0,0.29553019684397236
2025-08-16 00:00:00,0.34085789473684214,19.0,0.3628561555895583
2025-08-16 04:00:00,0.525795,20.0,0.5491233649982626
2025-08-16 08:00:00,0.32936499999999996,20.0,0.3270948940594615
2025-08-16 12:00:00,0.32542,20.0,0.26669616702526094
2025-08-16 16:00:00,0.32927999999999996,20.0,0.30910471568632536
2025-08-16 20:00:00,0.251645,20.0,0.23368343069519226
2025-08-17 00:00:00,0.29086500000000004,20.0,0.32015027913750554
2025-08-17 04:00:00,0.42540000000000006,20.0,0.4586613302123831
2025-08-17 08:00:00,0.396035,20.0,0.3635938171784076
2025-08-17 12:00:00,0.23285,20.0,0.2242568777640998
2025-08-17 16:00:00,0.23629000000000003,20.0,0.2747729683948037
2025-08-17 20:00:00,0.277655,20.0,0.2794683050041602
2025-08-18 00:00:00,0.37902500000000006,20.0,0.26158716688010414
2025-08-18 04:00:00,0.437825,20.0,0.38758160692724936
2025-08-18 08:00:00,0.117605,20.0,0.09438516452872282
2025-08-18 12:00:00,0.28349,20.0,0.28250161404118695
2025-08-18 16:00:00,0.32750499999999994,20.0,0.316382727714317
2025-08-18 20:00:00,0.47570499999999993,20.0,0.45776433382106124
2025-08-19 00:00:00,0.19027500000000003,20.0,0.21723826485721387
2025-08-19 04:00:00,0.370925,20.0,0.3983744143298333
2025-08-19 08:00:00,0.11790499999999997,20.0,0.06387073162022344
2025-08-19 12:00:00,0.27481,20.0,0.17813502654044
2025-08-19 16:00:00,0.438465,20.0,0.4791501601990146
2025-08-19 20:00:00,0.13457000000000002,20.0,0.12274815331496532
2025-08-20 00:00:00,0.28262,20.0,0.2306112287658753
2025-08-20 04:00:00,0.481865,20.0,0.5136090222438154
2025-08-20 08:00:00,0.449035,20.0,0.4391694536054906
2025-08-20 12:00:00,0.19732,20.0,0.12928771930894437
2025-08-20 16:00:00,0.33458,20.0,0.435222165929091
2025-08-20 20:00:00,0.39032,20.0,0.3629797923779068
2025-08-21 00:00:00,0.12237894736842103,19.0,0.16793008261561798
2025-08-21 04:00:00,0.28523499999999996,20.0,0.3133227501456645
2025-08-21 08:00:00,0.41594999999999993,20.0,0.45672052945554065
2025-08-21 12:00:00,0.35697368421052633,19.0,0.41565119364437714
2025-08-21 16:00:00,0.42167999999999994,20.0,0.43909210652164254
2025-08-21 20:00:00,0.3583599999999999,20.0,0.3605838972637635
2025-08-22 00:00:00,0.25942000000000004,20.0,0.227174561879844
2025-08-22 04:00:00,0.29313,20.0,0.2551028377878348
2025-08-22 08:00:00,0.28989000000000004,20.0,0.2972710749372961
2025-08-22 12:00:00,0.23174999999999998,20.0,0.22015957249023935
2025-08-22 16:00:00,0.33444,20.0,0.34465307261981265
2025-08-22 20:00:00,0.23331500000000002,20.0,0.17946822504676946
2025-08-23 00:00:00,-0.033925,20.0,-0.10092832005927024
2025-08-23 04:00:00,0.33081000000000005,20.0,0.3639274818725732
2025-08-23 08:00:00,0.5265249999999999,20.0,0.5063204888036724
2025-08-23 12:00:00,0.385795,20.0,0.3231414270305844
2025-08-23 16:00:00,0.46265999999999996,20.0,0.4818021045131072
2025-08-23 20:00:00,0.30422999999999994,20.0,0.26879404314124805
2025-08-24 00:00:00,0.4164149999999999,20.0,0.44749569663723804
2025-08-24 04:00:00,0.31151000000000006,20.0,0.35786351951306833
2025-08-24 08:00:00,0.38665,20.0,0.35541000730905103
2025-08-24 12:00:00,0.28362000000000004,20.0,0.3449525150885814
2025-08-24 16:00:00,0.16302500000000003,20.0,0.19128742067532473
2025-08-24 20:00:00,0.221645,20.0,0.2851043812381195
2025-08-25 00:00:00,0.199585,20.0,0.1024893219304187
2025-08-25 04:00:00,0.32948,20.0,0.4174908251261225
2025-08-25 08:00:00,0.36758499999999994,20.0,0.41891035331961796
2025-08-25 12:00:00,0.15287999999999996,20.0,0.21249591241055704
2025-08-25 16:00:00,0.492375,20.0,0.45071886608736716
2025-08-25 20:00:00,0.260055,20.0,0.20446067396711512
2025-08-26 00:00:00,0.1512,20.0,0.2126331795926676
2025-08-26 04:00:00,0.357185,20.0,0.4377360910541537
2025-08-26 08:00:00,0.252705,20.0,0.28111596543087697
2025-08-26 12:00:00,0.14011,20.0,0.20722567317969098
2025-08-26 16:00:00,0.369825,20.0,0.3768495035136987
2025-08-26 20:00:00,0.5494849999999999,20.0,0.5785241668413331
2025-08-27 00:00:00,0.32976500000000003,20.0,0.40665151705671365
2025-08-27 04:00:00,0.409315,20.0,0.44917783993361565
2025-08-27 08:00:00,0.317135,20.0,0.32376605701337324
2025-08-27 12:00:00,0.24691000000000002,20.0,0.3165111160866217
2025-08-27 16:00:00,-0.014499999999999999,20.0,0.015473394918678728
2025-08-27 20:00:00,0.32443,20.0,0.31178106019536644
2025-08-28 00:00:00,0.42849000000000004,20.0,0.4090818190591074
2025-08-28 04:00:00,0.516015,20.0,0.4998321607812767
2025-08-28 08:00:00,0.15025999999999998,20.0,0.06347821222907878
2025-08-28 12:00:00,0.314455,20.0,0.32620689060188157
2025-08-28 16:00:00,0.4360200000000001,20.0,0.5006561436342625
2025-08-28 20:00:00,0.12945500000000001,20.0,0.15721542414036188
2025-08-29 00:00:00,0.336515,20.0,0.3689511113871277
2025-08-29 04:00:00,0.11581500000000003,20.0,0.07636466522270628
2025-08-29 08:00:00,0.14187,20.0,0.10439287882753209
2025-08-29 12:00:00,0.266215,20.0,0.2732374019909294
2025-08-29 16:00:00,0.19607999999999998,20.0,0.19735059805082897
2025-08-29 20:00:00,0.35802999999999996,20.0,0.34350013189998546
2025-08-30 00:00:00,0.37238999999999994,20.0,0.27426287188802406
2025-08-30 04:00:00,0.453665,20.0,0.5042064589415683
2025-08-30 08:00:00,0.30208,20.0,0.34745848880342206
2025-08-30 12:00:00,0.18364999999999998,20.0,0.17674930556999394
2025-08-30 16:00:00,0.470345,20.0,0.451799484889778
2025-08-30 20:00:00,0.276705,20.0,0.2565473439264435
2025-08-31 00:00:00,0.4074,20.0,0.4504474641918252
2025-08-31 04:00:00,0.49846500000000005,20.0,0.5441225092270894
2025-08-31 08:00:00,0.35725999999999997,20.0,0.3061656800906496
2025-08-31 12:00:00,0.25928,20.0,0.2511339490070468
2025-08-31 16:00:00,0.31367,20.0,0.33547029164927905
2025-08-31 20:00:00,0.30453,20.0,0.28753524008829834
2025-09-01 00:00:00,0.07677499999999998,20.0,0.056564468060578355
2025-09-01 04:00:00,0.32714000000000004,20.0,0.34888601285499216
2025-09-01 08:00:00,0.36102,20.0,0.41696411659155597
2025-09-01 12:00:00,0.2618750000000001,20.0,0.3683485359348778
2025-09-01 16:00:00,0.371695,20.0,0.3229528607267893
2025-09-01 20:00:00,0.2422473684210526,19.0,0.25368195067808536
2025-09-02 00:00:00,0.166185,20.0,0.19952452891639139
2025-09-02 04:00:00,0.309525,20.0,0.38533655285563123
2025-09-02 08:00:00,0.07993000000000001,20.0,0.07243865744170952
2025-09-02 12:00:00,0.3051450000000001,20.0,0.26008961891188187
2025-09-02 16:00:00,0.39808000000000004,20.0,0.38014295991306785
2025-09-02 20:00:00,0.24572500000000003,20.0,0.2728526353216325
2025-09-03 00:00:00,0.21861052631578942,19.0,0.20954812058894176
2025-09-03 04:00:00,0.554895,20.0,0.6502153972041558
2025-09-03 08:00:00,0.4985900000000001,20.0,0.4967430698121136
2025-09-03 12:00:00,0.28511000000000003,20.0,0.2887379706917061
2025-09-03 16:00:00,0.35242000000000007,20.0,0.40191494977656095
2025-09-03 20:00:00,0.33463,20.0,0.30987827241029076
2025-09-04 00:00:00,0.327345,20.0,0.361191540368006
2025-09-04 04:00:00,0.567135,20.0,0.5462225263981229
2025-09-04 08:00:00,0.281665,20.0,0.31670245103407796
2025-09-04 12:00:00,0.14567000000000002,20.0,0.11044503936123409
2025-09-04 16:00:00,0.28518,20.0,0.3078529520607636
2025-09-05 00:00:00,0.329255,20.0,0.3973893241701145
2025-09-05 04:00:00,0.36173,20.0,0.35081993164537517
2025-09-05 08:00:00,0.26573499999999994,20.0,0.26628858184938853
2025-09-05 12:00:00,0.40682999999999997,20.0,0.4027829819644163
2025-09-05 16:00:00,0.467278947368421,19.0,0.4758824719261856
2025-09-05 20:00:00,0.41042999999999996,20.0,0.3627473144124469
2025-09-06 00:00:00,0.26193,20.0,0.24020762725443764
2025-09-06 04:00:00,0.41048999999999997,20.0,0.3205814906657082
2025-09-06 08:00:00,0.4851,20.0,0.4848136916190301
2025-09-06 12:00:00,0.0021600000000000035,20.0,0.011548450178131435
2025-09-06 16:00:00,0.26444500000000004,20.0,0.2376953354924474
2025-09-06 20:00:00,0.41233999999999993,20.0,0.39348720335568377
2025-09-07 00:00:00,0.326685,20.0,0.3463401586606215
2025-09-07 04:00:00,0.30729,20.0,0.3236484923789815
2025-09-07 08:00:00,0.343875,20.0,0.3425890803811128
2025-09-07 12:00:00,0.06742999999999999,20.0,-0.004113023932105802
2025-09-07 16:00:00,0.20463499999999998,20.0,0.2372717118530137
2025-09-07 20:00:00,0.37404500000000007,20.0,0.3770014545040736
2025-09-08 00:00:00,0.30712105263157896,19.0,0.27264455891066125
2025-09-08 04:00:00,0.2852100000000001,20.0,0.2788287853490308
2025-09-08 08:00:00,0.26698000000000005,20.0,0.24914087424391623
2025-09-08 12:00:00,0.434525,20.0,0.29916565130491596
2025-09-08 16:00:00,0.377615,20.0,0.44697591799298053
2025-09-08 20:00:00,0.16355499999999998,20.0,0.2005962890717173
2025-09-09 00:00:00,0.15748421052631578,19.0,0.15970558397861356
2025-09-09 04:00:00,0.48447499999999993,20.0,0.48398903440880287
2025-09-09 08:00:00,0.38917999999999997,20.0,0.393614047636799
2025-09-09 12:00:00,0.27424,20.0,0.3520305334769801
2025-09-09 16:00:00,0.22464999999999996,20.0,0.2849720793802858
2025-09-09 20:00:00,0.23512000000000005,20.0,0.15275179692885044
2025-09-10 00:00:00,0.22726000000000007,20.0,0.3167556577705396
2025-09-10 04:00:00,0.5314750000000001,20.0,0.5851179726156623
2025-09-10 08:00:00,0.235675,20.0,0.23048823308386457
2025-09-10 12:00:00,0.30097999999999997,20.0,0.2381539445329142
2025-09-10 16:00:00,0.50599,20.0,0.4726186041730906
2025-09-10 20:00:00,0.27365,20.0,0.300847996544225
2025-09-11 00:00:00,0.3978052631578948,19.0,0.39242952965366923
2025-09-11 04:00:00,0.33574,20.0,0.30725063836918765
2025-09-11 08:00:00,0.40924000000000005,20.0,0.45168610557298483
2025-09-11 12:00:00,0.24602000000000004,20.0,0.24264342324211283
2025-09-11 16:00:00,0.417265,20.0,0.3786215239767756
2025-09-11 20:00:00,0.23095,20.0,0.19674623804188573
2025-09-12 00:00:00,0.328445,20.0,0.21446767042252166
2025-09-12 04:00:00,0.35337499999999994,20.0,0.3949121116699547
2025-09-12 08:00:00,0.137835,20.0,0.19869613385169285
2025-09-12 12:00:00,0.30909,20.0,0.30738872468751705
2025-09-12 16:00:00,0.320015,20.0,0.26337975481154574
2025-09-12 20:00:00,0.07558421052631577,19.0,0.08022920617118731
2025-09-13 00:00:00,0.39282999999999996,20.0,0.42617162089554045
2025-09-13 04:00:00,0.48142499999999994,20.0,0.5085768978342903
2025-09-13 08:00:00,0.32592,20.0,0.3502606279985442
2025-09-13 12:00:00,0.397475,20.0,0.42232394983843663
2025-09-13 16:00:00,0.21544499999999994,20.0,0.14686254246163968
2025-09-13 20:00:00,0.319245,20.0,0.4359749631070752
2025-09-14 00:00:00,0.42419,20.0,0.4463650971214121
2025-09-14 04:00:00,0.39166999999999996,20.0,0.5138624191669902
2025-09-14 08:00:00,0.37753000000000003,20.0,0.4404248432205594
2025-09-14 12:00:00,0.42946,20.0,0.3968828693566367
2025-09-14 16:00:00,0.36343000000000003,20.0,0.38722885840511195
2025-09-14 20:00:00,0.42565,20.0,0.4647228257378037
2025-09-15 00:00:00,0.102555,20.0,0.07624646578634971
2025-09-15 04:00:00,0.45565500000000003,20.0,0.43770128939522557
2025-09-15 08:00:00,0.17939500000000003,20.0,0.23250196035279572
2025-09-15 12:00:00,0.20222500000000002,20.0,0.16880684056687334
2025-09-15 16:00:00,0.159555,20.0,0.2161034944920125
2025-09-15 20:00:00,0.44879499999999994,20.0,0.43632546863333616
2025-09-16 00:00:00,0.43610999999999994,20.0,0.4508652510803159
2025-09-16 04:00:00,0.68787,20.0,0.6425316595887117
2025-09-16 08:00:00,0.5210250000000001,20.0,0.5034254971522245
2025-09-16 12:00:00,0.22270500000000001,20.0,0.21713458046160494
2025-09-16 16:00:00,0.30139499999999997,20.0,0.28166534811623734
2025-09-16 20:00:00,0.12559499999999998,20.0,0.17362005467406927
2025-09-17 00:00:00,0.35205000000000003,20.0,0.45551058524633925
2025-09-17 04:00:00,0.5042150000000001,20.0,0.5934085955969965
2025-09-17 08:00:00,0.36735,20.0,0.33246801996954606
2025-09-17 12:00:00,0.32139,20.0,0.3425551523873484
2025-09-17 16:00:00,0.49726499999999996,20.0,0.472876895978031
2025-09-17 20:00:00,0.27551500000000007,20.0,0.28630141171113055
2025-09-18 00:00:00,0.22694,20.0,0.2029901770977652
2025-09-18 04:00:00,0.45253999999999994,20.0,0.43768277951061846
2025-09-18 08:00:00,0.271155,20.0,0.31184947225390053
2025-09-18 12:00:00,0.237425,20.0,0.23807273821971578
2025-09-18 16:00:00,0.256505,20.0,0.29583986210441826
2025-09-18 20:00:00,0.3599800000000001,20.0,0.38288704272835644
2025-09-19 00:00:00,0.261915,20.0,0.2764659654051955
2025-09-19 04:00:00,0.37096,20.0,0.4242737440302504
2025-09-19 08:00:00,0.25357,20.0,0.2937530190419055
2025-09-19 12:00:00,0.480985,20.0,0.4687756014922342
2025-09-19 16:00:00,0.45036,20.0,0.49095084099522
2025-09-19 20:00:00,0.14864,20.0,0.10878706278036855
2025-09-20 00:00:00,0.382865,20.0,0.34828653903302653
2025-09-20 08:00:00,0.36291,20.0,0.35080393300254886
2025-09-20 12:00:00,0.419625,20.0,0.4132953560293926
2025-09-20 16:00:00,0.4991649999999999,20.0,0.5475491600598015
2025-09-20 20:00:00,0.09677500000000001,20.0,0.10731021607229052
2025-09-21 00:00:00,0.131265,20.0,0.169658079158289
2025-09-21 04:00:00,0.3094450000000001,20.0,0.3130842408573846
2025-09-21 08:00:00,0.260715,20.0,0.2535726114836608
2025-09-21 12:00:00,0.336325,20.0,0.34187213125566823
2025-09-21 16:00:00,0.5876100000000001,20.0,0.6494308133079919
2025-09-21 20:00:00,0.28662,20.0,0.3076612644283094
2025-09-22 00:00:00,0.25338,20.0,0.230995857893443
2025-09-22 04:00:00,0.3211,20.0,0.4053056491274324
2025-09-22 08:00:00,0.35194000000000003,20.0,0.26415541097163653
2025-09-22 12:00:00,0.20852500000000002,20.0,0.25886452104874846
2025-09-22 16:00:00,0.22739500000000007,20.0,0.22522698330390664
2025-09-22 20:00:00,0.054904999999999995,20.0,0.14051321966808886
2025-09-23 00:00:00,0.29137500000000005,20.0,0.3074189664797805
2025-09-23 04:00:00,0.39036499999999996,20.0,0.38819901138713825
2025-09-23 08:00:00,0.292335,20.0,0.2906613283496262
2025-09-23 12:00:00,0.32510999999999995,20.0,0.3754682049855442
2025-09-23 16:00:00,0.43681000000000003,20.0,0.4861084656583188
2025-09-23 20:00:00,0.339225,20.0,0.2748787517682657
2025-09-24 00:00:00,0.4876849999999999,20.0,0.5197212617797219
2025-09-24 04:00:00,0.5682600000000001,20.0,0.5703362824762337
2025-09-24 08:00:00,0.26408,20.0,0.26188615721286906
2025-09-24 12:00:00,0.17657,20.0,0.20631773233983206
2025-09-24 16:00:00,0.255865,20.0,0.22376058185736422
2025-09-24 20:00:00,0.366455,20.0,0.4091205301745302
2025-09-25 00:00:00,0.38053,20.0,0.3619590445170995
2025-09-25 04:00:00,0.5552699999999999,20.0,0.5710516729001193
2025-09-25 08:00:00,0.38553500000000007,20.0,0.4117559315850912
2025-09-25 12:00:00,0.35981500000000005,20.0,0.33201663640998214
2025-09-25 16:00:00,0.3217,20.0,0.36402151794946547
2025-09-25 20:00:00,0.192645,20.0,0.21305477634460937
2025-09-26 00:00:00,0.21477500000000002,20.0,0.21305497175647814
2025-09-26 04:00:00,0.077815,20.0,0.03700775348857095
2025-09-26 08:00:00,0.24441499999999997,20.0,0.24226771000139044
2025-09-26 12:00:00,0.29866,20.0,0.3412759997130868
2025-09-26 16:00:00,0.40492,20.0,0.4011380641166146
2025-09-26 20:00:00,0.23933,20.0,0.2690229086793377
2025-09-27 00:00:00,0.21906499999999998,20.0,0.15106296926333893
2025-09-27 04:00:00,0.2857,20.0,0.32736701258120965
2025-09-27 08:00:00,0.38551,20.0,0.40100830607868976
2025-09-27 12:00:00,0.262425,20.0,0.3375335420123299
2025-09-27 16:00:00,0.47009999999999996,20.0,0.45946968114154857
2025-09-27 20:00:00,0.37993999999999994,20.0,0.4204132883233708
2025-09-28 00:00:00,0.07654999999999998,20.0,0.11923416028966294
2025-09-28 04:00:00,0.471645,20.0,0.5451886468913548
2025-09-28 08:00:00,0.21646,20.0,0.18827641527603128
2025-09-28 12:00:00,0.15382500000000002,20.0,0.14491105856706374
2025-09-28 16:00:00,0.31465,20.0,0.24121648505033283
2025-09-28 20:00:00,0.2555650000000001,20.0,0.29278064364290257
2025-09-29 00:00:00,0.24822499999999997,20.0,0.22774884211181728
2025-09-29 04:00:00,0.36916,20.0,0.37725617695638586
2025-09-29 08:00:00,0.53739,20.0,0.5596865273115658
2025-09-29 12:00:00,0.25545999999999996,20.0,0.2528142049769262
2025-09-29 16:00:00,0.19216,20.0,0.1323174175264876
2025-09-29 20:00:00,0.33996,20.0,0.3648753766414706
2025-09-30 00:00:00,0.31845789473684216,19.0,0.3386343537394469
2025-09-30 04:00:00,0.3928,20.0,0.47067198532714477
2025-09-30 08:00:00,0.32314999999999994,20.0,0.34100571881136654
2025-09-30 12:00:00,0.29952999999999996,20.0,0.37408316521368024
2025-09-30 16:00:00,0.34280000000000005,20.0,0.34362136631341095
2025-09-30 20:00:00,0.338825,20.0,0.3047522231741071
2025-10-01 00:00:00,0.35270999999999997,20.0,0.3890974279135961
2025-10-01 04:00:00,0.58899,20.0,0.5575026379067737
2025-10-01 08:00:00,0.47495000000000004,20.0,0.48203073881952224
2025-10-01 12:00:00,0.26288,20.0,0.27879894402968136
2025-10-01 16:00:00,0.35899000000000003,20.0,0.38689654052633554
2025-10-01 20:00:00,0.168225,20.0,0.1727133246758456
2025-10-02 00:00:00,0.24606499999999998,20.0,0.22726234678971857
2025-10-02 04:00:00,0.362315,20.0,0.36900618961054354
2025-10-02 08:00:00,0.48315,20.0,0.47699684628442923
2025-10-02 12:00:00,0.217895,20.0,0.15694153523975793
2025-10-02 16:00:00,0.32323,20.0,0.33591052763608986
2025-10-02 20:00:00,0.33175499999999997,20.0,0.3331498221506499
2025-10-03 00:00:00,0.295545,20.0,0.29042150916784204
2025-10-03 04:00:00,0.1742263157894737,19.0,0.1878220170573149
2025-10-03 08:00:00,0.4545350000000001,20.0,0.4654117312177055
2025-10-03 12:00:00,0.191,20.0,0.1043766720375782
2025-10-03 16:00:00,0.523275,20.0,0.5038062614144951
2025-10-03 20:00:00,0.31731,20.0,0.3120093029200774
2025-10-04 00:00:00,0.35166000000000003,20.0,0.36214482879452975
2025-10-04 04:00:00,0.528925,20.0,0.5123721657302088
2025-10-04 08:00:00,0.38394500000000004,20.0,0.4219577618583628
2025-10-04 12:00:00,0.38631000000000004,20.0,0.3178200721485872
2025-10-04 16:00:00,0.33758999999999995,20.0,0.4516650494282394
2025-10-04 20:00:00,0.263515,20.0,0.17026032663338173
2025-10-05 00:00:00,0.23515500000000006,20.0,0.11966629748193415
2025-10-05 04:00:00,0.37256999999999996,20.0,0.44826622384125403
2025-10-05 08:00:00,0.258285,20.0,0.2714375834878571
2025-10-05 12:00:00,0.22325,20.0,0.2648372981174083
2025-10-05 16:00:00,0.25929500000000005,20.0,0.29696346795623113
2025-10-05 20:00:00,0.310255,20.0,0.33433885250171674
2025-10-06 00:00:00,0.384135,20.0,0.38738591552281076
2025-10-06 04:00:00,0.58068,20.0,0.6337604816157694
2025-10-06 08:00:00,0.45031052631578944,19.0,0.35880109946806593
2025-10-06 12:00:00,0.47497000000000006,20.0,0.44145785975392093
2025-10-06 16:00:00,0.46435499999999996,20.0,0.42705485178564007
2025-10-06 20:00:00,0.2651,20.0,0.24092148781559863
2025-10-07 00:00:00,0.33907,20.0,0.37766842630367564
2025-10-07 04:00:00,0.6159899999999999,20.0,0.6176870451577696
2025-10-07 08:00:00,0.25785,20.0,0.3164782572165877
2025-10-07 12:00:00,0.3745050000000001,20.0,0.41447350913103137
2025-10-07 16:00:00,0.3067000000000001,20.0,0.3253580057688177
2025-10-07 20:00:00,0.34249,20.0,0.33332284563123565
2025-10-08 00:00:00,0.17763500000000002,20.0,0.08425049656179641
2025-10-08 04:00:00,0.5459649999999999,20.0,0.5808779449188961
2025-10-08 08:00:00,0.22688499999999995,20.0,0.21229490991441513
2025-10-08 12:00:00,0.34139,20.0,0.28424526751197626
2025-10-08 16:00:00,0.28234000000000004,20.0,0.22021085430008627
2025-10-08 20:00:00,0.31057999999999997,20.0,0.33847639075982083
2025-10-09 00:00:00,0.501395,20.0,0.5083148182406808
2025-10-09 04:00:00,0.5112,20.0,0.45804128788952836
2025-10-09 08:00:00,0.22702,20.0,0.19080117986324555
2025-10-09 12:00:00,0.431165,20.0,0.43242260821880907
2025-10-09 16:00:00,0.25673999999999997,20.0,0.23288571221855653
2025-10-09 20:00:00,0.40847,20.0,0.4510721413735122
2025-10-10 00:00:00,0.33425999999999995,20.0,0.432673889853575
2025-10-10 04:00:00,0.4382400000000001,20.0,0.5216478164999728
2025-10-10 08:00:00,0.35849000000000003,20.0,0.4126489492675542
2025-10-10 12:00:00,0.237765,20.0,0.18840840358330832
2025-10-10 16:00:00,0.61376,20.0,0.6112189195522648
2025-10-10 20:00:00,0.352215,20.0,0.3813857292952517
2025-10-11 00:00:00,0.33165999999999995,20.0,0.3992081351013113
2025-10-11 04:00:00,0.2672,20.0,0.30172578014135537
2025-10-11 08:00:00,0.16553999999999996,20.0,0.17688456332872157
2025-10-11 12:00:00,0.202185,20.0,0.21930936076147126
2025-10-11 16:00:00,0.37320499999999995,20.0,0.37677436567721556
2025-10-11 20:00:00,0.22366000000000003,20.0,0.20378761386030217
2025-10-12 00:00:00,0.09458000000000001,20.0,0.11399037289679652
2025-10-12 04:00:00,0.481525,20.0,0.5135981031493415
2025-10-12 08:00:00,0.19721000000000002,20.0,0.24376670480549198
2025-10-12 12:00:00,-0.019880000000000002,20.0,-0.0012424569679828524
2025-10-12 16:00:00,0.07778499999999998,20.0,0.07273692017259979
2025-10-12 20:00:00,0.27503500000000003,20.0,0.26688232591758926
2025-10-13 00:00:00,0.16894500000000004,20.0,0.16000720905627222
2025-10-13 04:00:00,0.36279999999999996,19.0,0.33385033686058013
2025-10-13 08:00:00,0.29069500000000004,20.0,0.270765916828638
2025-10-13 12:00:00,0.472215,20.0,0.5444082078938242
2025-10-13 16:00:00,0.29029999999999995,20.0,0.3252038453395781
2025-10-13 20:00:00,0.222255,20.0,0.16956988741933793
2025-10-14 00:00:00,0.3758,20.0,0.39692680581996204
2025-10-14 04:00:00,0.5610999999999999,20.0,0.5777071419169222
2025-10-14 08:00:00,0.19166,20.0,0.21249189270286642
2025-10-14 12:00:00,0.42572,20.0,0.42283975515773914
2025-10-14 16:00:00,0.240125,20.0,0.2743598519399828
2025-10-14 20:00:00,0.250665,20.0,0.33582678141118827
2025-10-15 00:00:00,0.39368500000000006,20.0,0.4344313030214383
2025-10-15 04:00:00,0.5707600000000002,20.0,0.5245539859838275
2025-10-15 08:00:00,0.32480000000000003,20.0,0.33773032493453703
2025-10-15 12:00:00,0.22990500000000003,20.0,0.2836444651505635
2025-10-15 16:00:00,0.47917000000000004,20.0,0.4644153166150998
2025-10-15 20:00:00,0.23746,20.0,0.19333226076033733
2025-10-16 00:00:00,0.18079499999999998,20.0,0.22098590759430597
2025-10-16 04:00:00,0.041195000000000016,20.0,0.09422631551698478
2025-10-16 08:00:00,0.24145,20.0,0.24209219446579552
2025-10-16 12:00:00,0.35488,20.0,0.37052781042916766
2025-10-16 16:00:00,0.25815,20.0,0.22772446068991148
2025-10-16 20:00:00,0.27294500000000005,20.0,0.24322502079831573
2025-10-17 00:00:00,0.13782,20.0,0.11091050655757428
2025-10-17 04:00:00,0.50186,20.0,0.5968004880525855
2025-10-17 08:00:00,0.31111,20.0,0.3018157141904679
2025-10-17 12:00:00,0.2679,20.0,0.281019968439226
2025-10-17 16:00:00,0.360755,20.0,0.3691641067978721
2025-10-17 20:00:00,0.25023684210526315,19.0,0.21565358261345816
2025-10-18 00:00:00,0.021185000000000002,20.0,0.05480734918925049
2025-10-18 04:00:00,0.47955499999999995,20.0,0.4898325024665085
2025-10-18 08:00:00,0.41142,20.0,0.3503472532201153
2025-10-18 12:00:00,0.24241000000000001,20.0,0.3408281730230986
2025-10-18 16:00:00,0.27530000000000004,20.0,0.2586774343287034
2025-10-18 20:00:00,0.26430000000000003,20.0,0.2966068101054316
2025-10-19 00:00:00,0.325025,20.0,0.36326898277823155
2025-10-19 04:00:00,0.443495,20.0,0.5124482651766141
2025-10-19 08:00:00,0.16805,20.0,0.17472936068935674
2025-10-19 12:00:00,0.432765,20.0,0.4343562709125996
2025-10-19 16:00:00,0.38036000000000003,20.0,0.4067560662923199
2025-10-19 20:00:00,0.12703000000000003,20.0,0.0888514272787987
2025-10-20 00:00:00,0.14626,20.0,0.0469834078884193
2025-10-20 04:00:00,0.40596000000000004,20.0,0.3907728576193388
2025-10-20 08:00:00,0.059405,20.0,0.10672351390468313
2025-10-20 12:00:00,0.15194000000000002,20.0,0.1492179848542295
2025-10-20 16:00:00,0.2874649999999999,20.0,0.2822962541257551
2025-10-20 20:00:00,0.22327500000000003,20.0,0.27307513161834757
2025-10-21 00:00:00,0.31934500000000005,20.0,0.3730220134416966
2025-10-21 04:00:00,0.40264999999999995,20.0,0.5100128579186877
2025-10-21 08:00:00,0.10956499999999998,20.0,0.1126458521817454
2025-10-21 12:00:00,0.35181500000000004,20.0,0.3628124636205968
2025-10-21 16:00:00,0.285655,20.0,0.31266194120824753
2025-10-21 20:00:00,0.45017000000000007,20.0,0.4626327098634408
2025-10-22 00:00:00,0.26028,20.0,0.23393722678037907
2025-10-22 04:00:00,0.36463999999999996,20.0,0.4084594992007055
2025-10-22 08:00:00,0.516575,20.0,0.5202876213376079
2025-10-22 12:00:00,0.340085,20.0,0.36212914314126293
2025-10-22 16:00:00,0.42452000000000006,20.0,0.46683632081650195
2025-10-22 20:00:00,0.3850999999999999,20.0,0.4542757549432739
2025-10-23 00:00:00,0.38031000000000004,20.0,0.3845607799429686
2025-10-23 04:00:00,0.45199999999999996,20.0,0.48404736058027614
2025-10-23 08:00:00,0.286205,20.0,0.29637094370721706
2025-10-23 12:00:00,0.24513,20.0,0.26441875339659704
2025-10-23 16:00:00,0.17331000000000002,20.0,0.16542396004863105
2025-10-23 20:00:00,0.318025,20.0,0.3851257398335404
2025-10-24 00:00:00,0.32547500000000007,20.0,0.24116083247845704
2025-10-24 04:00:00,0.49946999999999997,20.0,0.5946317325928702
2025-10-24 08:00:00,0.21632,20.0,0.31282195851195954
2025-10-24 12:00:00,0.26735000000000003,20.0,0.26472401600140044
2025-10-24 16:00:00,0.558225,20.0,0.576042263556661
2025-10-24 20:00:00,0.27112,20.0,0.28352170335290383
2025-10-25 00:00:00,0.33655999999999997,20.0,0.3766948232624112
2025-10-25 04:00:00,0.42437,20.0,0.4333372854838288
2025-10-25 08:00:00,0.37880500000000006,20.0,0.3724228840914608
2025-10-25 12:00:00,0.18502,20.0,0.16395488479286116
2025-10-25 16:00:00,0.14697500000000002,20.0,0.11228269234511208
2025-10-25 20:00:00,0.15464,20.0,0.0412768202836346
2025-10-26 00:00:00,0.27927500000000005,20.0,0.30153525616574217
2025-10-26 04:00:00,0.57697,20.0,0.6188133983759854
2025-10-26 08:00:00,0.318065,20.0,0.2922597206561995
2025-10-26 12:00:00,0.5797450000000001,20.0,0.5426725305492083
2025-10-26 16:00:00,0.42939499999999997,20.0,0.46332289497910917
2025-10-26 20:00:00,0.34101499999999996,20.0,0.4628169304376698
2025-10-27 00:00:00,0.17053000000000001,20.0,0.2094452696698723
2025-10-27 04:00:00,0.7292150000000001,20.0,0.727988197049892
2025-10-27 08:00:00,0.23288000000000003,20.0,0.2735482902289652
2025-10-27 12:00:00,0.35093,20.0,0.39209638010843384
2025-10-27 16:00:00,0.4995900000000001,20.0,0.5281470791776918
2025-10-27 20:00:00,0.5084249999999999,20.0,0.5459157940209122
2025-10-28 00:00:00,0.354455,20.0,0.4081910484297964
2025-10-28 04:00:00,0.4681100000000001,20.0,0.48790175500844674
2025-10-28 08:00:00,0.26021500000000003,20.0,0.2541584515245945
2025-10-28 12:00:00,0.14751499999999998,20.0,0.06755604961406736
2025-10-28 16:00:00,0.42401999999999995,20.0,0.42779363774689655
2025-10-28 20:00:00,0.253295,20.0,0.20453052054513776
2025-10-29 00:00:00,0.574985,20.0,0.6193448607260605
2025-10-29 04:00:00,0.35241,20.0,0.2944911627977178
2025-10-29 08:00:00,0.298445,20.0,0.3483827558043237
2025-10-29 12:00:00,0.2582,20.0,0.2346022769347458
2025-10-29 16:00:00,0.34107499999999996,20.0,0.4173800069330098
2025-10-29 20:00:00,0.28247000000000005,20.0,0.29346300611124004
2025-10-30 00:00:00,0.2976,20.0,0.30934109768270746
2025-10-30 04:00:00,0.568275,20.0,0.5612307741556151
2025-10-30 08:00:00,0.35622000000000004,20.0,0.3943599498942211
2025-10-30 12:00:00,0.30354499999999995,20.0,0.2798856425625036
2025-10-30 16:00:00,0.5773750000000001,20.0,0.5907027780471719
2025-10-30 20:00:00,0.06547499999999999,20.0,0.1420810962791221
2025-10-31 00:00:00,0.4813249999999999,20.0,0.5688097126458815
2025-10-31 04:00:00,0.68286,20.0,0.7407486424378898
2025-10-31 08:00:00,0.4379799999999999,20.0,0.48540378356069647
2025-10-31 12:00:00,0.37628000000000006,20.0,0.35305617808879086
2025-10-31 16:00:00,0.51971,20.0,0.6117289917501157
2025-10-31 20:00:00,0.41658999999999996,20.0,0.4879969515465761
2025-11-01 00:00:00,0.49638,20.0,0.4196195714346695
2025-11-01 04:00:00,0.349725,20.0,0.3634236301465586
2025-11-01 08:00:00,0.3690736842105263,19.0,0.41913785332673603
2025-11-01 12:00:00,0.287975,20.0,0.40688619452273106
2025-11-01 16:00:00,0.50919,20.0,0.5321957816587272
2025-11-01 20:00:00,0.376065,20.0,0.4119133165577163
2025-11-02 00:00:00,0.41518999999999995,20.0,0.4816864111663679
2025-11-02 04:00:00,0.42303500000000005,20.0,0.3809896772911533
2025-11-02 08:00:00,0.13293,20.0,0.06395793993688714
2025-11-02 12:00:00,0.393215,20.0,0.4501203846174729
2025-11-02 16:00:00,0.5190750000000001,20.0,0.5399643129479192
2025-11-02 20:00:00,0.30556,20.0,0.32159089526697526
2025-11-03 00:00:00,-0.020455,20.0,-0.05124078631185475
2025-11-03 04:00:00,0.47792500000000004,20.0,0.4568037992193126
2025-11-03 08:00:00,0.51137,20.0,0.5794337366512281
2025-11-03 12:00:00,0.156765,20.0,0.2292114336128612
2025-11-03 16:00:00,0.415705,20.0,0.43265218267429495
2025-11-03 20:00:00,0.182685,20.0,0.27766458042908615
2025-11-04 00:00:00,0.5112749999999999,20.0,0.5199234134834881
2025-11-04 04:00:00,0.4037400000000001,20.0,0.384432296928628
2025-11-04 08:00:00,0.30951,20.0,0.302929955408858
2025-11-04 12:00:00,0.25517999999999996,20.0,0.2424552894603978
2025-11-04 16:00:00,0.45058499999999996,20.0,0.457150171700511
2025-11-04 20:00:00,0.242585,20.0,0.2433680367412065
2025-11-05 00:00:00,0.249085,20.0,0.2257221671557765
2025-11-05 04:00:00,0.612615,20.0,0.7065920287462444
2025-11-05 08:00:00,0.5731550000000001,20.0,0.5391691614870281
2025-11-05 12:00:00,0.32915,20.0,0.34527792548696495
2025-11-05 16:00:00,0.4338,20.0,0.4534039609862295
2025-11-05 20:00:00,0.23821999999999996,20.0,0.17432024403323323
2025-11-06 00:00:00,0.14498,20.0,0.10013634989527324
2025-11-06 04:00:00,0.7901,20.0,0.8032462023036353
2025-11-06 08:00:00,0.358615,20.0,0.3717712742191681
2025-11-06 12:00:00,0.15528999999999998,20.0,0.16332260137707097
2025-11-06 16:00:00,0.32455,20.0,0.3256659123472398
2025-11-06 20:00:00,0.36571000000000004,20.0,0.34127817584989056
2025-11-07 00:00:00,0.2763650000000001,20.0,0.27031649675714625
2025-11-07 04:00:00,0.49374499999999993,20.0,0.4793655238480228
2025-11-07 08:00:00,0.10127999999999997,20.0,0.06989941419803226
2025-11-07 12:00:00,0.32937500000000003,20.0,0.3773949567222724
2025-11-07 16:00:00,0.158115,20.0,0.13906508135522383
2025-11-07 20:00:00,0.23076500000000003,20.0,0.25874322545623113
2025-11-08 00:00:00,0.34397999999999995,20.0,0.3307909690731779
2025-11-08 04:00:00,0.433805,20.0,0.48518789218405045
2025-11-08 08:00:00,0.42703500000000005,20.0,0.49516340677114673
2025-11-08 12:00:00,0.38571,20.0,0.3658300699941459
2025-11-08 16:00:00,0.54745,20.0,0.49858770417576675
2025-11-08 20:00:00,0.23654499999999995,20.0,0.2880052213036596
2025-11-09 00:00:00,0.37382,20.0,0.4017008804308364
2025-11-09 04:00:00,0.37126,20.0,0.41196746824218833
2025-11-09 08:00:00,0.42306999999999995,20.0,0.35337674864124646
2025-11-09 12:00:00,0.42147000000000007,20.0,0.44263842303066747
2025-11-09 16:00:00,0.32186,20.0,0.33086347232664387
2025-11-09 20:00:00,0.4070250000000001,20.0,0.39996564934998613
2025-11-10 00:00:00,0.36573999999999995,20.0,0.37013178925652623
2025-11-10 04:00:00,0.20969499999999996,20.0,0.20253053608108743
2025-11-10 08:00:00,0.12057500000000002,20.0,0.21636115549738597
2025-11-10 12:00:00,0.47187,20.0,0.4745179210951941
2025-11-10 16:00:00,0.34858,20.0,0.3180258939387461
2025-11-10 20:00:00,0.23022499999999999,20.0,0.2738771516944594
2025-11-11 00:00:00,0.180775,20.0,0.11648897424231816
2025-11-11 04:00:00,0.34595000000000004,20.0,0.35722260703908043
2025-11-11 08:00:00,0.202865,20.0,0.2207898059278262
2025-11-11 12:00:00,0.33084499999999994,20.0,0.35918399806550744
2025-11-11 16:00:00,0.43397499999999994,20.0,0.38889462553119486
2025-11-11 20:00:00,0.32500500000000004,20.0,0.20213309628621
2025-11-12 00:00:00,0.13691499999999998,20.0,0.18258345124494546
2025-11-12 04:00:00,0.30451,20.0,0.3855554263822589
2025-11-12 08:00:00,0.36817,20.0,0.3750215245100791
2025-11-12 12:00:00,0.271645,20.0,0.23967844287869078
2025-11-12 16:00:00,0.12699,20.0,0.09112004682500455
2025-11-12 20:00:00,0.12873,20.0,0.19088499009568047
2025-11-13 00:00:00,0.28088,20.0,0.16884493922971452
2025-11-13 04:00:00,0.5415850000000001,20.0,0.55730882490021
2025-11-13 08:00:00,0.29939499999999997,20.0,0.36983670719023504
2025-11-13 12:00:00,0.27771,20.0,0.22485024469365655
2025-11-13 16:00:00,0.10641500000000001,20.0,0.10035232902134163
2025-11-13 20:00:00,0.22167500000000007,20.0,0.24902379523213472
2025-11-14 00:00:00,0.099245,20.0,0.11704634832995078
2025-11-14 04:00:00,0.06536499999999998,20.0,0.01689199563398215
2025-11-14 08:00:00,0.246645,20.0,0.25669649577656917
2025-11-14 12:00:00,0.262185,20.0,0.29174366047190486
2025-11-14 16:00:00,0.17487999999999998,20.0,0.11790224220607574
2025-11-14 20:00:00,0.107585,20.0,0.11678185942205421
2025-11-15 00:00:00,0.273555,20.0,0.2825261589188132
2025-11-15 04:00:00,0.389865,20.0,0.41700472389677884
2025-11-15 08:00:00,0.18603500000000003,20.0,0.25388126848948994
2025-11-15 12:00:00,0.3311,20.0,0.35999988123104015
2025-11-15 16:00:00,0.18439999999999998,20.0,0.2263232878897344
2025-11-15 20:00:00,0.02123499999999999,20.0,-0.09127373385749583
2025-11-16 00:00:00,0.23916500000000002,20.0,0.2859522790940602
2025-11-16 04:00:00,0.38488500000000003,20.0,0.34197400881487305
2025-11-16 08:00:00,0.43241500000000005,20.0,0.4389582570987556
2025-11-16 12:00:00,0.147205,20.0,0.11792583733302119
2025-11-16 16:00:00,0.36522,20.0,0.40545617161943065
2025-11-16 20:00:00,0.20804499999999998,20.0,0.2564700031615555
2025-11-17 00:00:00,0.22508499999999998,20.0,0.29256892461154377
2025-11-17 04:00:00,0.22116000000000002,20.0,0.23113607050114443
2025-11-17 08:00:00,0.160275,20.0,0.20744143752368455
2025-11-17 12:00:00,0.29582,20.0,0.3589896649111576
2025-11-17 16:00:00,0.06566000000000001,20.0,0.07813266384984982
2025-11-17 20:00:00,0.30772499999999997,20.0,0.37848177874186556
2025-11-18 00:00:00,0.3287300000000001,20.0,0.3508685143859089
2025-11-18 04:00:00,0.401495,20.0,0.39608043650334
2025-11-18 08:00:00,0.28015500000000004,20.0,0.27359973992317166
2025-11-18 12:00:00,0.11495999999999999,20.0,0.12416312467980065
2025-11-18 16:00:00,0.33371000000000006,20.0,0.34425620199337775
2025-11-18 20:00:00,0.31097499999999995,20.0,0.353964970409758
2025-11-19 00:00:00,0.304725,20.0,0.3854017064492907
2025-11-19 04:00:00,0.36887499999999995,20.0,0.46470165668759045
2025-11-19 08:00:00,0.406715,20.0,0.44896636147642155
2025-11-19 12:00:00,0.2528,20.0,0.24930466413202565
2025-11-19 16:00:00,0.343815,20.0,0.4163446283133256
2025-11-19 20:00:00,0.34977,20.0,0.3684222097223842
2025-11-20 00:00:00,0.2205,20.0,0.17431053858557938
2025-11-20 04:00:00,0.344245,20.0,0.38140123140334875
2025-11-20 08:00:00,0.27188500000000004,20.0,0.3164717446408063
2025-11-20 12:00:00,0.03862,20.0,0.07944073417708812
2025-11-20 16:00:00,0.140125,20.0,0.13423811215622122
2025-11-20 20:00:00,0.110115,20.0,0.1074280701589037
2025-11-21 00:00:00,0.27012500000000006,20.0,0.24763958673748793
2025-11-21 04:00:00,0.12774000000000002,20.0,0.07431848435418412
2025-11-21 08:00:00,0.14862999999999998,20.0,0.16040071721780527
2025-11-21 12:00:00,0.30807000000000007,20.0,0.28313564638491645
2025-11-21 16:00:00,0.23034500000000002,20.0,0.23249738180440704
2025-11-21 20:00:00,0.13245,20.0,0.13614809318809917
2025-11-22 00:00:00,0.256435,20.0,0.21110572094280278
2025-11-22 04:00:00,0.35964,20.0,0.4141049268141069
2025-11-22 08:00:00,0.24610999999999997,20.0,0.23905613027209505
2025-11-22 12:00:00,0.21648499999999998,20.0,0.1919532128807204
2025-11-22 16:00:00,0.43454000000000004,20.0,0.44442502861380967
2025-11-22 20:00:00,0.22375000000000003,20.0,0.27733544433752977
2025-11-23 00:00:00,0.107995,20.0,0.09187521354941199
2025-11-23 04:00:00,0.32273999999999997,20.0,0.302912175446012
2025-11-23 08:00:00,0.33018000000000003,20.0,0.3115967738220111
2025-11-23 12:00:00,0.387125,20.0,0.34086454295041824
2025-11-23 16:00:00,0.10286,20.0,0.1532408786725054
2025-11-23 20:00:00,0.34345499999999995,20.0,0.36371826481706493
2025-11-24 00:00:00,0.17470500000000005,20.0,0.19991148198780367
2025-11-24 04:00:00,0.469285,20.0,0.5885814854301583
2025-11-24 08:00:00,0.08650500000000001,20.0,-0.0032978025965820263
2025-11-24 12:00:00,0.3497200000000001,20.0,0.29077035510829646
2025-11-24 16:00:00,0.213135,20.0,0.21765566778849202
2025-11-24 20:00:00,0.372865,20.0,0.38826871869524193
2025-11-25 00:00:00,0.1778,20.0,0.15036600795652508
2025-11-25 04:00:00,0.278095,20.0,0.3530782423419539
2025-11-25 08:00:00,0.21238499999999996,20.0,0.2280505037194017
2025-11-25 12:00:00,0.4527749999999999,20.0,0.45581046827031796
2025-11-25 16:00:00,0.302005,20.0,0.27289620432848505
2025-11-25 20:00:00,0.37720499999999996,20.0,0.38414232223305933
2025-11-26 00:00:00,0.15931,20.0,0.1878352335935123
2025-11-26 04:00:00,0.509135,20.0,0.5551944098134035
2025-11-26 08:00:00,0.21845499999999998,20.0,0.21679105829589207
2025-11-26 12:00:00,0.356665,20.0,0.38358589315943525
2025-11-26 16:00:00,0.4524315789473684,19.0,0.48070653885090703
2025-11-26 20:00:00,0.34275,20.0,0.3860940588892607
2025-11-27 00:00:00,0.11470526315789473,19.0,0.0946167145318782
2025-11-27 04:00:00,0.399015,20.0,0.35725097287980734
2025-11-27 08:00:00,0.253555,20.0,0.2764473199137522
2025-11-27 12:00:00,0.42041500000000004,20.0,0.3770381286560298
2025-11-27 16:00:00,0.32394500000000004,20.0,0.2982299397004881
2025-11-27 20:00:00,0.345185,20.0,0.3545519212446787
2025-11-28 00:00:00,0.24650000000000002,20.0,0.3075732790466941
2025-11-28 04:00:00,0.354905,20.0,0.34670653363691034
2025-11-28 08:00:00,0.39634,20.0,0.37576713538594175
2025-11-28 12:00:00,0.3515400000000001,20.0,0.3740762168278918
2025-11-28 16:00:00,0.34443,20.0,0.28988512875283756
2025-11-28 20:00:00,0.3401,20.0,0.362093721555297
2025-11-29 00:00:00,0.41330999999999996,20.0,0.4322300724059839
2025-11-29 04:00:00,0.19173000000000004,20.0,0.20923951773161836
2025-11-29 08:00:00,0.2893899999999999,20.0,0.270437543333599
2025-11-29 12:00:00,0.37105,20.0,0.4105306592433254
2025-11-29 16:00:00,0.37690499999999993,20.0,0.42547040441415696
2025-11-29 20:00:00,0.28037999999999996,20.0,0.3400963791835233
2025-11-30 00:00:00,0.46417,20.0,0.4380705247181007
2025-11-30 04:00:00,0.413715,20.0,0.42911574682107756
2025-11-30 08:00:00,0.24977999999999997,20.0,0.16627157089244088
2025-11-30 12:00:00,0.16236,20.0,0.12130694926346205
2025-11-30 16:00:00,0.40587999999999996,20.0,0.3700864341034422
2025-11-30 20:00:00,0.190965,20.0,0.15884612448649074
2025-12-01 00:00:00,0.02186,20.0,-0.019481758985851572
2025-12-01 04:00:00,0.3382,20.0,0.2768070806323716
2025-12-01 08:00:00,-0.0008050000000000057,20.0,0.022886812047441234
2025-12-01 12:00:00,0.16593,20.0,0.1613572979801855
2025-12-01 16:00:00,0.26708,20.0,0.2891842264887389
2025-12-01 20:00:00,0.20754999999999998,20.0,0.22748297591606387
2025-12-02 00:00:00,0.20233500000000001,20.0,0.15305603661075426
2025-12-02 04:00:00,0.491235,20.0,0.4693193927964426
2025-12-02 08:00:00,0.09115,20.0,0.11322581575259155
2025-12-02 12:00:00,0.008780000000000001,20.0,-0.0016459826401651154
2025-12-02 16:00:00,0.46951,20.0,0.4589934847595517
2025-12-02 20:00:00,0.21670499999999998,20.0,0.22632030745667234
2025-12-03 00:00:00,0.19117,20.0,0.29048460326877334
2025-12-03 04:00:00,0.318685,20.0,0.3326226279263702
2025-12-03 08:00:00,0.09887999999999997,20.0,0.14221980590649086
2025-12-03 12:00:00,0.318315,20.0,0.3031978073631178
2025-12-03 16:00:00,0.28277,20.0,0.3190806586260176
2025-12-03 20:00:00,0.17996999999999996,20.0,0.07243889314358651
2025-12-04 00:00:00,0.29633000000000004,20.0,0.3091689982867429
2025-12-04 04:00:00,0.46986,20.0,0.4333517877869486
2025-12-04 08:00:00,0.364485,20.0,0.29334547703453373
2025-12-04 12:00:00,0.5138849999999999,20.0,0.5141289318436921
2025-12-04 16:00:00,0.5117700000000001,20.0,0.45617407006190863
2025-12-04 20:00:00,0.17074000000000003,20.0,0.12929321156245335
2025-12-05 00:00:00,0.08552000000000001,20.0,0.1382295989708864
2025-12-05 04:00:00,0.46728499999999995,20.0,0.45032814368914675
2025-12-05 08:00:00,0.30966,20.0,0.29565597626063594
2025-12-05 12:00:00,0.32232500000000003,20.0,0.26225582852867385
2025-12-05 16:00:00,0.3598,20.0,0.355202303990375
2025-12-05 20:00:00,0.147655,20.0,0.22080245989736552
2025-12-06 00:00:00,0.370265,20.0,0.3185916911123445
2025-12-06 04:00:00,0.27687000000000006,20.0,0.26587409103591214
2025-12-06 08:00:00,0.26353499999999996,20.0,0.29327154069060785
2025-12-06 12:00:00,-0.02448999999999999,20.0,-0.050805083835797474
2025-12-06 16:00:00,0.40936500000000003,20.0,0.3883207843891858
2025-12-06 20:00:00,0.08199999999999999,20.0,0.15855532043335807
2025-12-07 00:00:00,0.39415500000000003,20.0,0.47975482457452207
2025-12-07 04:00:00,0.477075,20.0,0.4899161335603142
2025-12-07 08:00:00,0.27488999999999997,20.0,0.24396558608346627
2025-12-07 12:00:00,0.46020500000000003,20.0,0.4993219266171523
2025-12-07 16:00:00,0.18242500000000006,20.0,0.11829970638642157
2025-12-07 20:00:00,0.16441500000000003,20.0,0.16109187569543792
2025-12-08 00:00:00,0.288235,20.0,0.2482591271712276
2025-12-08 04:00:00,0.33018500000000006,20.0,0.3414333235013685
2025-12-08 08:00:00,0.330585,20.0,0.36874372049809784
2025-12-08 12:00:00,0.622695,20.0,0.5688274586631529
2025-12-08 16:00:00,0.5586450000000001,20.0,0.47753049396411085
2025-12-08 20:00:00,0.08534499999999999,20.0,0.09322487755136158
2025-12-09 00:00:00,0.47791000000000017,20.0,0.5129337029583216
2025-12-09 04:00:00,0.22857,20.0,0.2816673900181506
2025-12-09 08:00:00,0.35941999999999996,20.0,0.3396743002246222
2025-12-09 12:00:00,0.15917,20.0,0.1862262916757388
2025-12-09 16:00:00,0.310975,20.0,0.3431071301496675
2025-12-09 20:00:00,0.4104,20.0,0.47645283093778246
2025-12-10 00:00:00,0.172415,20.0,0.18940165134426673
2025-12-10 04:00:00,0.569625,20.0,0.5520417255758266
2025-12-10 08:00:00,0.30565500000000007,20.0,0.2810771437749374
2025-12-10 12:00:00,0.23569499999999993,20.0,0.1980346789685489
2025-12-10 16:00:00,0.24103,20.0,0.22314699680326608
2025-12-10 20:00:00,-0.009544999999999988,20.0,-0.04205884706816622
2025-12-11 00:00:00,0.21658499999999997,20.0,0.15479550091159833
2025-12-11 04:00:00,0.4550199999999999,20.0,0.4764664366172605
2025-12-11 08:00:00,0.34123000000000003,20.0,0.324897232283882
2025-12-11 12:00:00,0.24403999999999995,20.0,0.29936113166180534
2025-12-11 16:00:00,0.463535,20.0,0.5305042790810934
2025-12-11 20:00:00,-0.05774736842105263,19.0,-0.057442383769570955
2025-12-12 00:00:00,0.2725,20.0,0.28337390247778804
2025-12-12 04:00:00,0.42484,20.0,0.4513134191389272
2025-12-12 08:00:00,0.5205249999999999,20.0,0.5552308228117109
2025-12-12 12:00:00,0.155395,20.0,0.10799074398861266
2025-12-12 16:00:00,0.21386499999999997,20.0,0.24193968023875506
2025-12-12 20:00:00,0.09725789473684211,19.0,0.12525312348570505
2025-12-13 00:00:00,0.31028500000000003,20.0,0.3448147607375633
2025-12-13 04:00:00,0.31272500000000003,20.0,0.3183814689190534
2025-12-13 08:00:00,0.44616999999999996,20.0,0.4120396161596304
2025-12-13 12:00:00,0.391665,20.0,0.40372239827757317
2025-12-13 16:00:00,0.05037499999999999,20.0,0.040410201506890404
2025-12-13 20:00:00,0.28269,20.0,0.2628514422560722
2025-12-14 00:00:00,0.340205,20.0,0.29217195525509065
2025-12-14 04:00:00,0.528025,20.0,0.565293348362086
2025-12-14 08:00:00,0.306815,20.0,0.30776164593741917
2025-12-14 12:00:00,0.28436500000000003,20.0,0.2924768604536392
2025-12-14 16:00:00,0.14959,20.0,0.2281975021949377
2025-12-14 20:00:00,0.10915,20.0,0.10739792091101034
2025-12-15 00:00:00,0.2763300000000001,20.0,0.3576296550052311
2025-12-15 04:00:00,0.5166350000000002,20.0,0.41399255937871515
2025-12-15 08:00:00,0.356395,20.0,0.3847200442294245
2025-12-15 12:00:00,0.136245,20.0,0.1132641703050944
2025-12-15 16:00:00,0.06932499999999998,20.0,-0.07806623433920346
2025-12-15 20:00:00,-0.026070000000000003,20.0,-0.005706377544279933
2025-12-16 00:00:00,0.44171999999999995,20.0,0.40317846036849975
2025-12-16 04:00:00,0.26385500000000006,20.0,0.28986706381723426
2025-12-16 08:00:00,0.276985,20.0,0.2501462817913074
2025-12-16 12:00:00,0.24351999999999996,20.0,0.20419361318808105
2025-12-16 16:00:00,0.3085473684210527,19.0,0.2586818602501274
2025-12-16 20:00:00,0.27514500000000003,20.0,0.29918220076218827
2025-12-17 00:00:00,0.140605,20.0,0.12273138546304595
2025-12-17 04:00:00,0.362355,20.0,0.4225811786465699
2025-12-17 08:00:00,0.099715,20.0,0.10926950321987124
2025-12-17 12:00:00,0.207565,20.0,0.1887774136779855
2025-12-17 16:00:00,0.02779,20.0,0.09984230980529255
2025-12-17 20:00:00,0.160305,20.0,0.18719752049980473
2025-12-18 00:00:00,0.13512000000000002,20.0,0.22290373855196607
2025-12-18 04:00:00,0.19966499999999998,20.0,0.24524462581964904
2025-12-18 08:00:00,0.298835,20.0,0.28215143954915656
2025-12-18 12:00:00,0.395635,20.0,0.3625572400103649
2025-12-18 16:00:00,0.028254999999999995,20.0,0.06825668779457174
2025-12-18 20:00:00,0.20261,20.0,0.17493994542778157
2025-12-19 00:00:00,0.16924999999999998,20.0,0.11825207741294086
2025-12-19 04:00:00,0.380305,20.0,0.453781569346754
2025-12-19 08:00:00,0.149705,20.0,0.19237548536478813
2025-12-19 12:00:00,0.19874,20.0,0.19659939108291635
2025-12-19 16:00:00,0.30108,20.0,0.34949617278424355
2025-12-19 20:00:00,0.01944000000000002,20.0,-0.03763058270576296
2025-12-20 00:00:00,0.16431999999999997,20.0,0.16787629203440954
2025-12-20 04:00:00,0.5338400000000001,20.0,0.5150335641529662
2025-12-20 08:00:00,0.2325,20.0,0.2916025181340453
2025-12-20 12:00:00,0.15603499999999998,20.0,0.07481047945919808
2025-12-20 16:00:00,0.40024,20.0,0.3810293481696275
2025-12-20 20:00:00,0.22539000000000003,20.0,0.3380981612352383
2025-12-21 00:00:00,0.3641249999999999,20.0,0.2764184805421216
2025-12-21 04:00:00,0.186135,20.0,0.14298463697908223
2025-12-21 08:00:00,0.27681999999999995,20.0,0.15713497061217108
2025-12-21 12:00:00,0.33111999999999997,20.0,0.36766295733765353
2025-12-21 16:00:00,0.006890000000000002,20.0,-0.08061960960948993
2025-12-21 20:00:00,0.005364999999999997,20.0,-0.036747778289513165
2025-12-22 00:00:00,0.34161499999999995,20.0,0.3248330703816116
2025-12-22 04:00:00,0.40505500000000005,20.0,0.42583502158928765
2025-12-22 08:00:00,0.04351000000000001,20.0,0.06284241645470082
2025-12-22 12:00:00,0.262365,20.0,0.2865357705624329
2025-12-22 16:00:00,0.20776500000000003,20.0,0.20725721306736053
2025-12-22 20:00:00,0.271495,20.0,0.2599867074129137
2025-12-23 00:00:00,0.223035,20.0,0.20860851111549714
2025-12-23 04:00:00,0.41483499999999995,20.0,0.38015700384050344
2025-12-23 08:00:00,0.382085,20.0,0.417018437626394
2025-12-23 12:00:00,0.16055,20.0,0.17139938619560108
2025-12-23 16:00:00,0.28343,20.0,0.25567761131646005
2025-12-23 20:00:00,0.4412749999999999,20.0,0.43307300430345513
2025-12-24 00:00:00,0.080475,20.0,0.038752023086326456
2025-12-24 04:00:00,0.39449,20.0,0.35167144535117206
2025-12-24 08:00:00,0.23319,20.0,0.19572636373277372
2025-12-24 12:00:00,0.146395,20.0,0.11612637784180531
2025-12-24 16:00:00,0.26607,20.0,0.26550195696254264
2025-12-24 20:00:00,0.326495,20.0,0.31224111431272994
2025-12-25 00:00:00,0.3063,20.0,0.3510258792315824
2025-12-25 04:00:00,0.23706,20.0,0.20457245796011783
2025-12-25 08:00:00,0.35561052631578943,19.0,0.3380553904704924
2025-12-25 12:00:00,0.302215,20.0,0.3105039774589172
2025-12-25 16:00:00,0.361255,20.0,0.2507573809301618
2025-12-25 20:00:00,0.26669,20.0,0.3051111600132243
2025-12-26 00:00:00,0.20724499999999998,20.0,0.19755714144132863
2025-12-26 04:00:00,0.33257499999999995,20.0,0.3714745269183765
2025-12-26 08:00:00,0.022199999999999998,20.0,0.06884793619858952
2025-12-26 12:00:00,0.24590499999999998,20.0,0.3200115585187545
2025-12-26 16:00:00,0.4776249999999999,20.0,0.5138260645439948
2025-12-26 20:00:00,0.19561,20.0,0.13740585178847134
2025-12-27 00:00:00,0.192415,20.0,0.19040400145191302
2025-12-27 04:00:00,0.28680000000000005,20.0,0.33909053008327866
2025-12-27 08:00:00,0.23991,20.0,0.2338964635128913
2025-12-27 12:00:00,0.15451,20.0,0.15677746683744392
2025-12-27 16:00:00,0.40139499999999995,20.0,0.39772264907818755
2025-12-27 20:00:00,0.11903499999999997,20.0,0.10928092075708616
2025-12-28 00:00:00,0.36796000000000006,20.0,0.41197169042451887
2025-12-28 04:00:00,0.31077,20.0,0.3212629998282117
2025-12-28 08:00:00,0.34181500000000004,20.0,0.35893892349597895
2025-12-28 12:00:00,0.118215,20.0,0.053386265414859475
2025-12-28 16:00:00,0.281205,20.0,0.3678354197818688
2025-12-28 20:00:00,0.33863,20.0,0.3093796050238665
2025-12-29 00:00:00,0.23515999999999998,20.0,0.16176917036225028
2025-12-29 04:00:00,0.267235,20.0,0.30600301896082227
2025-12-29 08:00:00,0.222425,20.0,0.3564511126755842
2025-12-29 12:00:00,0.26636499999999996,20.0,0.17032234443662034
2025-12-29 16:00:00,0.05927499999999999,20.0,0.01919352768899857
2025-12-29 20:00:00,0.21819999999999995,20.0,0.2166348801511961
2025-12-30 00:00:00,-0.02092,20.0,-0.043465123171256455
2025-12-30 04:00:00,0.33351000000000003,20.0,0.3381204244827955
2025-12-30 08:00:00,0.275685,20.0,0.30771813964767003
2025-12-30 12:00:00,0.28522499999999995,20.0,0.36082006417264817
2025-12-30 16:00:00,0.379585,20.0,0.37152057072737715
2025-12-30 20:00:00,0.17739,20.0,0.15505214764219097
2025-12-31 00:00:00,0.53886,20.0,0.5335222529837502
2025-12-31 04:00:00,0.5149250000000001,20.0,0.5182549603107909
2025-12-31 08:00:00,0.23454000000000005,20.0,0.24386528727182188
2025-12-31 12:00:00,0.41888500000000006,20.0,0.5134642847719754
2025-12-31 16:00:00,0.48796499999999987,20.0,0.525625760975711
2025-12-31 20:00:00,0.13974999999999999,20.0,0.09593516085950128
2026-01-01 00:00:00,0.23081000000000002,20.0,0.22119230271261203
2026-01-01 04:00:00,0.4264049999999999,20.0,0.46337026393785113
2026-01-01 08:00:00,0.11024500000000001,20.0,0.12550349160659863
2026-01-01 12:00:00,0.13164499999999998,20.0,0.08675271893016052
2026-01-01 16:00:00,0.26776000000000005,20.0,0.21435777350729301
2026-01-01 20:00:00,0.27456,20.0,0.2438854246625815
2026-01-02 00:00:00,0.3673,20.0,0.36409126577577927
2026-01-02 04:00:00,0.27744,20.0,0.4283892300625419
2026-01-02 08:00:00,0.3061,20.0,0.30157730438832026
2026-01-02 12:00:00,0.10777999999999999,20.0,0.1967376177349986
2026-01-02 16:00:00,0.260865,20.0,0.27820358193669326
2026-01-02 20:00:00,0.25153500000000006,20.0,0.24301044094141297
2026-01-03 00:00:00,0.14921,20.0,0.14474114639053837
2026-01-03 04:00:00,0.299365,20.0,0.2793549216549047
2026-01-03 08:00:00,0.30337500000000006,20.0,0.35273572609716575
2026-01-03 12:00:00,0.34333499999999995,20.0,0.2686734288389886
2026-01-03 16:00:00,0.15286499999999997,20.0,0.1685009316562565
2026-01-03 20:00:00,0.09026,20.0,0.032628505405538286
2026-01-04 00:00:00,0.30461,20.0,0.32082713652369604
2026-01-04 04:00:00,0.31509,20.0,0.310991288389628
2026-01-04 08:00:00,0.26107499999999995,20.0,0.2416736700580532
2026-01-04 12:00:00,0.27956500000000006,20.0,0.2937613359491188
2026-01-04 16:00:00,0.40641,20.0,0.37890082311159823
2026-01-04 20:00:00,0.1597,20.0,0.12632274477898175
2026-01-05 00:00:00,0.4383,20.0,0.39842962112065605
2026-01-05 04:00:00,0.435145,20.0,0.45113285484680593
2026-01-05 08:00:00,0.17168000000000003,20.0,0.18399287318571883
2026-01-05 12:00:00,0.20865,20.0,0.19318199276216355
2026-01-05 16:00:00,0.11868500000000001,20.0,0.1270129255801441
2026-01-05 20:00:00,0.299705,20.0,0.33813448566134385
2026-01-06 00:00:00,0.3198599999999999,20.0,0.2987142681588125
2026-01-06 04:00:00,0.411575,20.0,0.39824926116201476
2026-01-06 08:00:00,0.44163499999999994,20.0,0.4261623546598295
2026-01-06 12:00:00,0.11326499999999999,20.0,0.11406986803880054
2026-01-06 16:00:00,0.34207499999999996,20.0,0.35281540197976763
2026-01-06 20:00:00,0.126245,20.0,0.14459655849920464
2026-01-07 00:00:00,0.36780500000000005,20.0,0.3316720109263657
2026-01-07 04:00:00,0.29771,20.0,0.3144155826433137
2026-01-07 08:00:00,0.29862,20.0,0.2848069184921935
2026-01-07 12:00:00,0.45699999999999996,20.0,0.38687226027926824
2026-01-07 16:00:00,0.12769499999999998,20.0,0.2046211419893197
2026-01-07 20:00:00,0.29442999999999997,20.0,0.2991024599670376
2026-01-08 00:00:00,0.397385,20.0,0.41128787594290983
2026-01-08 04:00:00,0.361525,20.0,0.40731893929482565
2026-01-08 08:00:00,0.014610000000000003,20.0,-0.049296757514586446
2026-01-08 12:00:00,0.147045,20.0,0.30171268527122336
2026-01-08 16:00:00,0.35357000000000005,20.0,0.33537744595564345
2026-01-08 20:00:00,0.41528,20.0,0.40609266368785163
2026-01-09 00:00:00,0.329195,20.0,0.3265961404113582
2026-01-09 04:00:00,0.135535,20.0,0.03129577681765948
2026-01-09 08:00:00,0.196625,20.0,0.25656589729526363
2026-01-09 12:00:00,0.4023300000000001,20.0,0.43277008654558663
2026-01-09 16:00:00,0.42029500000000003,20.0,0.3920298466376542
2026-01-09 20:00:00,0.19507894736842102,19.0,0.2048720005296853
2026-01-10 00:00:00,0.22606,20.0,0.1371455697668136
2026-01-10 04:00:00,0.47461000000000003,20.0,0.49624731750699747
2026-01-10 08:00:00,0.4647050000000001,20.0,0.40212052146758814
2026-01-10 12:00:00,0.130965,20.0,0.004163131985597491
2026-01-10 16:00:00,0.40647,20.0,0.38086874580089314
2026-01-10 20:00:00,0.35968,20.0,0.3404230900080627
2026-01-11 00:00:00,0.315645,20.0,0.31793211144763267
2026-01-11 04:00:00,0.36284500000000003,20.0,0.45283816834522717
2026-01-11 08:00:00,0.21197999999999997,20.0,0.193669686857042
2026-01-11 12:00:00,0.36737000000000003,20.0,0.4326907460923613
2026-01-11 16:00:00,0.41001000000000004,20.0,0.40690604446205414
2026-01-11 20:00:00,0.000885000000000008,20.0,-0.09715601216155764
2026-01-12 00:00:00,0.43760000000000004,20.0,0.38747805544813246
2026-01-12 04:00:00,0.5035999999999999,20.0,0.5080204981894605
2026-01-12 08:00:00,0.06996999999999998,20.0,-0.016441186316485168
2026-01-12 12:00:00,0.32478,20.0,0.35490356432174014
2026-01-12 16:00:00,0.38250000000000006,20.0,0.3076555297742073
2026-01-12 20:00:00,0.13032000000000002,20.0,0.17412334627980303
2026-01-13 00:00:00,0.096855,20.0,0.1287610944009755
2026-01-13 04:00:00,0.29304,20.0,0.2717767984600447
2026-01-13 08:00:00,0.33364000000000005,20.0,0.38417349185485367
2026-01-13 12:00:00,0.14157000000000003,20.0,0.11779326672566519
2026-01-13 16:00:00,0.441845,20.0,0.4969352428030059
2026-01-13 20:00:00,0.291935,20.0,0.28924669152489707
2026-01-14 00:00:00,0.371055,20.0,0.4252483789247551
2026-01-14 04:00:00,0.21624500000000002,20.0,0.2731236944224111
2026-01-14 08:00:00,0.4445050000000001,20.0,0.43583214130073883
2026-01-14 12:00:00,0.32270999999999994,20.0,0.3955629403102527
2026-01-14 16:00:00,0.11325,20.0,0.0926895397682491
2026-01-14 20:00:00,0.157615,20.0,0.1953496240240009
2026-01-15 00:00:00,0.27269499999999997,20.0,0.2843295377849082
2026-01-15 04:00:00,0.38055000000000005,20.0,0.45760577899061516
2026-01-15 08:00:00,0.50122,20.0,0.5163839418306799
2026-01-15 12:00:00,0.15797,20.0,0.11178753577166979
2026-01-15 16:00:00,0.31087000000000004,20.0,0.3063376842948718
2026-01-15 20:00:00,0.19274499999999997,20.0,0.12981312386593527
2026-01-16 00:00:00,0.22091500000000003,20.0,0.18786685584562998
2026-01-16 04:00:00,0.16448999999999997,20.0,0.16803923208369279
2026-01-16 08:00:00,0.20187,20.0,0.18590982270310524
2026-01-16 12:00:00,0.00969000000000001,20.0,0.022746880006827706
2026-01-16 16:00:00,0.12983999999999998,20.0,0.18313394775098607
2026-01-16 20:00:00,0.3546600000000001,20.0,0.39002071579520753
2026-01-17 00:00:00,0.22875,20.0,0.1655082493675303
2026-01-17 04:00:00,0.48419999999999996,20.0,0.4952964884457432
2026-01-17 08:00:00,0.17812,20.0,0.21433906830418636
2026-01-17 12:00:00,0.029110000000000004,20.0,0.015378975687358921
2026-01-17 16:00:00,0.13353000000000004,20.0,0.12277378561582884
2026-01-17 20:00:00,0.280945,20.0,0.26158420886858
2026-01-18 00:00:00,0.179635,20.0,0.14993048354775657
2026-01-18 04:00:00,0.27224,20.0,0.346891517207425
2026-01-18 08:00:00,0.356065,20.0,0.39947493246413945
2026-01-18 12:00:00,0.24539500000000003,20.0,0.21617553684910085
2026-01-18 16:00:00,0.24105999999999997,20.0,0.24128109718722335
2026-01-18 20:00:00,0.21721999999999997,20.0,0.1363104531248023
2026-01-19 00:00:00,0.011400000000000013,20.0,0.0343000010390798
2026-01-19 04:00:00,0.209895,20.0,0.17643990795949038
2026-01-19 08:00:00,0.20753,20.0,0.2736044090997256
2026-01-19 12:00:00,0.17983999999999997,20.0,0.21584754060884695
2026-01-19 16:00:00,0.129295,20.0,0.08227802903668084
2026-01-19 20:00:00,0.20032999999999998,20.0,0.17542009241572729
2026-01-20 00:00:00,0.25778,20.0,0.2744797809699258
2026-01-20 04:00:00,0.057055,20.0,0.17497142945104918
2026-01-20 08:00:00,0.27635,20.0,0.2789200577378719
2026-01-20 12:00:00,0.15489000000000003,20.0,0.05785611911623441
2026-01-20 16:00:00,0.255,20.0,0.2510485970694221
2026-01-20 20:00:00,0.26263000000000003,20.0,0.23750215857182805
2026-01-21 00:00:00,0.137065,20.0,0.10324875254184257
2026-01-21 04:00:00,0.10590000000000002,20.0,0.1334653236864605
2026-01-21 08:00:00,0.30871499999999996,20.0,0.4219757730702557
2026-01-21 12:00:00,0.30662500000000004,20.0,0.31972065284058415
2026-01-21 20:00:00,0.16018947368421055,19.0,0.20246634000606176
2026-01-22 00:00:00,0.32178499999999993,20.0,0.3141978028403133
2026-01-22 04:00:00,0.27549999999999997,20.0,0.2401790810055129
2026-01-22 08:00:00,0.19329000000000002,20.0,0.23054740359947706
2026-01-22 12:00:00,0.03833000000000001,20.0,0.05016090813255482
2026-01-22 16:00:00,0.187205,20.0,0.2902865808972478
2026-01-22 20:00:00,0.27312,20.0,0.2338404827493707
2026-01-23 00:00:00,0.08291,20.0,0.03502142205382668
2026-01-23 04:00:00,0.3592894736842105,19.0,0.35177296490145904
2026-01-23 08:00:00,0.348625,20.0,0.34708071633839704
2026-01-23 12:00:00,0.15865,20.0,0.17999071472290237
2026-01-23 16:00:00,0.150945,20.0,0.24239030903687522
2026-01-23 20:00:00,0.45969000000000004,20.0,0.4272604811788293
2026-01-24 00:00:00,0.09066500000000001,20.0,0.10853107024595453
2026-01-24 04:00:00,0.25404499999999997,20.0,0.2578052917306679
2026-01-24 08:00:00,0.13522,20.0,0.09990910741047576
2026-01-24 12:00:00,0.33037000000000005,20.0,0.329707816159375
2026-01-24 16:00:00,0.03986,20.0,0.03106889679230654
2026-01-24 20:00:00,0.26994999999999997,20.0,0.32493725259452383
2026-01-25 00:00:00,-0.07384999999999999,20.0,0.019747771606244136
2026-01-25 04:00:00,0.303165,20.0,0.3174968637785595
2026-01-25 08:00:00,0.3078949999999999,20.0,0.31722945946076
2026-01-25 12:00:00,0.013119999999999993,20.0,-0.036744421982933775
2026-01-25 16:00:00,0.03407,20.0,0.054193686361736285
2026-01-25 20:00:00,-0.055295000000000004,20.0,-0.09681555993728323
2026-01-26 00:00:00,0.350545,20.0,0.3499963293168437
2026-01-26 04:00:00,0.37707500000000005,20.0,0.3675655464216635
2026-01-26 08:00:00,0.225765,20.0,0.20989499694907088
2026-01-26 12:00:00,0.19156499999999999,20.0,0.19278484039252639
2026-01-26 16:00:00,0.30097,20.0,0.25348983448828816
2026-01-26 20:00:00,-0.0024349999999999927,20.0,0.028813426283902165
2026-01-27 00:00:00,0.15657500000000002,20.0,0.1905786191293367
2026-01-27 04:00:00,0.17973500000000003,20.0,0.22243522266724594
2026-01-27 08:00:00,0.27989500000000006,20.0,0.3698158130167694
2026-01-27 12:00:00,0.429875,20.0,0.44973032514433975
2026-01-27 16:00:00,0.201485,20.0,0.20786298389337235
2026-01-27 20:00:00,0.21092000000000005,20.0,0.2700279874490484
2026-01-28 00:00:00,0.13451000000000002,20.0,0.1646501079304991
2026-01-28 04:00:00,0.14626999999999998,20.0,0.12960398086908534
2026-01-28 08:00:00,0.140655,20.0,0.10653566516264469
2026-01-28 12:00:00,0.2916599999999999,20.0,0.3537930615382938
2026-01-28 16:00:00,0.29928499999999997,20.0,0.37405630262519546
2026-01-28 20:00:00,0.05465,20.0,0.1201144762483234
2026-01-29 00:00:00,0.26774500000000007,20.0,0.27564908958727324
2026-01-29 04:00:00,0.23222000000000004,20.0,0.22291201733876262
2026-01-29 08:00:00,0.22152500000000003,20.0,0.22905202808392358
2026-01-29 12:00:00,0.16778999999999997,20.0,0.13893980782612167
2026-01-29 16:00:00,0.014224999999999998,20.0,0.01952513972301293
2026-01-29 20:00:00,0.23397,20.0,0.15426611170730742
2026-01-30 00:00:00,0.129,20.0,0.14576737716763008
2026-01-30 04:00:00,0.301,20.0,0.2661218588534089
2026-01-30 08:00:00,0.099735,20.0,0.15142361912802874
2026-01-30 12:00:00,0.26306,20.0,0.257765081193564
2026-01-30 16:00:00,0.041720000000000014,20.0,0.04125222717863056
2026-01-30 20:00:00,0.26355,20.0,0.25860896051109317
2026-01-31 00:00:00,0.1031,20.0,0.09090697757670715
2026-01-31 04:00:00,-0.0028500000000000166,20.0,-0.030182460963272498
2026-01-31 08:00:00,0.08003500000000001,20.0,0.06018132920291158
2026-01-31 12:00:00,0.11862500000000001,20.0,0.13980842055446233
2026-01-31 16:00:00,-0.08468000000000002,20.0,-0.1308071371393297
2026-01-31 20:00:00,0.135975,20.0,0.11256774267388993
2026-02-01 00:00:00,0.007859999999999989,20.0,-0.02262610214394811
2026-02-01 04:00:00,0.20707500000000004,20.0,0.2784799856232328
2026-02-01 08:00:00,0.37961999999999996,20.0,0.4255639638318425
2026-02-01 12:00:00,0.057429999999999995,20.0,0.02792355228477907
2026-02-01 16:00:00,0.03676,20.0,0.03287248420764867
2026-02-01 20:00:00,-0.15057000000000004,20.0,-0.17362622228026872
2026-02-02 00:00:00,0.04818500000000001,20.0,0.05772623765417349
2026-02-02 04:00:00,-0.03405999999999999,20.0,-0.028509505179570044
2026-02-02 08:00:00,-0.14297500000000002,20.0,-0.16947966696805303
2026-02-02 12:00:00,0.264085,20.0,0.30743410109093394
2026-02-02 16:00:00,0.34581499999999993,20.0,0.3293068590655433
2026-02-02 20:00:00,0.20815999999999998,20.0,0.17949069274861854
2026-02-03 00:00:00,0.280175,20.0,0.27393949812712715
2026-02-03 04:00:00,0.32962,20.0,0.28711033314187245
2026-02-03 08:00:00,0.12308,20.0,0.0696050874819418
2026-02-03 12:00:00,0.23725000000000002,20.0,0.2158409067701889
2026-02-03 16:00:00,0.15913999999999998,20.0,0.14338410653965994
2026-02-03 20:00:00,0.027160000000000017,20.0,-0.006935986104192779
2026-02-04 00:00:00,0.17115000000000002,20.0,0.15291080846820232
2026-02-04 04:00:00,0.22913999999999995,20.0,0.2612332325141776
2026-02-04 08:00:00,-0.03600500000000001,20.0,-0.004421281579959823
2026-02-04 12:00:00,0.13482,20.0,0.1920980684361153
2026-02-04 16:00:00,0.14645500000000006,20.0,0.18031971319483037
2026-02-04 20:00:00,0.07077499999999999,20.0,0.10184275944782824
2026-02-05 00:00:00,0.070605,20.0,0.060452900285082156
2026-02-05 04:00:00,0.13471000000000002,20.0,0.1178027410437403
2026-02-05 08:00:00,-0.22874499999999998,20.0,-0.3048328121173301
2026-02-05 12:00:00,0.11972499999999997,20.0,0.07671880076638693
2026-02-05 16:00:00,0.05733499999999999,20.0,-0.006073122210845569
2026-02-05 20:00:00,0.04155999999999999,20.0,0.0708482207876232
2026-02-06 00:00:00,0.012179999999999996,20.0,0.025137752671904733
2026-02-06 04:00:00,0.196405,20.0,0.19011516757474473
2026-02-06 08:00:00,-0.016109999999999992,20.0,0.03880826147842779
2026-02-06 12:00:00,-0.136625,20.0,-0.12509438748552035
2026-02-06 16:00:00,-0.023315000000000002,20.0,0.0440482359974205
2026-02-06 20:00:00,0.107115,20.0,0.17654047537611223
2026-02-07 00:00:00,0.197855,20.0,0.17566275566076864
2026-02-07 04:00:00,-0.020654999999999986,20.0,0.05761112118740475
2026-02-07 08:00:00,0.25180499999999995,20.0,0.21236574931524715
2026-02-07 12:00:00,0.31897999999999993,20.0,0.35403413185804367
2026-02-07 16:00:00,0.177365,20.0,0.27062072104879825
2026-02-07 20:00:00,0.08284,20.0,0.01955564338607471
2026-02-08 00:00:00,0.051485,20.0,0.03530581518364915
2026-02-08 04:00:00,0.27662000000000003,20.0,0.26073670978329067
2026-02-08 08:00:00,0.10469999999999999,20.0,0.0879525240179334
2026-02-08 12:00:00,0.150475,20.0,0.08203329868097033
2026-02-08 16:00:00,0.14175999999999997,20.0,0.07968137811719063
2026-02-08 20:00:00,0.15979500000000002,20.0,0.15556592840997122
2026-02-09 00:00:00,0.06371000000000002,20.0,0.05870549289775357
2026-02-09 04:00:00,0.39881,20.0,0.3678638974554873
2026-02-09 08:00:00,0.408278947368421,19.0,0.4172751577174909
2026-02-09 12:00:00,0.11996999999999998,20.0,0.10892492524390567
2026-02-09 16:00:00,0.13518,20.0,0.20120889265395497
2026-02-09 20:00:00,0.18743,20.0,0.2056965502665586
2026-02-10 00:00:00,0.04427,20.0,0.03656092411482387
2026-02-10 04:00:00,0.21824,20.0,0.15762780612124502
2026-02-10 08:00:00,0.38929,20.0,0.29207261018625835
2026-02-10 12:00:00,0.21326499999999998,20.0,0.22211813864197186
2026-02-10 16:00:00,0.18382500000000002,20.0,0.17238297224067764
2026-02-10 20:00:00,0.06713500000000001,20.0,0.05258471499060634
2026-02-11 00:00:00,0.010375,20.0,-0.033394843971476545
2026-02-11 04:00:00,0.11026,20.0,0.13916979945920493
2026-02-11 08:00:00,0.320395,20.0,0.26771548683979735
2026-02-11 12:00:00,0.16936500000000004,20.0,0.18481633074980486
2026-02-11 16:00:00,0.13698500000000002,20.0,0.13149959959777777
2026-02-11 20:00:00,0.07509,20.0,0.044569862620424804
2026-02-12 00:00:00,0.22862500000000002,20.0,0.2154231001453902
2026-02-12 04:00:00,-0.02853,20.0,-0.1269627533319892
2026-02-12 08:00:00,0.11612,20.0,0.22301631016450432
2026-02-12 12:00:00,-0.00934500000000001,20.0,-0.06923963235042882
2026-02-12 16:00:00,0.15642999999999999,20.0,0.09713418326163548
2026-02-12 20:00:00,0.29863000000000006,20.0,0.29567587747952473
2026-02-13 00:00:00,0.033995000000000004,20.0,0.08697664737617296
2026-02-13 04:00:00,0.32140500000000005,20.0,0.38171712194834484
2026-02-13 08:00:00,0.24716000000000005,20.0,0.19273087267921582
2026-02-13 12:00:00,0.17739500000000002,20.0,0.1345850763225889
2026-02-13 16:00:00,0.07724,20.0,0.131818594002312
2026-02-13 20:00:00,0.297555,20.0,0.28303748818591207
2026-02-14 04:00:00,0.22074000000000002,20.0,0.21827294985433585
2026-02-14 08:00:00,0.16557,20.0,0.14606240010486726
2026-02-14 12:00:00,0.5920349999999999,20.0,0.512122513008988
2026-02-14 16:00:00,0.28605500000000006,20.0,0.23944855132606485
2026-02-14 20:00:00,0.13183,20.0,0.1080748330894842
2026-02-15 00:00:00,0.13803000000000004,20.0,0.08205494061721569
2026-02-15 04:00:00,0.333555,20.0,0.3664867691078687
2026-02-15 08:00:00,0.36036000000000007,20.0,0.429575830463109
2026-02-15 12:00:00,0.2919999999999999,20.0,0.10904137222882027
2026-02-15 16:00:00,0.25521499999999997,20.0,0.2889027915491157
2026-02-15 20:00:00,-0.029250000000000016,20.0,-0.014137363670017377
2026-02-16 00:00:00,0.376315,20.0,0.3714681900112876
2026-02-16 04:00:00,0.30193000000000003,20.0,0.2963044787282246
2026-02-16 08:00:00,0.47257,20.0,0.3521167599693665
2026-02-16 12:00:00,0.23939500000000002,20.0,0.22297500463787015
2026-02-16 16:00:00,0.23701500000000003,20.0,0.25173004836305113
2026-02-16 20:00:00,0.389555,20.0,0.37319204163803377
2026-02-17 00:00:00,0.029290000000000004,20.0,-0.01057604675599144
2026-02-17 04:00:00,0.446275,20.0,0.4137354240404054
2026-02-17 08:00:00,0.44231999999999994,20.0,0.4071753692463471
2026-02-17 12:00:00,-0.07416,20.0,-0.008870431801655209
2026-02-17 16:00:00,0.23834,20.0,0.3417278496189444
2026-02-17 20:00:00,0.157565,20.0,0.14290017468231797
2026-02-18 00:00:00,0.22392000000000004,20.0,0.18680597487010098
2026-02-18 04:00:00,0.20463499999999998,20.0,0.21089132861911258
2026-02-18 08:00:00,0.16680500000000004,20.0,0.1791094810185545
2026-02-18 12:00:00,0.384645,20.0,0.2872554178044263
2026-02-18 16:00:00,-0.04430499999999998,20.0,-0.04267238014943166
2026-02-18 20:00:00,0.21395499999999998,20.0,0.21514501737361658
2026-02-19 00:00:00,0.10395499999999999,20.0,0.12090362020579981
2026-02-19 04:00:00,0.28791999999999995,20.0,0.30926695569430784
2026-02-19 08:00:00,0.6276999999999999,20.0,0.4789005381572113
2026-02-19 12:00:00,0.19795500000000002,20.0,0.15505224147041605
2026-02-19 16:00:00,0.228565,20.0,0.21180388047717982
2026-02-19 20:00:00,0.145605,20.0,0.18756539995883276
2026-02-20 00:00:00,0.170175,20.0,0.17110971807468767
2026-02-20 04:00:00,0.13505499999999998,20.0,0.11222663904820278
2026-02-20 08:00:00,0.19551499999999997,20.0,0.16319317237578432
2026-02-20 12:00:00,0.15194,20.0,0.14472989905992506
2026-02-20 16:00:00,0.16739999999999997,20.0,0.14524230964267976
2026-02-20 20:00:00,0.004100000000000004,20.0,0.10966836827903359
2026-02-21 00:00:00,-0.05849000000000001,20.0,0.01790972168968073
2026-02-21 04:00:00,0.059634999999999994,20.0,0.05087596100977425
2026-02-21 08:00:00,0.14802,20.0,0.169142864138327
2026-02-21 12:00:00,0.27945000000000003,20.0,0.34359867790800896
2026-02-21 16:00:00,0.12050999999999998,20.0,0.11158891034495505
2026-02-21 20:00:00,0.044805,20.0,0.2329795828237926
2026-02-22 00:00:00,0.311365,20.0,0.39697856062845316
2026-02-22 04:00:00,0.088245,20.0,0.06070064640210152
2026-02-22 08:00:00,0.24119499999999996,20.0,0.2792523036004255
2026-02-22 12:00:00,0.17368500000000003,20.0,0.1799350033067961
2026-02-22 16:00:00,0.081295,20.0,0.11622259120887153
2026-02-22 20:00:00,0.085685,20.0,0.08832477646922654
2026-02-23 00:00:00,0.149005,20.0,0.13964585579304756
2026-02-23 04:00:00,0.16262000000000001,20.0,0.17940943218154415
2026-02-23 08:00:00,0.133205,20.0,0.11987882390141742
2026-02-23 12:00:00,0.28287,20.0,0.324703734984985
2026-02-23 16:00:00,0.22265000000000001,20.0,0.2988374553370365
2026-02-23 20:00:00,0.060160000000000005,20.0,-0.005894010013327082
2026-02-24 00:00:00,0.03983999999999999,20.0,-0.00828734263906788
2026-02-24 04:00:00,0.131745,20.0,0.20746990026579532
2026-02-24 08:00:00,0.47054,20.0,0.46310767729091373
2026-02-24 12:00:00,0.07457500000000002,20.0,0.20566283415008801
2026-02-24 16:00:00,0.18358,20.0,0.22153872539732655
2026-02-24 20:00:00,0.6229850000000001,20.0,0.6072026536939314
2026-02-25 00:00:00,0.07007500000000003,20.0,0.03754594958828786
2026-02-25 04:00:00,0.09215500000000003,20.0,0.06170744394935993
2026-02-25 08:00:00,0.43783000000000005,20.0,0.4775538483463296
2026-02-25 12:00:00,0.15263,20.0,0.12106237136689928
2026-02-25 16:00:00,0.23784999999999998,20.0,0.2461040642675548
2026-02-25 20:00:00,0.27077500000000004,20.0,0.19455192771279264
2026-02-26 00:00:00,0.148005,20.0,0.17017559628946927
2026-02-26 04:00:00,-0.005034999999999998,20.0,-0.05078070766988048
2026-02-26 08:00:00,0.2836200000000001,20.0,0.3065240128320264
2026-02-26 12:00:00,0.18651,20.0,0.22879410120081964
2026-02-26 16:00:00,0.18728999999999996,20.0,0.18162376021775986
2026-02-26 20:00:00,0.10569500000000001,20.0,0.16117004927840176
2026-02-27 00:00:00,0.11737,20.0,0.20230754907574217
2026-02-27 04:00:00,0.325275,20.0,0.4611549027916114
2026-02-27 08:00:00,0.160425,20.0,0.1637127227039386
2026-02-27 12:00:00,0.11925,20.0,0.11838630806845966
2026-02-27 16:00:00,0.119175,20.0,0.09220103834985482
2026-02-27 20:00:00,0.23438999999999993,20.0,0.33156576646413066
2026-02-28 00:00:00,0.19960499999999998,20.0,0.16281586449584765
2026-02-28 04:00:00,0.07167000000000001,20.0,0.11426682948535137
2026-02-28 08:00:00,-0.21595499999999998,20.0,-0.18361313396575152
2026-02-28 12:00:00,-0.16831999999999997,20.0,-0.214382523605947
2026-02-28 16:00:00,-0.12860500000000002,20.0,-0.08987835156734598
2026-02-28 20:00:00,0.09396499999999999,20.0,0.09738133779394127
2026-03-01 00:00:00,0.12596,20.0,0.08498594808205871
2026-03-01 04:00:00,-0.04954499999999999,20.0,-0.05269136526090064
2026-03-01 08:00:00,0.1202,20.0,0.07276128697535993
2026-03-01 12:00:00,0.229875,20.0,0.27743834928671257
2026-03-01 16:00:00,-0.02461,20.0,-0.05159509830041572
2026-03-01 20:00:00,0.04609,20.0,0.03716871123541007
2026-03-02 00:00:00,0.07984500000000001,20.0,0.07168739900724191
2026-03-02 04:00:00,-0.06933,20.0,-0.08946959780060287
2026-03-02 08:00:00,0.11520999999999999,20.0,0.08537873680110782
2026-03-02 12:00:00,0.03620999999999999,20.0,0.15791585960462387
2026-03-02 16:00:00,0.41861999999999994,20.0,0.4572047085689913
2026-03-02 20:00:00,0.08665999999999999,20.0,0.11773158374909816
2026-03-03 00:00:00,0.01285000000000001,20.0,-0.039088008397826425
2026-03-03 04:00:00,0.370715,20.0,0.3028051604810825
2026-03-03 08:00:00,0.412765,20.0,0.3382703992377323
2026-03-03 12:00:00,0.04774000000000001,20.0,-0.01979177530134182
2026-03-03 16:00:00,0.25692000000000004,20.0,0.24075622729644203
2026-03-03 20:00:00,0.12195,20.0,0.050715635691498326
2026-03-04 00:00:00,0.10067999999999999,20.0,0.05294876171896167
2026-03-04 04:00:00,0.188285,20.0,0.14400027401759047
2026-03-04 08:00:00,0.28876,20.0,0.3710678338316754
2026-03-04 12:00:00,0.12218999999999998,20.0,0.09249030727519206
2026-03-04 16:00:00,0.20050999999999997,20.0,0.23899869484573788
2026-03-04 20:00:00,0.13940500000000003,20.0,0.1592039709046893
2026-03-05 00:00:00,0.2378736842105263,19.0,0.30234643750323387
2026-03-05 04:00:00,0.21631,20.0,0.33298115790386446
2026-03-05 08:00:00,0.27735000000000004,20.0,0.2983069588750544
2026-03-05 12:00:00,0.19480000000000003,20.0,0.20753964430415964
2026-03-05 16:00:00,0.365965,20.0,0.36553171323807165
2026-03-05 20:00:00,0.04377500000000001,20.0,0.04495304673226124
2026-03-06 00:00:00,0.235365,20.0,0.28079617713138216
2026-03-06 04:00:00,0.09806500000000001,20.0,0.03702464238775977
2026-03-06 08:00:00,-0.00384499999999999,20.0,-0.09606316593092704
2026-03-06 12:00:00,0.20232,20.0,0.29651699712433366
2026-03-06 16:00:00,0.29467000000000004,20.0,0.21965758038427233
2026-03-06 20:00:00,0.35614,20.0,0.36866540843678336
2026-03-07 00:00:00,0.16575,20.0,0.12856624723273585
2026-03-07 04:00:00,0.247195,20.0,0.21342870763504654
2026-03-07 08:00:00,0.226655,20.0,0.20478692374981772
2026-03-07 12:00:00,0.000995000000000007,20.0,-0.03855538294462765
2026-03-07 16:00:00,0.124335,20.0,0.08879059792063454
2026-03-07 20:00:00,0.44614999999999994,20.0,0.49868565006069
2026-03-08 00:00:00,0.2084,20.0,0.1587155659944771
2026-03-08 04:00:00,0.25065,20.0,0.21712482681821266
2026-03-08 08:00:00,0.405065,20.0,0.4118921275203101
2026-03-08 12:00:00,0.03599500000000001,20.0,0.10665807428488033
2026-03-08 16:00:00,0.35355000000000003,20.0,0.2891915279839343
2026-03-08 20:00:00,0.34679,20.0,0.39844510213890894
2026-03-09 00:00:00,0.17351500000000003,20.0,0.08926501809516983
2026-03-09 04:00:00,0.17201000000000005,20.0,0.0663161265456212
2026-03-09 08:00:00,0.20225999999999997,20.0,0.21020156407867627
2026-03-09 12:00:00,0.37184,20.0,0.35081540764799923
2026-03-09 16:00:00,0.33543,20.0,0.35846722439792933
2026-03-09 20:00:00,0.336655,20.0,0.3904855097912587
2026-03-10 00:00:00,-0.070995,20.0,-0.0621446958354728
2026-03-10 04:00:00,0.21819000000000002,20.0,0.2388342391893776
2026-03-10 08:00:00,0.23591,20.0,0.2517204504690626
2026-03-10 12:00:00,0.20581,20.0,0.12444010694670071
2026-03-10 16:00:00,0.16519999999999999,20.0,0.2106475298984253
2026-03-10 20:00:00,0.25801,20.0,0.22415300311679942
2026-03-11 00:00:00,0.259875,20.0,0.2530900837370914
2026-03-11 04:00:00,0.19251000000000001,20.0,0.19842466106161374
2026-03-11 08:00:00,0.12540500000000002,20.0,0.08763805794761792
2026-03-11 12:00:00,0.05722499999999997,20.0,0.025189191672388023
2026-03-11 16:00:00,0.21307,20.0,0.21124000810253393
2026-03-11 20:00:00,0.08105000000000001,20.0,0.010093973016311208
2026-03-12 00:00:00,0.17814999999999998,20.0,0.20288103670561916
2026-03-12 04:00:00,0.44025,20.0,0.46986500509353585
2026-03-12 08:00:00,0.33115000000000006,20.0,0.3175844523780546
2026-03-12 12:00:00,0.18527,20.0,0.19341080444151929
2026-03-12 16:00:00,-0.15109,20.0,-0.1304324056725997
2026-03-12 20:00:00,0.02619999999999999,20.0,0.05972078966385209
2026-03-13 00:00:00,0.31689500000000004,20.0,0.23945129306291338
2026-03-13 04:00:00,0.448335,20.0,0.4382693435796806
2026-03-13 08:00:00,0.07966999999999999,20.0,0.055372621307489905
2026-03-13 12:00:00,0.2124,20.0,0.22256902307847298
2026-03-13 16:00:00,0.28206499999999995,20.0,0.2611861150525369
2026-03-13 20:00:00,0.30376499999999995,20.0,0.38511514989507345
2026-03-14 00:00:00,-0.018655000000000015,20.0,-0.01663740697391957
2026-03-14 04:00:00,0.400885,20.0,0.43186771422871967
2026-03-14 08:00:00,0.040304999999999994,20.0,0.0026419447648595206
2026-03-14 12:00:00,0.3299949999999999,20.0,0.18135078961578824
2026-03-14 16:00:00,0.23037000000000002,20.0,0.20785549722136892
2026-03-14 20:00:00,0.30464,20.0,0.30454580789946134
2026-03-15 00:00:00,0.1716,20.0,0.20795434275681757
2026-03-15 08:00:00,-0.05611499999999999,20.0,-0.1066313782524713
2026-03-15 12:00:00,0.28075,20.0,0.33522158980134165
2026-03-15 16:00:00,0.36966,20.0,0.3858348719658336
2026-03-15 20:00:00,0.21291000000000002,20.0,0.22712734333510354
2026-03-16 00:00:00,0.077715,20.0,0.10996561891056644
2026-03-16 04:00:00,0.31883999999999996,20.0,0.3403720483666485
2026-03-16 08:00:00,0.30916,20.0,0.35078698479879966
2026-03-16 12:00:00,-0.12364000000000001,20.0,-0.0989197772979792
2026-03-16 16:00:00,0.30214,20.0,0.29962722299989236
2026-03-16 20:00:00,0.13141000000000003,20.0,0.07133392101123544
2026-03-17 00:00:00,0.23521,20.0,0.23505555401529124
2026-03-17 04:00:00,0.33733500000000005,20.0,0.42335103829404147
2026-03-17 08:00:00,0.15642105263157893,19.0,0.10275608517664572
2026-03-17 12:00:00,0.13223000000000001,20.0,0.13401021067185764
2026-03-17 16:00:00,0.087875,20.0,0.08024832656067918
2026-03-17 20:00:00,0.19810499999999998,20.0,0.18566256880821325
2026-03-18 00:00:00,0.26188500000000003,20.0,0.2617288057682608
2026-03-18 04:00:00,-0.0021900000000000114,20.0,-0.09729971780309712
2026-03-18 08:00:00,0.23714999999999997,20.0,0.25568324946810306
2026-03-18 12:00:00,0.018964999999999992,20.0,0.07851926042959786
2026-03-18 16:00:00,0.136785,20.0,0.16010311595480903
2026-03-18 20:00:00,0.29602,20.0,0.2910037391857506
2026-03-19 00:00:00,0.326965,20.0,0.3404910325470771
2026-03-19 04:00:00,0.23656000000000002,20.0,0.2156808813609705
2026-03-19 08:00:00,0.196055,20.0,0.15441897561613385
2026-03-19 12:00:00,0.23885,20.0,0.21141406345006847
2026-03-19 16:00:00,0.08638000000000001,20.0,0.03773123940633202
2026-03-19 20:00:00,0.39233999999999997,20.0,0.3532199689823249
2026-03-20 00:00:00,0.36926315789473685,19.0,0.35085039188692596
2026-03-20 04:00:00,0.21781999999999996,20.0,0.21603427333979194
2026-03-20 08:00:00,0.053115,20.0,0.005289996764015847
2026-03-20 12:00:00,0.32769499999999996,20.0,0.35865243464624824
2026-03-20 16:00:00,0.410125,20.0,0.4636555760637263
2026-03-20 20:00:00,0.07991,20.0,0.054828221737622036
2026-03-21 00:00:00,-0.023169999999999986,20.0,-0.019893400867100224
2026-03-21 04:00:00,0.396485,20.0,0.37473483359056287
2026-03-21 08:00:00,0.15479000000000004,20.0,0.16349570506432118
2026-03-21 12:00:00,0.16597,20.0,0.11654837459888169
2026-03-21 16:00:00,0.18042500000000003,20.0,0.2886574932192696
2026-03-21 20:00:00,-0.26563000000000003,20.0,-0.3345520357051118
2026-03-22 00:00:00,0.15263500000000002,20.0,0.1616692045600229
2026-03-22 04:00:00,0.12607999999999997,20.0,0.11507631788802151
2026-03-22 08:00:00,0.09238999999999997,20.0,-0.006446111241292637
2026-03-22 12:00:00,0.203115,20.0,0.24168055607597305
2026-03-22 16:00:00,0.013174999999999992,20.0,-0.0370129099602348
2026-03-22 20:00:00,0.19318,20.0,0.13576641302337056
2026-03-23 00:00:00,0.13332000000000002,20.0,0.2102705624223575
2026-03-23 04:00:00,0.123525,20.0,0.19706949221108194
2026-03-23 08:00:00,-0.24731499999999995,20.0,-0.30060630621955375
2026-03-23 12:00:00,0.31898499999999996,20.0,0.3621566673792999
2026-03-23 16:00:00,0.24034000000000005,20.0,0.2856883812473001
2026-03-23 20:00:00,0.20994000000000002,20.0,0.19781189809495928
2026-03-24 00:00:00,0.279045,20.0,0.2461159793874734
2026-03-24 04:00:00,0.070325,20.0,0.05400661775399568
2026-03-24 08:00:00,0.08388999999999999,20.0,0.11842182369203214
2026-03-24 12:00:00,0.32491,20.0,0.3999609140866514
2026-03-24 16:00:00,0.21376499999999998,20.0,0.18950584924197603
2026-03-24 20:00:00,0.22304,20.0,0.23821090214708718
2026-03-25 00:00:00,0.206675,20.0,0.20692666301616328
2026-03-25 04:00:00,0.180915,20.0,0.23346228342216188
2026-03-25 08:00:00,0.076135,20.0,0.10044163985483572
2026-03-25 12:00:00,0.06932999999999999,20.0,0.09793005370968871
2026-03-25 16:00:00,0.18941999999999998,20.0,0.15549159737528817
2026-03-25 20:00:00,0.16327,20.0,0.22692703886255927
2026-03-26 00:00:00,0.26295,20.0,0.24171238813374343
2026-03-26 04:00:00,0.5056499999999999,20.0,0.49377483534421956
2026-03-26 08:00:00,-0.000495000000000001,20.0,-0.09257726804147538
2026-03-26 12:00:00,0.197015,20.0,0.21856763797538806
2026-03-26 16:00:00,0.018325,20.0,0.05317536404462231
2026-03-26 20:00:00,0.18962999999999997,20.0,0.25118177425542154
2026-03-27 00:00:00,0.20351499999999997,20.0,0.25232931878721404
2026-03-27 04:00:00,0.142165,20.0,0.09668908785343804
2026-03-27 08:00:00,-0.06597499999999999,20.0,0.031117129883347694
2026-03-27 12:00:00,0.20227000000000003,20.0,0.19966711203021925
2026-03-27 16:00:00,-0.00628000000000001,20.0,-0.031464172679247664
2026-03-27 20:00:00,0.23342000000000002,20.0,0.3377516569351709
2026-03-28 00:00:00,0.26528999999999997,20.0,0.2957665924351974
2026-03-28 04:00:00,0.19786000000000004,20.0,0.18160938202538646
2026-03-28 08:00:00,0.16543499999999997,20.0,0.18099564236285234
2026-03-28 12:00:00,0.17622,20.0,0.21471480960588302
2026-03-28 16:00:00,0.08978000000000001,20.0,0.003769961177431469
2026-03-28 20:00:00,0.19965,20.0,0.18604812267183754
2026-03-29 00:00:00,0.03658,20.0,0.0413242531660044
2026-03-29 04:00:00,0.20059999999999997,20.0,0.03398675117932736
2026-03-29 08:00:00,-0.02581,20.0,-0.15249424943226175
2026-03-29 12:00:00,0.34899,20.0,0.2146837118808244
2026-03-29 16:00:00,0.12362999999999999,20.0,0.11382003059760679
2026-03-29 20:00:00,0.075765,20.0,0.10541599160664132
2026-03-30 00:00:00,0.15574999999999997,20.0,0.14013181510104736
2026-03-30 04:00:00,0.32758,20.0,0.3762049738884074
2026-03-30 08:00:00,0.19774,20.0,0.20138650519309625
2026-03-30 12:00:00,0.16180499999999998,20.0,0.1253084642145009
2026-03-30 16:00:00,0.10273499999999999,20.0,0.10977224482489262
2026-03-30 20:00:00,0.22908421052631578,19.0,0.2290088941061184
2026-03-31 00:00:00,0.23694,20.0,0.27207895486030204
2026-03-31 04:00:00,0.13712,20.0,0.13570946121827537
2026-03-31 08:00:00,0.046659999999999986,20.0,0.10467450038888397
2026-03-31 12:00:00,0.07521499999999999,20.0,0.07825634163219981
2026-03-31 16:00:00,0.156275,20.0,0.1640200828705352
2026-03-31 20:00:00,0.297815,20.0,0.3100983643492237
2026-04-01 00:00:00,0.43526999999999993,20.0,0.3790391195017216
2026-04-01 04:00:00,0.134885,20.0,0.18237211036847556
2026-04-01 08:00:00,0.26174499999999995,20.0,0.31981545620081536
2026-04-01 12:00:00,0.02954,20.0,0.04223227890713232
2026-04-01 16:00:00,0.38070499999999996,20.0,0.37980038424472023
2026-04-01 20:00:00,0.22856000000000004,20.0,0.2163640691328078
2026-04-02 00:00:00,0.07128000000000004,20.0,0.024192130174752455
2026-04-02 04:00:00,0.095755,20.0,0.12026867734903743
2026-04-02 08:00:00,0.06845000000000001,20.0,0.12016650929762018
2026-04-02 12:00:00,0.32361,20.0,0.29798450969839557
2026-04-02 16:00:00,0.24795999999999996,20.0,0.2812510504531411
2026-04-02 20:00:00,0.325055,20.0,0.2638854005911935
2026-04-03 00:00:00,0.032500000000000015,20.0,0.037974042311368285
2026-04-03 04:00:00,0.26922,20.0,0.2189847853943174
2026-04-03 08:00:00,0.15406000000000003,20.0,0.11336184550948249
2026-04-03 12:00:00,0.10020500000000002,20.0,0.12049926856534467
2026-04-03 16:00:00,0.06776499999999999,20.0,0.1625444420268296
2026-04-03 20:00:00,0.21966999999999998,20.0,0.20469033828456498
2026-04-04 00:00:00,0.22384500000000002,20.0,0.18440724119203808
2026-04-04 04:00:00,0.328285,20.0,0.35046604146048727
2026-04-04 08:00:00,0.304815,20.0,0.3609394176382316
2026-04-04 12:00:00,0.10627499999999997,20.0,0.12361416219579231
2026-04-04 16:00:00,0.09369000000000001,20.0,0.0935626260365214
2026-04-04 20:00:00,0.211045,20.0,0.22894829718665619
2026-04-05 00:00:00,0.34630000000000005,20.0,0.35335290405548153
2026-04-05 04:00:00,0.11164000000000003,20.0,0.0672837640261574
2026-04-05 08:00:00,0.12782,20.0,0.12093936093687714
2026-04-05 12:00:00,0.38540500000000005,20.0,0.361019817513359
2026-04-05 16:00:00,0.38699500000000003,20.0,0.3453552954134143
2026-04-05 20:00:00,0.16455999999999998,20.0,0.1722501177408091
2026-04-06 00:00:00,0.11398,20.0,0.14203147419143194
2026-04-06 04:00:00,0.033655,20.0,-0.02456491350011501
2026-04-06 08:00:00,0.003140000000000004,20.0,-0.07443970918849949
2026-04-06 12:00:00,0.30457,20.0,0.3040661568673882
2026-04-06 16:00:00,0.24907999999999997,20.0,0.23704803083048237
2026-04-06 20:00:00,0.13251000000000002,20.0,0.14950829250156022
2026-04-07 00:00:00,0.28551999999999994,20.0,0.13000625161247892
2026-04-07 04:00:00,0.10603,20.0,0.12964586503765294
2026-04-07 08:00:00,0.43172499999999997,20.0,0.4569987554696824
2026-04-07 12:00:00,0.12459,20.0,0.21130138638462556
2026-04-07 16:00:00,0.295995,20.0,0.29824217066859243
2026-04-07 20:00:00,0.06761,20.0,0.12796468390943325
2026-04-08 00:00:00,0.30139,20.0,0.2842546185408455
2026-04-08 04:00:00,0.21217499999999995,20.0,0.22262923471141866
2026-04-08 08:00:00,0.38920499999999997,20.0,0.41916001689157656
2026-04-08 12:00:00,0.119265,20.0,0.21908343674843667
2026-04-08 16:00:00,0.15226,20.0,0.1823240666637351
2026-04-08 20:00:00,0.010345000000000016,20.0,0.015996903795548825
2026-04-09 00:00:00,0.22753,20.0,0.18460595309546374
2026-04-09 04:00:00,0.2922,20.0,0.24530229297563688
2026-04-09 08:00:00,0.227665,20.0,0.25938625291459166
2026-04-09 12:00:00,0.30501500000000004,20.0,0.32767719411895796
2026-04-09 16:00:00,0.13845,20.0,0.14912149176949419
2026-04-09 20:00:00,0.12993,20.0,0.2297012124573692
2026-04-10 00:00:00,0.246145,20.0,0.3856489415635196
2026-04-10 04:00:00,0.18841999999999998,20.0,0.15614236654796254
2026-04-10 08:00:00,0.24832000000000004,20.0,0.25293621508909386
2026-04-10 12:00:00,0.167515,20.0,0.185112447017688
2026-04-10 16:00:00,0.026215000000000023,20.0,0.016576084941190117
2026-04-10 20:00:00,-0.089825,20.0,-0.09797878446617689
2026-04-11 00:00:00,0.04424499999999999,20.0,0.0812319640202071
2026-04-11 04:00:00,0.32786,20.0,0.47438250654003783
2026-04-11 08:00:00,0.17287,20.0,0.18592402196395155
2026-04-11 12:00:00,0.21326000000000006,20.0,0.21461967332561027
2026-04-11 16:00:00,-0.015475000000000003,20.0,-0.0075196911521538045
2026-04-11 20:00:00,0.261645,20.0,0.22721032884440082
2026-04-12 00:00:00,0.19562,20.0,0.1687450622473268
2026-04-12 04:00:00,0.3575,20.0,0.381893262922661
2026-04-12 08:00:00,0.11764999999999999,20.0,0.07885995252341035
2026-04-12 12:00:00,0.12055500000000001,20.0,0.14115969279258758
2026-04-12 16:00:00,0.21058,20.0,0.25746293878627063
2026-04-12 20:00:00,0.014954999999999996,20.0,0.01646750903343644
2026-04-13 00:00:00,0.060056250000000005,16.0,0.23978471810913596
2026-04-13 04:00:00,0.36255384615384617,13.0,0.39575742003755343
2026-04-13 08:00:00,0.043579999999999994,20.0,0.012482517005156006
2026-04-13 12:00:00,0.20454,20.0,0.2709289914548049
2026-04-13 16:00:00,0.23956500000000003,20.0,0.21127273906420022
2026-04-13 20:00:00,0.15621999999999997,20.0,0.16426279719282072
2026-04-14 00:00:00,0.244435,20.0,0.23892578514081142
2026-04-14 04:00:00,0.22656,20.0,0.26737312425257426
2026-04-14 08:00:00,0.14693,20.0,0.0666621791598979
2026-04-14 12:00:00,0.16277,20.0,0.09062350096995445
2026-04-14 16:00:00,0.31723,20.0,0.3334973369670075
2026-04-14 20:00:00,0.09691999999999999,20.0,0.009543071737224308
2026-04-15 00:00:00,0.4099,11.0,0.4086337660579185
2026-04-15 04:00:00,0.11431,20.0,0.1891713511540628
2026-04-15 08:00:00,0.224725,20.0,0.21248794755088804
2026-04-15 12:00:00,0.22525500000000004,20.0,0.19972641718334808
2026-04-15 16:00:00,0.14701052631578948,19.0,0.1548995782412184
2026-04-15 20:00:00,0.10361000000000001,20.0,-0.00016609925213138284
2026-04-16 00:00:00,0.09978500000000001,20.0,0.07803459271737463
2026-04-16 04:00:00,0.25257999999999997,20.0,0.2649708855500215
2026-04-16 08:00:00,0.407925,20.0,0.45722874348496345
2026-04-16 12:00:00,0.13771499999999998,20.0,0.17024781418324178
2026-04-16 16:00:00,0.198795,20.0,0.22064713794493993
2026-04-16 20:00:00,0.23200500000000002,20.0,0.20271117161355864
2026-04-17 00:00:00,0.19915000000000002,20.0,0.199246852049264
2026-04-17 04:00:00,0.270405,20.0,0.28655595030983055
2026-04-17 08:00:00,-0.16029000000000002,20.0,-0.13411622480389238
2026-04-17 12:00:00,0.16163,20.0,0.152100235300815
2026-04-17 16:00:00,0.4477249999999999,20.0,0.44020471617130863
2026-04-17 20:00:00,0.26417999999999997,20.0,0.21195398413168542
2026-04-18 00:00:00,-0.026089999999999995,20.0,-0.008381188490800365
2026-04-18 04:00:00,0.12348999999999996,20.0,0.16667532891017553
2026-04-18 08:00:00,0.20511000000000004,20.0,0.24020029880478092
2026-04-18 12:00:00,0.04183500000000002,20.0,0.0484446654123423
2026-04-18 16:00:00,0.312105,20.0,0.27625940694966455
2026-04-18 20:00:00,0.0977,20.0,0.08162975110261499
2026-04-19 00:00:00,0.15404,20.0,0.12954009905616298
2026-04-19 04:00:00,0.20054,20.0,0.279869039056372
2026-04-19 08:00:00,0.11049500000000001,20.0,0.12398254544731883
2026-04-19 12:00:00,0.25224,20.0,0.29312491990858486
2026-04-19 16:00:00,0.23728500000000002,20.0,0.3582923059000182
2026-04-19 20:00:00,0.04455999999999999,20.0,0.03257501635444543
2026-04-20 00:00:00,-0.08248000000000003,20.0,-0.13201409034587203
2026-04-20 04:00:00,0.08049999999999999,20.0,0.029251642541298178
2026-04-20 08:00:00,0.3396,20.0,0.3207929922372673
2026-04-20 12:00:00,0.22275000000000006,20.0,0.268526306920455
2026-04-20 16:00:00,0.15759499999999999,20.0,0.14840655535000527
2026-04-20 20:00:00,0.12938,20.0,0.11486141731853641
2026-04-21 00:00:00,0.2673,19.0,0.305455476482565
2026-04-21 04:00:00,0.08389500000000001,20.0,0.14217121884189016
2026-04-21 08:00:00,0.22849,20.0,0.26061388144191444
2026-04-21 12:00:00,0.226655,20.0,0.1843295266775906
2026-04-21 16:00:00,0.13529,20.0,0.234488567624611
2026-04-21 20:00:00,0.04178,20.0,0.05724264556842997
2026-04-22 00:00:00,0.21161500000000003,20.0,0.2110879074578529
2026-04-22 04:00:00,0.38951578947368426,19.0,0.47755486629301946
2026-04-22 08:00:00,0.141415,20.0,0.17329078002154236
2026-04-22 12:00:00,0.1622578947368421,19.0,0.20769685971562327
2026-04-22 16:00:00,0.293025,20.0,0.364572379400163
2026-04-22 20:00:00,0.128575,20.0,0.13045095848379012
2026-04-23 00:00:00,0.29806,20.0,0.24976866843921378
2026-04-23 04:00:00,0.37345999999999996,20.0,0.3496106602038536
2026-04-23 08:00:00,0.4445500000000001,20.0,0.4828209687302085
2026-04-23 12:00:00,0.215125,20.0,0.23531421924964233
2026-04-23 16:00:00,0.04706500000000001,20.0,0.016216602039128093
2026-04-23 20:00:00,0.25309499999999996,20.0,0.22102577096247333
2026-04-24 00:00:00,0.1552,20.0,0.15969333712635125
2026-04-24 04:00:00,0.33328,20.0,0.35810640374897673
2026-04-24 08:00:00,0.4868200000000001,20.0,0.51155180869644
2026-04-24 12:00:00,0.15261,20.0,0.15805420279104268
2026-04-24 16:00:00,0.35451499999999997,20.0,0.3127389458640026
2026-04-24 20:00:00,0.16148,20.0,0.16375889517533795
2026-04-25 00:00:00,0.07243,20.0,0.085752607180262
2026-04-25 04:00:00,0.168585,20.0,0.14337178148303115
2026-04-25 08:00:00,0.03598,20.0,0.07880428027948012
2026-04-25 12:00:00,0.31601999999999997,20.0,0.284836300505349
2026-04-25 16:00:00,0.14716500000000005,20.0,0.08234403007008818
2026-04-25 20:00:00,0.10621499999999999,20.0,0.05952347094909205
2026-04-26 00:00:00,0.23553000000000002,20.0,0.31764608185959275
2026-04-26 04:00:00,0.36765499999999995,20.0,0.41062318457733815
2026-04-26 08:00:00,0.45029,20.0,0.4566411317980067
2026-04-26 12:00:00,-0.05339999999999999,20.0,-0.07934522222012354
2026-04-26 16:00:00,0.082925,20.0,0.020950698830743287
2026-04-26 20:00:00,0.08654500000000001,20.0,0.14014852724054092
2026-04-27 00:00:00,0.32111,20.0,0.37099369931171733
2026-04-27 04:00:00,-0.0008499999999999786,20.0,0.0014717744480959708
2026-04-27 08:00:00,0.15564999999999998,20.0,0.16349929371626948
2026-04-27 12:00:00,0.10792000000000002,20.0,0.07659049971032708
2026-04-27 16:00:00,0.08034500000000001,20.0,0.057785611008865305
2026-04-27 20:00:00,-0.04908999999999999,20.0,-0.0943752470349242
2026-04-28 00:00:00,0.20377,20.0,0.26641197990711785
2026-04-28 04:00:00,0.18384000000000003,20.0,0.38759439968452764
2026-04-28 08:00:00,0.07044500000000002,20.0,0.1792090219982026
2026-04-28 12:00:00,0.13853500000000002,20.0,0.10728265662897282
2026-04-28 16:00:00,0.303705,20.0,0.3111799241901152
2026-04-28 20:00:00,0.3800550000000001,20.0,0.3879763263427783
2026-04-29 00:00:00,0.277355,20.0,0.21326960727097957
2026-04-29 04:00:00,0.153225,20.0,0.10907912342575653
2026-04-29 08:00:00,0.17161500000000002,20.0,0.20109813271481508
2026-04-29 12:00:00,0.063135,20.0,-0.014982833962264148
2026-04-29 16:00:00,0.24693999999999994,20.0,0.33084730317109223
2026-04-29 20:00:00,0.44577,20.0,0.3970486293971954
2026-04-30 00:00:00,0.171,20.0,0.20239512417407157
2026-04-30 04:00:00,0.07107499999999999,20.0,0.04174545540981895
2026-04-30 08:00:00,0.22612000000000002,20.0,0.20697597441376533
2026-04-30 12:00:00,0.22129500000000002,20.0,0.22382863656260912
2026-04-30 16:00:00,0.160335,20.0,0.25037820922646786
2026-04-30 20:00:00,0.299215,20.0,0.32284141732754756
2026-05-01 00:00:00,0.26216500000000004,20.0,0.20987422078278534
2026-05-01 04:00:00,0.31618,20.0,0.27704248534129877
2026-05-01 08:00:00,0.099915,20.0,0.1262467767004663
2026-05-01 12:00:00,0.081515,20.0,0.11598022792787331
2026-05-01 16:00:00,0.2379,20.0,0.28090753216094944
2026-05-01 20:00:00,0.06437500000000003,20.0,0.03764754340870779
2026-05-02 00:00:00,0.11392,20.0,0.11747221522016942
2026-05-02 04:00:00,0.20126499999999997,20.0,0.173122594276595
2026-05-02 08:00:00,0.2559600000000001,20.0,0.2589874685442796
2026-05-02 12:00:00,0.23810999999999996,20.0,0.29251490917777634
2026-05-02 16:00:00,0.251,20.0,0.29125284887802283
2026-05-02 20:00:00,0.151005,20.0,0.2463146001764086
2026-05-03 00:00:00,0.26658499999999996,20.0,0.2727566950767929
2026-05-03 04:00:00,0.19093,20.0,0.1426823827039859
2026-05-03 08:00:00,0.21955500000000003,20.0,0.17301991643807138
2026-05-03 12:00:00,0.19883500000000004,20.0,0.23604591672446257
2026-05-03 16:00:00,0.05131999999999999,20.0,-0.02150206439767175
2026-05-04 00:00:00,0.17792999999999998,20.0,0.2220886757414978
2026-05-04 04:00:00,0.11423999999999997,20.0,0.07378832510237004
2026-05-04 08:00:00,0.21238499999999996,20.0,0.17369459911793406
2026-05-04 12:00:00,0.279435,20.0,0.2378601259484254
2026-05-04 16:00:00,0.152405,20.0,0.17648145230536197
2026-05-04 20:00:00,0.092225,20.0,0.13120112676056334
2026-05-05 00:00:00,0.20659,20.0,0.19023727707270305
2026-05-05 04:00:00,0.12869,20.0,0.10894202846554887
2026-05-05 08:00:00,0.33290999999999993,20.0,0.40763237131778235
2026-05-05 12:00:00,0.275275,20.0,0.3057667010615361
2026-05-05 16:00:00,0.430295,20.0,0.4253512953849732
2026-05-05 20:00:00,0.23572500000000002,20.0,0.2039767137882303
2026-05-06 00:00:00,0.36691000000000007,20.0,0.37712385979751784
2026-05-06 04:00:00,0.09907500000000001,20.0,0.11331808882092283
2026-05-06 08:00:00,0.35749,20.0,0.35437290248331993
2026-05-06 12:00:00,0.30525,20.0,0.23869747067238908
2026-05-06 16:00:00,0.29473499999999997,20.0,0.3247115030237996
2026-05-06 20:00:00,0.05096500000000002,20.0,0.07736230514826856
2026-05-07 00:00:00,0.27704999999999996,20.0,0.2711954496056635
2026-05-07 04:00:00,0.25856,20.0,0.19463349525186976
2026-05-07 08:00:00,0.3271,20.0,0.3283903594875798
2026-05-07 12:00:00,0.12282499999999999,20.0,0.1764794929862157
2026-05-07 16:00:00,0.01661999999999999,20.0,0.052228642341284846
2026-05-07 20:00:00,0.15322000000000005,20.0,0.1869389148399321
2026-05-08 00:00:00,0.15038999999999997,20.0,0.10078370162487342
2026-05-08 04:00:00,0.19707500000000003,20.0,0.21186320653058693
2026-05-08 08:00:00,0.269665,20.0,0.3070509483004712
2026-05-08 12:00:00,0.19843000000000002,20.0,0.19896345570914672
2026-05-08 16:00:00,0.41239499999999996,20.0,0.4088546934329692
2026-05-08 20:00:00,0.01339499999999999,20.0,0.02538805825984459
2026-05-09 00:00:00,0.4010999999999999,20.0,0.4099025096726395
2026-05-09 04:00:00,0.0186,20.0,-0.06333467717636929
2026-05-09 08:00:00,0.21474000000000001,20.0,0.1736206895848043
2026-05-09 12:00:00,0.317355,20.0,0.3376563977365203
2026-05-09 16:00:00,0.3770349999999999,20.0,0.3762844708313173
2026-05-09 20:00:00,0.0016100000000000003,20.0,-0.041113529314547786
2026-05-10 00:00:00,0.23754,20.0,0.20640248182571086
2026-05-10 04:00:00,0.30107000000000006,20.0,0.27501264253144053
2026-05-10 08:00:00,0.16594500000000004,20.0,0.18620408781317677
2026-05-10 12:00:00,0.21262499999999998,20.0,0.11769763407322029
2026-05-10 16:00:00,0.13396000000000002,20.0,0.10929543538178291
2026-05-10 20:00:00,0.26412,20.0,0.3019628130782857
2026-05-11 00:00:00,0.20528999999999997,20.0,0.24434136220029845
2026-05-11 04:00:00,0.28199,20.0,0.19367667841237216
2026-05-11 08:00:00,0.235665,20.0,0.18645787809581812
2026-05-11 12:00:00,0.34170999999999996,20.0,0.3328047657143443
2026-05-11 16:00:00,0.17457,20.0,0.16204776364520776
2026-05-11 20:00:00,0.38297000000000003,20.0,0.35559780079390435
2026-05-12 00:00:00,0.22807000000000005,20.0,0.2873651803629308
2026-05-12 04:00:00,0.310155,20.0,0.3600889050834018
2026-05-12 08:00:00,0.30841,20.0,0.35808511076025074
2026-05-12 12:00:00,0.24781500000000004,20.0,0.23038082533564475
2026-05-12 16:00:00,0.16366000000000003,20.0,0.19997692733911404
2026-05-12 20:00:00,0.10957000000000003,20.0,0.04978045011093216
2026-05-13 00:00:00,0.30196,20.0,0.2874505057747676
2026-05-13 04:00:00,0.5455099999999999,20.0,0.5112276436855789
2026-05-13 08:00:00,0.196705,20.0,0.11231378180239307
2026-05-13 12:00:00,0.059530000000000007,20.0,0.06418146528444908
2026-05-13 16:00:00,0.18682500000000002,20.0,0.21551146361782977
2026-05-13 20:00:00,-0.05641,20.0,-0.11188343593231113
2026-05-14 00:00:00,0.11253500000000001,20.0,0.10607764077951091
2026-05-14 04:00:00,0.06444000000000001,20.0,0.050930049353629936
2026-05-14 08:00:00,0.15495999999999993,20.0,0.1251441024156278
2026-05-14 12:00:00,0.313025,20.0,0.28642763581655567
2026-05-14 16:00:00,0.320485,20.0,0.30201033587984727
2026-05-14 20:00:00,0.11334999999999998,20.0,0.14955147958610407
2026-05-15 00:00:00,0.4859099999999999,20.0,0.4969980112437866
2026-05-15 04:00:00,0.24750526315789476,19.0,0.2700582312835834
2026-05-15 08:00:00,0.14741500000000002,20.0,0.13198594561521504
2026-05-15 12:00:00,0.24738499999999997,20.0,0.2532524164886386
2026-05-15 16:00:00,0.4108850000000001,20.0,0.43761018593240575
2026-05-15 20:00:00,0.16724999999999998,20.0,0.15389420924307318
2026-05-16 00:00:00,0.27342,20.0,0.2354205896239309
2026-05-16 04:00:00,0.20987999999999998,20.0,0.27819454692884654
2026-05-16 08:00:00,0.14999999999999997,20.0,0.07241960720130934
2026-05-16 12:00:00,0.19357000000000002,20.0,0.1616013902251056
2026-05-16 16:00:00,0.2635200000000001,20.0,0.3155312157278521
2026-05-16 20:00:00,0.23259000000000002,20.0,0.1675144176706827
2026-05-17 00:00:00,0.26581,20.0,0.19752999501122476
2026-05-17 04:00:00,0.19711499999999998,20.0,0.25813044967122717
2026-05-17 08:00:00,0.209945,20.0,0.23248967502709197
2026-05-17 12:00:00,0.13285,20.0,0.09372389359593052
2026-05-17 16:00:00,-0.020168421052631585,19.0,5.103519773439327e-05
2026-05-17 20:00:00,0.13529999999999998,20.0,0.02879910556292854
2026-05-18 00:00:00,0.041944999999999996,20.0,0.06107326679947142
2026-05-18 04:00:00,0.33566,20.0,0.2651905296559599
2026-05-18 08:00:00,0.26411,20.0,0.32507542459736466
2026-05-18 12:00:00,-0.09402999999999999,20.0,-0.19270402482381788
2026-05-18 16:00:00,0.10973999999999999,20.0,0.08299790047184222
2026-05-18 20:00:00,0.40481,20.0,0.3577679601995342
2026-05-19 00:00:00,0.201625,20.0,0.19202071541535817
2026-05-19 04:00:00,0.41675499999999993,20.0,0.4473427556915774
2026-05-19 08:00:00,0.21246842105263153,19.0,0.1986275507897711
2026-05-19 12:00:00,0.336525,20.0,0.3943259781391216
2026-05-19 16:00:00,0.46852499999999997,20.0,0.5113761644486691
2026-05-19 20:00:00,0.15413000000000002,20.0,0.16605697724212293
2026-05-20 00:00:00,0.24793500000000002,20.0,0.2622569021849581
2026-05-20 04:00:00,0.13538499999999998,20.0,0.1640515957043314
2026-05-20 08:00:00,0.313895,20.0,0.3150896811865996
2026-05-20 12:00:00,0.19393500000000002,20.0,0.24846249378836108
2026-05-20 16:00:00,0.49894,20.0,0.5473994046376133
2026-05-20 20:00:00,0.32325499999999996,20.0,0.3542975368352421
2026-05-21 00:00:00,0.2231,20.0,0.25057987600885506
2026-05-21 04:00:00,0.299855,20.0,0.3241350020498337
2026-05-21 08:00:00,0.5439550000000001,20.0,0.5178243459124624
2026-05-21 12:00:00,0.18481000000000003,20.0,0.181929564312997
2026-05-21 16:00:00,0.26102499999999995,20.0,0.30588414593727487
2026-05-21 20:00:00,0.19012999999999997,20.0,0.18171955346206317
2026-05-22 00:00:00,0.263195,20.0,0.2905566088522415
2026-05-22 04:00:00,0.574795,20.0,0.5499708667935701
2026-05-22 08:00:00,0.5938399999999999,20.0,0.6428303534761304
2026-05-22 12:00:00,0.3624105263157895,19.0,0.37485977742086135
2026-05-22 16:00:00,0.189205,20.0,0.23316059417009027
2026-05-22 20:00:00,0.206065,20.0,0.2268944287617959
2026-05-23 00:00:00,0.19183,20.0,0.2410625654170672
2026-05-23 04:00:00,0.18153999999999998,20.0,0.07238357161097686
2026-05-23 08:00:00,0.4727099999999999,20.0,0.4766538364233961
2026-05-23 12:00:00,0.10704500000000002,20.0,0.12453958262283897
2026-05-23 16:00:00,0.357795,20.0,0.3510362143962615
2026-05-23 20:00:00,0.20519500000000007,20.0,0.230022745915071
2026-05-24 00:00:00,0.24314999999999998,20.0,0.2357191454048003
2026-05-24 04:00:00,0.25137,20.0,0.35579188930077976
2026-05-24 08:00:00,0.11331500000000001,20.0,0.17849170830126487
2026-05-24 12:00:00,0.38752,20.0,0.3644558610371608
2026-05-24 16:00:00,0.138355,20.0,0.16970120614865886
2026-05-24 20:00:00,0.1909,20.0,0.19840893249053962
2026-05-25 00:00:00,0.21064,20.0,0.27373352718659405
2026-05-25 04:00:00,0.345725,20.0,0.35288612870037434
2026-05-25 08:00:00,0.45786999999999994,20.0,0.46626950585506305
2026-05-25 12:00:00,0.32867999999999997,20.0,0.3800387072235475
2026-05-25 16:00:00,0.335175,20.0,0.30111006859136996
2026-05-25 20:00:00,0.19934,20.0,0.19986456716888024
2026-05-26 00:00:00,-0.033025000000000006,20.0,-0.051275818252237614
2026-05-26 04:00:00,0.37954499999999997,20.0,0.3291914190985454
2026-05-26 08:00:00,0.265445,20.0,0.2626987743347865
2026-05-26 12:00:00,0.26595,20.0,0.2769823252365426
2026-05-26 16:00:00,0.15542499999999998,20.0,0.014471874282897474
2026-05-26 20:00:00,0.182525,20.0,0.20321302695658128
2026-05-27 00:00:00,0.23669,20.0,0.24640883656181245
2026-05-27 04:00:00,0.33482500000000004,20.0,0.29397015202993293
2026-05-27 08:00:00,0.208455,20.0,0.24580342832722282
2026-05-27 12:00:00,0.10020500000000002,20.0,0.07106737186850788
2026-05-27 16:00:00,0.32304,20.0,0.43042720304967824
2026-05-27 20:00:00,0.18502,20.0,0.16880923941366532
2026-05-28 00:00:00,-0.09505499999999999,20.0,-0.15225881151502835
2026-05-28 04:00:00,0.217455,20.0,0.2335420920489043
2026-05-28 08:00:00,0.27812000000000003,20.0,0.22641568536820136
2026-05-28 12:00:00,0.319755,20.0,0.29718873840141835
2026-05-28 16:00:00,0.37543000000000004,20.0,0.3227537536114967
2026-05-28 20:00:00,0.42503,20.0,0.3785274627337134
2026-05-29 00:00:00,0.033979999999999996,20.0,0.0036476497632608133
2026-05-29 04:00:00,0.202015,20.0,0.17999290409058913
2026-05-29 08:00:00,0.127495,20.0,0.1303651855615583
2026-05-29 12:00:00,0.26664,20.0,0.2413629614137823
2026-05-29 16:00:00,0.018234999999999994,20.0,-0.030463173629475655
2026-05-29 20:00:00,0.6419249999999999,20.0,0.5493361205773276
2026-05-30 00:00:00,0.24532499999999996,20.0,0.2762655979155123
2026-05-30 04:00:00,0.39812,20.0,0.27003567583489063
2026-05-30 08:00:00,0.316985,20.0,0.28560108444387633
2026-05-30 12:00:00,0.122035,20.0,0.07860126913273725
2026-05-30 16:00:00,0.53945,20.0,0.47723052418187073
2026-05-30 20:00:00,0.28710500000000005,20.0,0.282986313861468
2026-05-31 00:00:00,0.23879,20.0,0.2841268012700072
2026-05-31 04:00:00,0.30806,20.0,0.32931176111729443
2026-05-31 08:00:00,0.12092999999999998,20.0,0.0819002459202889
2026-05-31 12:00:00,0.08389999999999999,20.0,0.03124589330607509
2026-05-31 16:00:00,0.20810999999999996,20.0,0.19499546100392454
2026-05-31 20:00:00,0.17729499999999998,20.0,0.1367508475775914
2026-06-01 00:00:00,0.39327999999999996,20.0,0.4301087773648105
2026-06-01 04:00:00,0.5628399999999999,20.0,0.26728243859928597
2026-06-01 08:00:00,0.17034,20.0,0.1880788140001847
2026-06-01 12:00:00,0.16196,20.0,0.11881297923927871
2026-06-02 00:00:00,0.33370000000000005,20.0,0.41926048354075135
2026-06-02 04:00:00,0.13476000000000002,20.0,0.1316581628419945
2026-06-02 08:00:00,0.325425,20.0,0.3134544000362703
2026-06-02 12:00:00,0.154125,20.0,0.1439237922649482
2026-06-02 16:00:00,0.125625,20.0,0.1086335335160836
2026-06-02 20:00:00,-0.029205000000000016,20.0,-0.08034317452918617
2026-06-03 00:00:00,-0.004539999999999991,20.0,-0.09778497675678118
2026-06-03 04:00:00,0.26674000000000003,20.0,0.2458402597963679
2026-06-03 08:00:00,0.24931,20.0,0.2609949931837898
2026-06-03 12:00:00,0.01601,20.0,0.01474591492234975
2026-06-03 16:00:00,-0.011900000000000004,20.0,0.013002776242117915
2026-06-03 20:00:00,0.11423000000000001,20.0,0.07975215847359515
2026-06-04 00:00:00,0.21063,20.0,0.25181277829261633
2026-06-04 04:00:00,0.15077,20.0,0.21384674053563613
2026-06-04 08:00:00,0.23414000000000007,20.0,0.23513907047242336
2026-06-04 12:00:00,0.10137499999999997,20.0,0.09381275708467861
2026-06-04 16:00:00,-0.09766000000000001,20.0,-0.12178691462160297
2026-06-04 20:00:00,0.09661499999999999,20.0,0.09513105227427021
2026-06-05 00:00:00,0.61174,20.0,0.5839016980003985
2026-06-05 04:00:00,-0.02167499999999999,20.0,0.0758065619144104
2026-06-05 08:00:00,0.12775999999999998,20.0,0.16769515107682414
2026-06-05 12:00:00,0.13111499999999998,20.0,0.11527418432356773
2026-06-05 16:00:00,0.14679999999999999,20.0,0.10967794475485054
2026-06-05 20:00:00,0.074435,20.0,0.1762498198881068
2026-06-06 00:00:00,-0.22731999999999997,20.0,-0.0909970999809113
2026-06-06 04:00:00,0.167655,20.0,0.10825876314361552
2026-06-06 08:00:00,0.30338499999999996,20.0,0.2730553169699818
2026-06-06 12:00:00,0.14719,20.0,0.23012015014993417
2026-06-06 16:00:00,0.06881500000000002,20.0,0.05461235437416106
2026-06-06 20:00:00,0.06624500000000003,20.0,0.03694741334051287
2026-06-07 00:00:00,0.705665,20.0,0.7180575498106371
2026-06-07 04:00:00,0.205795,20.0,0.21218006300285217
2026-06-07 08:00:00,-0.09866999999999997,20.0,-0.08379420778333753
2026-06-07 12:00:00,0.12527500000000003,20.0,0.10386223628351439
2026-06-07 16:00:00,0.013405000000000005,20.0,-0.059825802343217424
2026-06-07 20:00:00,0.29660000000000003,20.0,0.40627601193141705
2026-06-08 00:00:00,0.835525,20.0,0.8272285421247385
2026-06-08 04:00:00,0.078295,20.0,0.082035952970297
2026-06-08 08:00:00,0.06209,20.0,0.009854893311379002
2026-06-08 12:00:00,0.204185,20.0,0.1943524106054876
2026-06-08 16:00:00,0.11027,20.0,0.12199638525931691
2026-06-08 20:00:00,0.159625,20.0,0.2139883709273183
