window_start,price_open,price_high,price_low,price_close,price_mean,market_cap_mean,volume_sum,price_return,price_range_pct,next_price_close,next_4h_return,target_up_next_4h,tweet_count,sentiment_mean,sentiment_min,sentiment_max,sentiment_std,positive_tweet_ratio,negative_tweet_ratio,engagement_weight_mean,engagement_weight_sum,weighted_sentiment_sum,weighted_sentiment_mean
2025-06-08T00:00:00Z,105665.12,105716.47,105524.79,105549.37,105613.94,2099291787723.0,70455656119.0,-0.001095,0.001814,105517.46,-0.000302,0,20,0.0,0.0,0.0,0.0,0.0,0.0,0.7445,14.8895,0.0,0.0
2025-06-08T04:00:00Z,105513.45,105628.0,105487.25,105517.46,105536.54,2097649014055.0,66117650918.0,3.8e-05,0.001334,105383.65,-0.001268,0,20,0.0,0.0,0.0,0.0,0.0,0.0,1.0881,21.7625,0.0,0.0
2025-06-08T08:00:00Z,105471.47,105471.47,105223.76,105383.65,105385.65,2094905094544.0,60919339107.0,-0.000833,0.002349,105823.02,0.004169,1,20,0.0,0.0,0.0,0.0,0.0,0.0,1.0295,20.5902,0.0,0.0
2025-06-08T12:00:00Z,105678.52,105823.02,105677.06,105823.02,105737.4,2101869675965.0,62363542747.0,0.001367,0.001381,106334.89,0.004837,1,20,0.0,0.0,0.0,0.0,0.0,0.0,1.0624,21.2477,0.0,0.0
2025-06-08T16:00:00Z,106002.76,106334.89,106002.76,106334.89,106206.29,2111031635583.0,62957595123.0,0.003133,0.003133,105859.29,-0.004473,0,20,0.0,0.0,0.0,0.0,0.0,0.0,1.0871,21.7427,0.0,0.0
2025-06-08T20:00:00Z,106308.26,106348.57,105859.29,105859.29,106183.6,2110893826961.0,62222991264.0,-0.004223,0.004602,105622.44,-0.002237,0,20,0.0,0.0,0.0,0.0,0.0,0.0,1.006,20.121,0.0,0.0
2025-06-09T00:00:00Z,105724.24,105759.61,105605.3,105622.44,105677.9,2100535358237.0,67942701628.0,-0.000963,0.00146,105677.07,0.000517,1,20,0.0,0.0,0.0,0.0,0.0,0.0,0.909,18.18,0.0,0.0
2025-06-09T04:00:00Z,105622.25,105677.07,105443.99,105677.07,105574.72,2098279286448.0,74069131171.0,0.000519,0.002207,107193.15,0.014346,1,20,0.0,0.0,0.0,0.0,0.0,0.0,0.4572,9.145,0.0,0.0
2025-06-09T08:00:00Z,105603.46,107193.15,105603.46,107193.15,106336.47,2113389163926.0,83347721531.0,0.015053,0.015053,107619.7,0.003979,1,20,0.0,0.0,0.0,0.0,0.0,0.0,1.1259,22.5186,0.0,0.0
2025-06-09T12:00:00Z,107702.0,107799.21,107115.21,107619.7,107559.03,2138270224659.0,102368934670.0,-0.000764,0.006351,108452.75,0.007741,1,20,0.0,0.0,0.0,0.0,0.0,0.0,1.0396,20.7916,0.0,0.0
2025-06-09T16:00:00Z,107772.83,108452.75,107772.83,108452.75,108113.79,2149234885780.0,116212223184.0,0.006309,0.006309,110191.91,0.016036,1,20,0.0,0.0,0.0,0.0,0.0,0.0,1.1602,23.2047,0.0,0.0
2025-06-09T20:00:00Z,108539.58,110191.91,108539.58,110191.91,109359.94,2173303472658.0,135813077007.0,0.015223,0.015223,109688.31,-0.00457,0,20,0.0,0.0,0.0,0.0,0.0,0.0,1.0324,20.6487,0.0,0.0
2025-06-10T00:00:00Z,110265.69,110265.69,109688.31,109688.31,109924.71,2185335095828.0,155644138778.0,-0.005236,0.005236,109555.2,-0.001214,0,20,0.0,0.0,0.0,0.0,0.0,0.0,0.9438,18.877,0.0,0.0
2025-06-10T04:00:00Z,109577.37,109577.37,109333.96,109555.2,109505.25,2176560017153.0,154858243851.0,-0.000202,0.002221,109331.86,-0.002039,0,20,0.0,0.0,0.0,0.0,0.0,0.0,0.9828,19.6554,0.0,0.0
2025-06-10T08:00:00Z,109250.09,109496.85,109199.47,109331.86,109319.57,2172873326736.0,160551272813.0,0.000748,0.002722,108650.27,-0.006234,0,20,0.0,0.0,0.0,0.0,0.0,0.0,0.9668,19.335,0.0,0.0
2025-06-10T12:00:00Z,109607.19,109648.77,108650.27,108650.27,109290.75,2172135202236.0,153717192431.0,-0.00873,0.00911,109382.93,0.006743,1,20,0.0,0.0,0.0,0.0,0.0,0.0,0.9182,18.3635,0.0,0.0
2025-06-10T16:00:00Z,109000.4,109382.93,108743.0,109382.93,108968.86,2165635742717.0,156657828331.0,0.003509,0.005871,109750.11,0.003357,1,20,0.0,0.0,0.0,0.0,0.0,0.0,1.1796,23.5928,0.0,0.0
2025-06-10T20:00:00Z,109547.82,109920.32,109547.82,109750.11,109765.33,2182114063306.0,153467211660.0,0.001847,0.0034,109670.03,-0.00073,0,20,0.0,0.0,0.0,0.0,0.0,0.0,1.0901,21.8022,0.0,0.0
2025-06-11T00:00:00Z,110212.73,110212.73,109611.52,109670.03,109865.28,2183138689911.0,138778820179.0,-0.004924,0.005455,109541.98,-0.001168,0,20,0.0,0.0,0.0,0.0,0.0,0.0,0.9966,19.9321,0.0,0.0
2025-06-11T04:00:00Z,109713.58,109713.58,109522.65,109541.98,109590.59,2178235935032.0,136591132928.0,-0.001564,0.00174,109374.84,-0.001526,0,19,0.0,0.0,0.0,0.0,0.0,0.0,0.7114,13.5168,0.0,0.0
2025-06-11T08:00:00Z,109469.77,109581.24,109250.24,109374.84,109419.02,2175026891571.0,130413280682.0,-0.000867,0.003024,109884.4,0.004659,1,20,0.0,0.0,0.0,0.0,0.0,0.0,0.7184,14.3676,0.0,0.0
2025-06-11T12:00:00Z,109246.38,109884.4,109246.38,109884.4,109621.8,2178816748508.0,125136580830.0,0.00584,0.00584,108807.73,-0.009798,0,20,0.0,0.0,0.0,0.0,0.0,0.0,0.992,19.8394,0.0,0.0
2025-06-11T16:00:00Z,109841.87,109841.87,108807.73,108807.73,109321.28,2173152988341.0,124730359152.0,-0.009415,0.009415,108421.48,-0.00355,0,20,0.0,0.0,0.0,0.0,0.0,0.0,0.9889,19.7787,0.0,0.0
2025-06-11T20:00:00Z,108732.36,108927.93,108421.48,108421.48,108649.68,2160543171182.0,122603871090.0,-0.002859,0.004658,108509.15,0.000809,1,20,0.0,0.0,0.0,0.0,0.0,0.0,1.0214,20.4274,0.0,0.0
2025-06-12T00:00:00Z,108686.78,108705.46,108492.89,108509.15,108598.57,2158757092211.0,111348343401.0,-0.001634,0.001956,107939.04,-0.005254,0,20,0.0,0.0,0.0,0.0,0.0,0.0,0.9845,19.6892,0.0,0.0
2025-06-12T04:00:00Z,107913.41,107939.04,107743.12,107939.04,107835.8,2143465046583.0,134627477406.0,0.000237,0.001816,107298.54,-0.005934,0,20,0.0,0.0,0.0,0.0,0.0,0.0,0.9915,19.8299,0.0,0.0
2025-06-12T08:00:00Z,107625.72,107732.64,107298.54,107298.54,107541.56,2137556934693.0,137092029925.0,-0.00304,0.004033,107625.7,0.003049,1,20,0.0,0.0,0.0,0.0,0.0,0.0,0.9062,18.1235,0.0,0.0
2025-06-12T12:00:00Z,107016.03,107625.7,107016.03,107625.7,107219.11,2131476077644.0,135654391680.0,0.005697,0.005697,107548.23,-0.00072,0,20,0.0,0.0,0.0,0.0,0.0,0.0,1.1557,23.1141,0.0,0.0
2025-06-12T16:00:00Z,107048.82,108314.86,107048.82,107548.23,107650.89,2139720407134.0,122497772781.0,0.004665,0.011827,105893.4,-0.015387,0,20,0.0,0.0,0.0,0.0,0.0,0.0,0.8272,16.5444,0.0,0.0
2025-06-12T20:00:00Z,106846.91,106846.91,105893.4,105893.4,106187.62,2111589712549.0,138219656947.0,-0.008924,0.008924,103639.05,-0.021289,0,20,0.0,0.0,0.0,0.0,0.0,0.0,1.1404,22.8081,0.0,0.0
2025-06-13T00:00:00Z,105897.58,105897.58,103639.05,103639.05,104288.77,2073114642854.0,170007965046.0,-0.021328,0.021328,104493.77,0.008247,1,20,0.0,0.0,0.0,0.0,0.0,0.0,1.0223,20.4468,0.0,0.0
2025-06-13T04:00:00Z,104334.93,104493.77,104170.3,104493.77,104369.21,2074630044482.0,192811592549.0,0.001522,0.0031,104890.83,0.0038,1,20,0.0,0.0,0.0,0.0,0.0,0.0,1.1084,22.1675,0.0,0.0
2025-06-13T08:00:00Z,104916.65,104916.65,104815.85,104890.83,104864.89,2083798838093.0,201735659958.0,-0.000246,0.000961,104892.21,1.3e-05,1,20,0.0,0.0,0.0,0.0,0.0,0.0,0.9003,18.0067,0.0,0.0
2025-06-13T12:00:00Z,105017.0,105017.0,104856.29,104892.21,104920.45,2084850256569.0,208224040259.0,-0.001188,0.00153,105131.04,0.002277,1,20,0.0,0.0,0.0,0.0,0.0,0.0,0.9717,19.4345,0.0,0.0
2025-06-13T16:00:00Z,105519.42,105790.83,105131.04,105131.04,105455.2,2095635075221.0,217188269439.0,-0.003681,0.006253,105807.38,0.006433,1,20,0.0,0.0,0.0,0.0,0.0,0.0,0.9256,18.5125,0.0,0.0
2025-06-13T20:00:00Z,105170.42,105807.38,105170.42,105807.38,105512.81,2097402767009.0,205859918212.0,0.006057,0.006057,105411.24,-0.003744,0,20,0.0,0.0,0.0,0.0,0.0,0.0,0.8816,17.6314,0.0,0.0
2025-06-14T00:00:00Z,106068.92,106068.92,105411.24,105411.24,105759.44,2102629201391.0,170013551529.0,-0.006201,0.006201,105177.64,-0.002216,0,19,0.0,0.0,0.0,0.0,0.0,0.0,0.9133,17.3529,0.0,0.0
2025-06-14T04:00:00Z,105292.87,105387.03,105177.64,105177.64,105303.75,2093283465530.0,136829706394.0,-0.001094,0.001989,105043.5,-0.001275,0,20,0.0,0.0,0.0,0.0,0.0,0.0,0.9192,18.3845,0.0,0.0
2025-06-14T08:00:00Z,105107.05,105123.22,104924.54,105043.5,105049.58,2088033585603.0,116939622006.0,-0.000605,0.00189,104959.9,-0.000796,0,20,0.0,0.0,0.0,0.0,0.0,0.0,1.0752,21.5049,0.0,0.0
2025-06-14T12:00:00Z,105137.36,105137.36,104959.9,104959.9,105029.26,2087116118337.0,101997211562.0,-0.001688,0.001688,104708.79,-0.002392,0,20,0.0,0.0,0.0,0.0,0.0,0.0,0.8987,17.9748,0.0,0.0
2025-06-14T16:00:00Z,104841.14,104841.14,104509.78,104708.79,104670.39,2080435633269.0,79910001762.0,-0.001262,0.003161,105396.86,0.006571,1,20,0.0,0.0,0.0,0.0,0.0,0.0,0.9786,19.5723,0.0,0.0
2025-06-14T20:00:00Z,104842.72,105396.86,104842.72,105396.86,105108.97,2089468873402.0,70706395253.0,0.005286,0.005286,105527.38,0.001238,1,20,0.0,0.0,0.0,0.0,0.0,0.0,0.9454,18.9071,0.0,0.0
2025-06-15T00:00:00Z,105459.04,105647.33,105459.04,105527.38,105524.73,2097796608659.0,63453937666.0,0.000648,0.001786,105497.15,-0.000286,0,20,0.0,0.0,0.0,0.0,0.0,0.0,0.926,18.5199,0.0,0.0
2025-06-15T04:00:00Z,105529.92,106032.02,105497.15,105497.15,105660.35,2100220205502.0,58545641107.0,-0.000311,0.005068,105158.73,-0.003208,0,20,0.0,0.0,0.0,0.0,0.0,0.0,0.9665,19.33,0.0,0.0
2025-06-15T08:00:00Z,105466.65,105466.65,104941.09,105158.73,105194.61,2091026937538.0,62633130505.0,-0.00292,0.004983,105700.75,0.005154,1,20,0.0,0.0,0.0,0.0,0.0,0.0,1.0003,20.0059,0.0,0.0
2025-06-15T12:00:00Z,105007.4,105700.75,105007.4,105700.75,105356.48,2094047419514.0,63376636000.0,0.006603,0.006603,105522.54,-0.001686,0,20,0.0,0.0,0.0,0.0,0.0,0.0,0.9,18.0006,0.0,0.0
2025-06-15T16:00:00Z,105581.58,105703.73,105522.54,105522.54,105595.82,2099171817531.0,64424033402.0,-0.000559,0.001716,105278.34,-0.002314,0,20,0.0,0.0,0.0,0.0,0.0,0.0,0.9245,18.4891,0.0,0.0
2025-06-15T20:00:00Z,105284.64,105284.64,104735.93,105278.34,105022.05,2087942635907.0,58506262311.0,-6e-05,0.005212,105822.87,0.005172,1,20,0.0,0.0,0.0,0.0,0.0,0.0,0.8427,16.8544,0.0,0.0
2025-06-16T00:00:00Z,105564.17,105822.87,105424.2,105822.87,105651.71,2099575286833.0,70250486585.0,0.002451,0.003777,106640.68,0.007728,1,20,0.0,0.0,0.0,0.0,0.0,0.0,1.1504,23.0082,0.0,0.0
2025-06-16T04:00:00Z,105909.21,106640.68,105909.21,106640.68,106343.79,2113844016785.0,79892881057.0,0.006907,0.006907,106809.25,0.001581,1,20,0.0,0.0,0.0,0.0,0.0,0.0,1.0493,20.9868,0.0,0.0
2025-06-16T08:00:00Z,107058.99,107167.67,106809.25,106809.25,106993.28,2126905735920.0,89090825747.0,-0.002333,0.003348,107665.86,0.00802,1,20,0.0,0.0,0.0,0.0,0.0,0.0,0.94,18.8002,0.0,0.0
2025-06-16T12:00:00Z,106864.15,107665.86,106755.9,107665.86,107079.36,2127380950904.0,96843880322.0,0.007502,0.008515,108108.32,0.004109,1,20,0.0,0.0,0.0,0.0,0.0,0.0,1.0938,21.875,0.0,0.0
2025-06-16T16:00:00Z,107526.88,108108.32,107526.88,108108.32,107804.31,2143202955179.0,109898532098.0,0.005407,0.005407,107711.8,-0.003668,0,20,0.0,0.0,0.0,0.0,0.0,0.0,1.1487,22.9742,0.0,0.0
2025-06-16T20:00:00Z,108570.27,108771.39,107711.8,107711.8,108403.48,2154902101197.0,116114352113.0,-0.007907,0.009759,107155.01,-0.005169,0,20,0.0,0.0,0.0,0.0,0.0,0.0,1.0422,20.843,0.0,0.0
2025-06-17T00:00:00Z,106842.12,107240.08,106842.12,107155.01,107095.93,2127396674668.0,136334813210.0,0.002929,0.003725,106850.04,-0.002846,0,20,0.0,0.0,0.0,0.0,0.0,0.0,1.1062,22.1231,0.0,0.0
2025-06-17T04:00:00Z,107596.24,107596.24,106850.04,106850.04,107240.45,2131819935491.0,135023333636.0,-0.006935,0.006935,105917.66,-0.008726,0,20,0.0,0.0,0.0,0.0,0.0,0.0,0.9363,18.7267,0.0,0.0
2025-06-17T08:00:00Z,106772.7,106772.7,105917.66,105917.66,106358.36,2114182470773.0,130092068632.0,-0.008008,0.008008,104968.41,-0.008962,0,20,0.0,0.0,0.0,0.0,0.0,0.0,1.0758,21.516,0.0,0.0
2025-06-17T12:00:00Z,105599.04,105599.04,104968.41,104968.41,105379.8,2095660395220.0,138857929574.0,-0.005972,0.005972,104344.14,-0.005947,0,20,0.0,0.0,0.0,0.0,0.0,0.0,1.0284,20.569,0.0,0.0
2025-06-17T16:00:00Z,104297.61,104344.14,103645.27,104344.14,104041.06,2067710311225.0,148747479344.0,0.000446,0.006701,104416.64,0.000695,1,20,0.0,0.0,0.0,0.0,0.0,0.0,0.7803,15.6064,0.0,0.0
2025-06-17T20:00:00Z,104912.04,104912.04,104416.64,104416.64,104590.86,2079925479854.0,159086018152.0,-0.004722,0.004722,104924.86,0.004867,1,20,0.0,0.0,0.0,0.0,0.0,0.0,0.8481,16.9612,0.0,0.0
2025-06-18T00:00:00Z,104582.96,104924.86,104582.96,104924.86,104769.79,2082731391632.0,145868122952.0,0.003269,0.003269,105023.07,0.000936,1,20,0.0,0.0,0.0,0.0,0.0,0.0,1.178,23.5601,0.0,0.0
2025-06-18T04:00:00Z,105183.35,105449.92,105023.07,105023.07,105272.9,2092428353514.0,139414051259.0,-0.001524,0.004058,104313.98,-0.006752,0,20,0.0,0.0,0.0,0.0,0.0,0.0,1.0236,20.4729,0.0,0.0
2025-06-18T08:00:00Z,104951.91,104951.91,104313.98,104313.98,104733.18,2082080266048.0,129677314625.0,-0.006078,0.006078,104643.51,0.003159,1,20,0.0,0.0,0.0,0.0,0.0,0.0,1.0846,21.6913,0.0,0.0
2025-06-18T12:00:00Z,104771.93,104771.93,104306.1,104643.51,104556.79,2078204043849.0,132953778526.0,-0.001226,0.004446,104166.97,-0.004554,0,20,0.0,0.0,0.0,0.0,0.0,0.0,0.8796,17.5923,0.0,0.0
2025-06-18T16:00:00Z,104829.83,104829.83,104166.97,104166.97,104472.32,2077720982811.0,126182626521.0,-0.006323,0.006323,104927.54,0.007301,1,20,0.0,0.0,0.0,0.0,0.0,0.0,1.1123,22.2466,0.0,0.0
2025-06-18T20:00:00Z,103970.13,105057.0,103970.13,104927.54,104700.81,2081228344361.0,121375253339.0,0.009209,0.010454,104892.03,-0.000338,0,20,0.0,0.0,0.0,0.0,0.0,0.0,0.9812,19.6243,0.0,0.0
2025-06-19T00:00:00Z,104820.29,105025.85,104613.72,104892.03,104837.97,2084094104388.0,122028173932.0,0.000684,0.003932,104727.55,-0.001568,0,20,0.0,0.0,0.0,0.0,0.0,0.0,0.9678,19.3552,0.0,0.0
2025-06-19T04:00:00Z,105074.97,105074.97,104727.55,104727.55,104947.25,2085758737477.0,122818929428.0,-0.003306,0.003306,104929.03,0.001924,1,20,0.0,0.0,0.0,0.0,0.0,0.0,1.0961,21.9219,0.0,0.0
2025-06-19T08:00:00Z,104670.29,104990.14,104670.29,104929.03,104846.54,2084961912269.0,116863878301.0,0.002472,0.003056,104178.33,-0.007154,0,20,0.0,0.0,0.0,0.0,0.0,0.0,0.901,18.0209,0.0,0.0
2025-06-19T12:00:00Z,104802.15,104802.15,104178.33,104178.33,104515.83,2077953025981.0,104912857342.0,-0.005952,0.005952,104347.75,0.001626,1,20,0.0,0.0,0.0,0.0,0.0,0.0,0.9482,18.964,0.0,0.0
2025-06-19T16:00:00Z,104143.09,104636.92,104021.49,104347.75,104287.31,2074229786554.0,90661247966.0,0.001965,0.00591,104639.2,0.002793,1,20,0.0,0.0,0.0,0.0,0.0,0.0,1.0979,21.9586,0.0,0.0
2025-06-19T20:00:00Z,104265.37,104639.2,104265.37,104639.2,104401.95,2075460109119.0,73958739352.0,0.003585,0.003585,104613.12,-0.000249,0,20,0.0,0.0,0.0,0.0,0.0,0.0,0.9423,18.8462,0.0,0.0
2025-06-20T00:00:00Z,104682.88,104770.99,104613.12,104613.12,104695.59,2081691504519.0,68515552315.0,-0.000666,0.001508,104709.63,0.000923,1,20,0.0,0.0,0.0,0.0,0.0,0.0,0.9826,19.653,0.0,0.0
2025-06-20T04:00:00Z,104615.93,104709.63,104275.17,104709.63,104550.18,2078372463861.0,68703480219.0,0.000896,0.004153,105968.28,0.01202,1,20,0.0,0.0,0.0,0.0,0.0,0.0,0.8892,17.7839,0.0,0.0
2025-06-20T08:00:00Z,105731.18,106036.38,105731.18,105968.28,105928.3,2105840568188.0,81076737794.0,0.002242,0.002887,104426.38,-0.014551,0,20,0.0,0.0,0.0,0.0,0.0,0.0,0.8739,17.4785,0.0,0.0
2025-06-20T12:00:00Z,106002.73,106002.73,104426.38,104426.38,105514.89,2098761135199.0,89818177906.0,-0.014871,0.014871,103204.8,-0.011698,0,20,0.0,0.0,0.0,0.0,0.0,0.0,1.0376,20.7523,0.0,0.0
2025-06-20T16:00:00Z,104260.79,104260.79,103055.62,103204.8,103563.45,2058496435154.0,116104973239.0,-0.010128,0.011559,103098.71,-0.001028,0,20,0.0,0.0,0.0,0.0,0.0,0.0,0.9466,18.9311,0.0,0.0
2025-06-20T20:00:00Z,103347.2,103703.4,103098.71,103098.71,103414.57,2055795062838.0,129160148378.0,-0.002404,0.005851,103495.76,0.003851,1,20,0.0,0.0,0.0,0.0,0.0,0.0,1.0428,20.8563,0.0,0.0
2025-06-21T00:00:00Z,103291.81,103495.76,103259.91,103495.76,103383.3,2055197611438.0,133421132421.0,0.001975,0.002283,103581.07,0.000824,1,20,0.0,0.0,0.0,0.0,0.0,0.0,0.9443,18.8852,0.0,0.0
2025-06-21T04:00:00Z,103559.97,103581.07,103383.94,103581.07,103488.57,2057571751712.0,130977580539.0,0.000204,0.001904,103839.22,0.002492,1,20,0.0,0.0,0.0,0.0,0.0,0.0,0.9698,19.396,0.0,0.0
2025-06-21T08:00:00Z,103471.44,103880.81,103471.44,103839.22,103732.38,2062243773072.0,117727954130.0,0.003554,0.003956,103582.03,-0.002477,0,20,0.0,0.0,0.0,0.0,0.0,0.0,0.8649,17.2976,0.0,0.0
2025-06-21T12:00:00Z,103900.88,103900.88,103582.03,103582.03,103726.65,2062053340073.0,105335751382.0,-0.003069,0.003069,102871.29,-0.006862,0,20,0.0,0.0,0.0,0.0,0.0,0.0,0.9495,18.9909,0.0,0.0
2025-06-21T16:00:00Z,103525.21,103525.21,102871.29,102871.29,103283.58,2054059501975.0,78676390010.0,-0.006317,0.006317,101824.54,-0.010175,0,20,0.0,0.0,0.0,0.0,0.0,0.0,0.9358,18.7152,0.0,0.0
2025-06-21T20:00:00Z,102380.03,102857.8,101588.31,101824.54,102162.67,2031294766164.0,73996404283.0,-0.005426,0.0124,102372.12,0.005378,1,20,0.0,0.0,0.0,0.0,0.0,0.0,0.8679,17.3581,0.0,0.0
2025-06-22T00:00:00Z,102092.13,102949.09,102092.13,102372.12,102481.26,2037570945029.0,103265870761.0,0.002742,0.008394,102750.99,0.003701,1,20,0.0,0.0,0.0,0.0,0.0,0.0,0.973,19.4609,0.0,0.0
2025-06-22T04:00:00Z,102328.93,102751.22,102328.93,102750.99,102607.33,2038847069961.0,116469129571.0,0.004124,0.004127,102498.5,-0.002457,0,20,0.0,0.0,0.0,0.0,0.0,0.0,0.878,17.56,0.0,0.0
2025-06-22T08:00:00Z,102431.31,102653.06,102236.88,102498.5,102454.94,2036746026754.0,122781641553.0,0.000656,0.004063,99561.78,-0.028651,0,20,0.0,0.0,0.0,0.0,0.0,0.0,0.9126,18.2523,0.0,0.0
2025-06-22T12:00:00Z,102732.23,102737.4,99561.78,99561.78,101462.44,2017035079341.0,141815477019.0,-0.030861,0.030912,99547.12,-0.000147,0,20,0.0,0.0,0.0,0.0,0.0,0.0,1.2248,24.4958,0.0,0.0
2025-06-22T16:00:00Z,99161.14,99589.67,99161.14,99547.12,99454.11,1977850973237.0,199126164918.0,0.003892,0.004321,100744.8,0.012031,1,20,0.0,0.0,0.0,0.0,0.0,0.0,0.974,19.4801,0.0,0.0
2025-06-22T20:00:00Z,98974.67,100744.8,98974.67,100744.8,99629.04,1980515784208.0,204143406104.0,0.017885,0.017885,101285.23,0.005364,1,20,0.0,0.0,0.0,0.0,0.0,0.0,0.837,16.7406,0.0,0.0
2025-06-23T00:00:00Z,100904.16,101285.23,100904.16,101285.23,101096.33,2010592160548.0,193305873671.0,0.003777,0.003777,101833.15,0.00541,1,20,0.0,0.0,0.0,0.0,0.0,0.0,1.0391,20.7816,0.0,0.0
2025-06-23T04:00:00Z,101156.79,101833.15,101156.79,101833.15,101479.59,2017094914591.0,191964279019.0,0.006686,0.006686,101516.17,-0.003113,0,20,0.0,0.0,0.0,0.0,0.0,0.0,1.1147,22.2937,0.0,0.0
2025-06-23T08:00:00Z,101954.56,101954.56,101516.17,101516.17,101728.98,2022348994228.0,189258093153.0,-0.0043,0.0043,101714.83,0.001957,1,20,0.0,0.0,0.0,0.0,0.0,0.0,0.8298,16.5961,0.0,0.0
2025-06-23T12:00:00Z,101326.14,102259.35,101326.14,101714.83,101711.56,2021595656927.0,182126365454.0,0.003836,0.00921,103056.54,0.013191,1,20,0.0,0.0,0.0,0.0,0.0,0.0,0.9834,19.6678,0.0,0.0
2025-06-23T16:00:00Z,101484.69,103056.54,100545.61,103056.54,101867.9,2023935325714.0,164775885858.0,0.015489,0.024742,105508.54,0.023793,1,20,0.0,0.0,0.0,0.0,0.0,0.0,0.8233,16.4659,0.0,0.0
2025-06-23T20:00:00Z,103124.54,105508.54,103124.54,105508.54,104038.28,2066794614951.0,181296973620.0,0.023118,0.023118,104921.9,-0.00556,0,20,0.0,0.0,0.0,0.0,0.0,0.0,1.1496,22.9918,0.0,0.0
2025-06-24T00:00:00Z,105471.03,105471.03,104921.9,104921.9,105211.79,2091953802027.0,195817646762.0,-0.005206,0.005206,105730.05,0.007702,1,20,0.0,0.0,0.0,0.0,0.0,0.0,0.9604,19.2084,0.0,0.0
2025-06-24T04:00:00Z,105013.07,105730.05,104919.66,105730.05,105277.47,2093026915160.0,197918495819.0,0.006828,0.007717,105341.53,-0.003675,0,20,0.0,0.0,0.0,0.0,0.0,0.0,1.0803,21.6064,0.0,0.0
2025-06-24T08:00:00Z,105065.96,105341.53,105046.64,105341.53,105180.0,2091979250832.0,210046162490.0,0.002623,0.002807,105525.67,0.001748,1,20,0.0,0.0,0.0,0.0,0.0,0.0,0.9997,19.9949,0.0,0.0
2025-06-24T12:00:00Z,105241.25,105525.67,105072.01,105525.67,105256.94,2092531390756.0,206224978470.0,0.002703,0.004311,105673.12,0.001397,1,20,0.0,0.0,0.0,0.0,0.0,0.0,1.2289,24.5782,0.0,0.0
2025-06-24T16:00:00Z,105331.19,106083.5,105331.19,105673.12,105782.41,2103131026925.0,180973683390.0,0.003246,0.007142,106028.46,0.003363,1,20,0.0,0.0,0.0,0.0,0.0,0.0,1.0651,21.3024,0.0,0.0
2025-06-24T20:00:00Z,105477.73,106091.86,105477.73,106028.46,105908.07,2105462818571.0,153535812222.0,0.005221,0.005822,106564.22,0.005053,1,20,0.0,0.0,0.0,0.0,0.0,0.0,1.1655,23.3103,0.0,0.0
2025-06-25T00:00:00Z,106035.71,106564.22,106035.71,106564.22,106335.89,2113401692648.0,125745827831.0,0.004984,0.004984,106462.7,-0.000953,0,20,0.0,0.0,0.0,0.0,0.0,0.0,0.8718,17.4357,0.0,0.0
2025-06-25T04:00:00Z,106312.52,106462.7,106210.7,106462.7,106327.68,2114109376532.0,120179831814.0,0.001413,0.00237,107084.78,0.005843,1,20,0.0,0.0,0.0,0.0,0.0,0.0,1.0933,21.8669,0.0,0.0
2025-06-25T08:00:00Z,106671.66,107084.78,106523.9,107084.78,106737.88,2122247303120.0,108068989515.0,0.003873,0.005258,107752.85,0.006239,1,20,0.0,0.0,0.0,0.0,0.0,0.0,0.9034,18.0686,0.0,0.0
2025-06-25T12:00:00Z,107219.18,107984.77,107219.18,107752.85,107548.4,2138313639145.0,114373353069.0,0.004977,0.00714,107452.94,-0.002783,0,20,0.0,0.0,0.0,0.0,0.0,0.0,0.9466,18.9311,0.0,0.0
2025-06-25T16:00:00Z,107100.0,107452.94,107100.0,107452.94,107257.63,2132140678026.0,131228847969.0,0.003295,0.003295,107338.53,-0.001065,0,20,0.0,0.0,0.0,0.0,0.0,0.0,0.9959,19.9185,0.0,0.0
2025-06-25T20:00:00Z,107723.17,107822.59,107338.53,107338.53,107600.88,2139521153859.0,131894052739.0,-0.003571,0.004494,107961.91,0.005808,1,20,0.0,0.0,0.0,0.0,0.0,0.0,1.0617,21.2348,0.0,0.0
2025-06-26T00:00:00Z,107238.53,107961.91,107238.53,107961.91,107569.2,2138446410527.0,126330642580.0,0.006746,0.006746,107797.06,-0.001527,0,20,0.0,0.0,0.0,0.0,0.0,0.0,0.9982,19.9646,0.0,0.0
2025-06-26T04:00:00Z,107902.1,107902.1,107636.55,107797.06,107798.52,2143173649848.0,129209839588.0,-0.000973,0.002461,107413.22,-0.003561,0,20,0.0,0.0,0.0,0.0,0.0,0.0,1.1557,23.1138,0.0,0.0
2025-06-26T08:00:00Z,107896.74,107896.74,107387.97,107413.22,107626.13,2140289567470.0,127212477260.0,-0.004481,0.004715,107548.88,0.001263,1,20,0.0,0.0,0.0,0.0,0.0,0.0,0.9623,19.2451,0.0,0.0
2025-06-26T12:00:00Z,107353.16,107548.88,106965.1,107548.88,107266.5,2133234707439.0,120423027661.0,0.001823,0.005438,107400.96,-0.001375,0,20,0.0,0.0,0.0,0.0,0.0,0.0,0.9386,18.7712,0.0,0.0
2025-06-26T16:00:00Z,107247.04,107400.96,107192.58,107400.96,107277.56,2132731186455.0,98322604333.0,0.001435,0.001943,107027.69,-0.003475,0,20,0.0,0.0,0.0,0.0,0.0,0.0,1.0676,21.3511,0.0,0.0
2025-06-26T20:00:00Z,107572.25,107792.0,107027.69,107027.69,107357.63,2134821373663.0,95985466510.0,-0.005062,0.007105,107312.05,0.002657,1,20,0.0,0.0,0.0,0.0,0.0,0.0,1.1307,22.6148,0.0,0.0
2025-06-27T00:00:00Z,106977.32,107312.05,106757.79,107312.05,107049.67,2128717635260.0,95575411922.0,0.003129,0.005181,107371.26,0.000552,1,20,0.0,0.0,0.0,0.0,0.0,0.0,1.1492,22.9839,0.0,0.0
2025-06-27T04:00:00Z,107537.16,107558.97,107371.26,107371.26,107462.75,2136905757870.0,90305926798.0,-0.001543,0.001745,107049.18,-0.003,0,20,0.0,0.0,0.0,0.0,0.0,0.0,0.9265,18.5307,0.0,0.0
2025-06-27T08:00:00Z,106952.25,107130.31,106952.25,107049.18,107039.72,2128503570315.0,92850868395.0,0.000906,0.001665,106556.44,-0.004603,0,20,0.0,0.0,0.0,0.0,0.0,0.0,0.9144,18.2888,0.0,0.0
2025-06-27T12:00:00Z,107003.1,107003.1,106556.44,106556.44,106767.17,2122586752217.0,96395828600.0,-0.004174,0.004174,106679.1,0.001151,1,20,0.0,0.0,0.0,0.0,0.0,0.0,1.0432,20.8636,0.0,0.0
2025-06-27T16:00:00Z,107366.61,107495.81,106679.1,106679.1,107095.78,2129164240783.0,102220871685.0,-0.006403,0.007607,107156.19,0.004472,1,20,0.0,0.0,0.0,0.0,0.0,0.0,0.6428,12.8551,0.0,0.0
2025-06-27T20:00:00Z,106949.52,107156.19,106949.52,107156.19,107097.74,2129674540121.0,103829779666.0,0.001932,0.001932,107150.95,-4.9e-05,0,20,0.0,0.0,0.0,0.0,0.0,0.0,1.0993,21.9866,0.0,0.0
2025-06-28T00:00:00Z,107085.4,107152.71,107085.4,107150.95,107126.61,2130113504199.0,98574477310.0,0.000612,0.000629,107453.42,0.002823,1,20,0.0,0.0,0.0,0.0,0.0,0.0,0.8916,17.8316,0.0,0.0
2025-06-28T04:00:00Z,107331.29,107453.42,107229.38,107453.42,107333.72,2134166568514.0,93368518091.0,0.001138,0.002087,107295.35,-0.001471,0,20,0.0,0.0,0.0,0.0,0.0,0.0,1.0204,20.4075,0.0,0.0
2025-06-28T08:00:00Z,107495.45,107495.45,107295.35,107295.35,107382.03,2135282100106.0,78277160227.0,-0.001861,0.001861,107232.89,-0.000582,0,20,0.0,0.0,0.0,0.0,0.0,0.0,0.5676,11.351,0.0,0.0
2025-06-28T12:00:00Z,107375.74,107375.74,107140.57,107232.89,107280.45,2133251650991.0,67366765125.0,-0.00133,0.00219,107337.7,0.000977,1,20,0.0,0.0,0.0,0.0,0.0,0.0,1.079,21.5791,0.0,0.0
2025-06-28T16:00:00Z,107409.54,107502.14,107323.84,107337.7,107393.3,2135146332291.0,47974219918.0,-0.000669,0.00166,107390.13,0.000488,1,20,0.0,0.0,0.0,0.0,0.0,0.0,0.955,19.1,0.0,0.0
2025-06-28T20:00:00Z,107283.91,107390.13,107229.76,107390.13,107310.71,2133909230539.0,38015315325.0,0.00099,0.001495,107331.58,-0.000545,0,20,0.0,0.0,0.0,0.0,0.0,0.0,0.9478,18.9566,0.0,0.0
2025-06-29T00:00:00Z,107332.78,107508.29,107331.58,107331.58,107381.47,2135291196083.0,35491550048.0,-1.1e-05,0.001646,107388.28,0.000528,1,20,0.0,0.0,0.0,0.0,0.0,0.0,1.0169,20.3377,0.0,0.0
2025-06-29T04:00:00Z,107238.97,107388.28,107238.97,107388.28,107312.87,2133788321218.0,33789079291.0,0.001392,0.001392,108172.19,0.0073,1,20,0.0,0.0,0.0,0.0,0.0,0.0,0.9647,19.2945,0.0,0.0
2025-06-29T08:00:00Z,107383.58,108172.19,107383.58,108172.19,107802.5,2143696476582.0,35569004678.0,0.007344,0.007344,107917.66,-0.002353,0,20,0.0,0.0,0.0,0.0,0.0,0.0,0.9531,19.0622,0.0,0.0
2025-06-29T12:00:00Z,108430.88,108430.88,107917.66,107917.66,108153.92,2150205889891.0,44465493044.0,-0.004733,0.004733,107663.73,-0.002353,0,20,0.0,0.0,0.0,0.0,0.0,0.0,1.1005,22.0097,0.0,0.0
2025-06-29T16:00:00Z,107786.07,107786.07,107460.22,107663.73,107602.89,2139583483390.0,48583980190.0,-0.001135,0.003023,108118.05,0.00422,1,20,0.0,0.0,0.0,0.0,0.0,0.0,0.7592,15.1846,0.0,0.0
2025-06-29T20:00:00Z,107457.44,108118.05,107457.44,108118.05,107669.35,2141513402654.0,51904449401.0,0.006148,0.006148,108531.46,0.003824,1,20,0.0,0.0,0.0,0.0,0.0,0.0,1.0007,20.0135,0.0,0.0
2025-06-30T00:00:00Z,108387.33,108706.24,108387.33,108531.46,108550.79,2159412543105.0,62707048161.0,0.00133,0.002942,107660.13,-0.008028,0,20,0.0,0.0,0.0,0.0,0.0,0.0,0.8364,16.7287,0.0,0.0
2025-06-30T04:00:00Z,108551.55,108551.55,107660.13,107660.13,108229.94,2152253972463.0,68621418961.0,-0.008212,0.008212,107630.56,-0.000275,0,20,0.0,0.0,0.0,0.0,0.0,0.0,1.0726,21.4516,0.0,0.0
2025-06-30T08:00:00Z,107665.5,107665.5,107521.19,107630.56,107587.29,2139634128277.0,74086032069.0,-0.000325,0.00134,107025.89,-0.005618,0,20,0.0,0.0,0.0,0.0,0.0,0.0,1.0857,21.7146,0.0,0.0
2025-06-30T12:00:00Z,107739.6,107739.6,107025.89,107025.89,107488.78,2137514640073.0,74526864040.0,-0.006624,0.006624,107268.7,0.002269,1,20,0.0,0.0,0.0,0.0,0.0,0.0,0.945,18.8996,0.0,0.0
2025-06-30T16:00:00Z,107528.39,107643.89,107268.7,107268.7,107510.52,2137922068814.0,87198975854.0,-0.002415,0.003489,107151.55,-0.001092,0,20,0.0,0.0,0.0,0.0,0.0,0.0,0.9851,19.7026,0.0,0.0
2025-06-30T20:00:00Z,107618.49,107618.49,107151.55,107151.55,107382.8,2135119062760.0,93234948814.0,-0.004339,0.004339,107143.79,-7.2e-05,0,20,0.0,0.0,0.0,0.0,0.0,0.0,0.9978,19.9551,0.0,0.0
2025-07-01T00:00:00Z,107135.63,107385.6,107135.63,107143.79,107230.95,2132287027698.0,85410452980.0,7.6e-05,0.002333,106911.99,-0.002163,0,20,0.0,0.0,0.0,0.0,0.0,0.0,1.0273,20.5451,0.0,0.0
2025-07-01T04:00:00Z,107188.48,107188.48,106911.99,106911.99,107000.24,2127587716921.0,88266814118.0,-0.002579,0.002579,106410.4,-0.004692,0,20,0.0,0.0,0.0,0.0,0.0,0.0,0.9748,19.4962,0.0,0.0
2025-07-01T08:00:00Z,107139.41,107139.41,106410.4,106410.4,106709.12,2122016741023.0,88668673329.0,-0.006804,0.006804,105922.45,-0.004586,0,20,0.0,0.0,0.0,0.0,0.0,0.0,1.0512,21.0246,0.0,0.0
2025-07-01T12:00:00Z,106565.41,106830.28,105922.45,105922.45,106447.45,2116813304827.0,87231942048.0,-0.006033,0.008519,105781.27,-0.001333,0,20,0.0,0.0,0.0,0.0,0.0,0.0,1.0175,20.3503,0.0,0.0
2025-07-01T16:00:00Z,105993.55,106274.38,105781.27,105781.27,106041.94,2109050084233.0,96648048347.0,-0.002003,0.004652,105729.3,-0.000491,0,20,0.0,0.0,0.0,0.0,0.0,0.0,1.0343,20.6856,0.0,0.0
2025-07-01T20:00:00Z,105558.18,105906.81,105558.18,105729.3,105748.46,2103186788594.0,100290267670.0,0.001621,0.003303,105874.89,0.001377,1,20,0.0,0.0,0.0,0.0,0.0,0.0,0.8651,17.302,0.0,0.0
2025-07-02T00:00:00Z,105671.38,105874.89,105430.07,105874.89,105672.49,2101408747632.0,100436479951.0,0.001926,0.004209,107011.1,0.010732,1,20,0.0,0.0,0.0,0.0,0.0,0.0,0.8706,17.412,0.0,0.0
2025-07-02T04:00:00Z,106192.62,107011.1,106192.62,107011.1,106550.8,2118790067025.0,103504994540.0,0.007707,0.007707,107804.12,0.007411,1,19,0.0,0.0,0.0,0.0,0.0,0.0,1.0965,20.8327,0.0,0.0
2025-07-02T08:00:00Z,107154.94,107804.12,107154.94,107804.12,107585.88,2139522552205.0,109863975326.0,0.006058,0.006058,108049.64,0.002277,1,20,0.0,0.0,0.0,0.0,0.0,0.0,0.9099,18.1978,0.0,0.0
2025-07-02T12:00:00Z,107491.89,108049.64,107379.01,108049.64,107672.37,2141151504879.0,106140874212.0,0.005189,0.006239,109512.19,0.013536,1,18,0.0,0.0,0.0,0.0,0.0,0.0,1.1568,20.8224,0.0,0.0
2025-07-02T16:00:00Z,108719.61,109524.8,108719.61,109512.19,109221.78,2171431386082.0,125185234167.0,0.00729,0.007406,109172.68,-0.0031,0,20,0.0,0.0,0.0,0.0,0.0,0.0,0.827,16.5404,0.0,0.0
2025-07-02T20:00:00Z,109608.34,109608.34,109172.68,109172.68,109381.19,2174841067450.0,137129810893.0,-0.003975,0.003975,108725.14,-0.004099,0,20,0.0,0.0,0.0,0.0,0.0,0.0,1.0209,20.4182,0.0,0.0
2025-07-03T00:00:00Z,108876.33,109057.67,108725.14,108725.14,108906.77,2165529859270.0,147036705307.0,-0.001389,0.003054,109508.37,0.007204,1,20,0.0,0.0,0.0,0.0,0.0,0.0,1.0074,20.1473,0.0,0.0
2025-07-03T04:00:00Z,108708.78,109508.37,108708.78,109508.37,109103.32,2169969932484.0,145925215029.0,0.007355,0.007355,109847.42,0.003096,1,20,0.0,0.0,0.0,0.0,0.0,0.0,0.9573,19.1464,0.0,0.0
2025-07-03T08:00:00Z,109330.98,110005.51,109330.98,109847.42,109660.9,2180940253137.0,147017868806.0,0.004724,0.00617,109729.99,-0.001069,0,20,0.0,0.0,0.0,0.0,0.0,0.0,0.8867,17.7338,0.0,0.0
2025-07-03T12:00:00Z,109630.74,110306.89,109153.3,109729.99,109705.23,2181365724884.0,158377045660.0,0.000905,0.010523,109666.14,-0.000582,0,20,0.0,0.0,0.0,0.0,0.0,0.0,1.1209,22.4183,0.0,0.0
2025-07-03T16:00:00Z,109173.45,109666.14,109173.45,109666.14,109453.54,2177044252458.0,146075830901.0,0.004513,0.004513,109740.88,0.000682,1,20,0.0,0.0,0.0,0.0,0.0,0.0,1.1303,22.6056,0.0,0.0
2025-07-03T20:00:00Z,109824.38,109930.53,109740.88,109740.88,109835.17,2184006979720.0,123611383672.0,-0.00076,0.001727,109217.01,-0.004774,0,20,0.0,0.0,0.0,0.0,0.0,0.0,0.9152,18.3042,0.0,0.0
2025-07-04T00:00:00Z,109602.2,109602.2,109217.01,109217.01,109472.12,2177332529043.0,117116530713.0,-0.003514,0.003514,109032.51,-0.001689,0,20,0.0,0.0,0.0,0.0,0.0,0.0,1.1956,23.911,0.0,0.0
2025-07-04T04:00:00Z,109275.17,109275.17,109025.36,109032.51,109105.6,2169892500539.0,114737184652.0,-0.002221,0.002286,108939.69,-0.000851,0,20,0.0,0.0,0.0,0.0,0.0,0.0,0.9585,19.1708,0.0,0.0
2025-07-04T08:00:00Z,108782.58,108991.72,108782.58,108939.69,108880.39,2165365413006.0,109351058528.0,0.001444,0.001922,107875.12,-0.009772,0,20,0.0,0.0,0.0,0.0,0.0,0.0,0.6355,12.7108,0.0,0.0
2025-07-04T12:00:00Z,108947.61,108947.61,107875.12,107875.12,108420.61,2156966626439.0,93824968392.0,-0.009844,0.009844,107587.37,-0.002667,0,20,0.0,0.0,0.0,0.0,0.0,0.0,1.0576,21.1512,0.0,0.0
2025-07-04T16:00:00Z,107683.38,107902.85,107587.37,107587.37,107709.2,2142330949594.0,93531017037.0,-0.000892,0.00293,108260.05,0.006252,1,20,0.0,0.0,0.0,0.0,0.0,0.0,1.1036,22.0716,0.0,0.0
2025-07-04T20:00:00Z,107474.62,108260.05,107474.62,108260.05,107853.08,2144912845488.0,96879085240.0,0.007308,0.007308,108080.69,-0.001657,0,20,0.0,0.0,0.0,0.0,0.0,0.0,1.0035,20.0709,0.0,0.0
2025-07-05T00:00:00Z,108015.92,108221.99,107985.24,108080.69,108075.96,2149329978333.0,94260328798.0,0.0006,0.002192,108268.48,0.001737,1,20,0.0,0.0,0.0,0.0,0.0,0.0,1.0672,21.3436,0.0,0.0
2025-07-05T04:00:00Z,108191.02,108268.48,108170.05,108268.48,108212.33,2152094156213.0,93217796847.0,0.000716,0.00091,108159.84,-0.001003,0,20,0.0,0.0,0.0,0.0,0.0,0.0,1.003,20.0601,0.0,0.0
2025-07-05T08:00:00Z,108043.83,108159.84,108026.86,108159.84,108082.48,2149589366346.0,84307442959.0,0.001074,0.001231,108203.39,0.000403,1,19,0.0,0.0,0.0,0.0,0.0,0.0,0.9362,17.7881,0.0,0.0
2025-07-05T12:00:00Z,108174.64,108203.39,108144.88,108203.39,108170.35,2151330393460.0,77880881767.0,0.000266,0.000541,108029.0,-0.001612,0,20,0.0,0.0,0.0,0.0,0.0,0.0,0.9596,19.1918,0.0,0.0
2025-07-05T16:00:00Z,108079.87,108094.12,108029.0,108029.0,108073.95,2149136576538.0,53500023153.0,-0.000471,0.000603,108207.51,0.001652,1,20,0.0,0.0,0.0,0.0,0.0,0.0,1.021,20.4209,0.0,0.0
2025-07-05T20:00:00Z,108146.48,108207.51,108106.83,108207.51,108143.76,2150772969430.0,42021107994.0,0.000564,0.000931,108135.7,-0.000664,0,20,0.0,0.0,0.0,0.0,0.0,0.0,0.9474,18.9488,0.0,0.0
2025-07-06T00:00:00Z,108216.02,108221.01,108135.7,108135.7,108190.43,2151853350278.0,39677774028.0,-0.000742,0.000788,108153.63,0.000166,1,19,0.0,0.0,0.0,0.0,0.0,0.0,0.8395,15.9509,0.0,0.0
2025-07-06T04:00:00Z,108062.45,108153.63,108009.17,108153.63,108062.2,2149204147679.0,37135395169.0,0.000844,0.001337,108014.15,-0.00129,0,20,0.0,0.0,0.0,0.0,0.0,0.0,1.114,22.2791,0.0,0.0
2025-07-06T08:00:00Z,108066.63,108066.63,107924.37,108014.15,108005.91,2148182958144.0,37095472160.0,-0.000486,0.001316,108881.0,0.008025,1,20,0.0,0.0,0.0,0.0,0.0,0.0,0.9068,18.1362,0.0,0.0
2025-07-06T12:00:00Z,108079.79,108881.0,108079.79,108881.0,108509.95,2157868437614.0,42023978375.0,0.007413,0.007413,108465.21,-0.003819,0,20,0.0,0.0,0.0,0.0,0.0,0.0,0.827,16.5406,0.0,0.0
2025-07-06T16:00:00Z,108842.0,108922.67,108465.21,108465.21,108775.79,2163126783739.0,51210767123.0,-0.003462,0.004203,109273.02,0.007448,1,20,0.0,0.0,0.0,0.0,0.0,0.0,0.7864,15.729,0.0,0.0
2025-07-06T20:00:00Z,108519.49,109273.02,108519.49,109273.02,108927.08,2166225883894.0,56249411724.0,0.006944,0.006944,109391.5,0.001084,1,20,0.0,0.0,0.0,0.0,0.0,0.0,1.1243,22.4868,0.0,0.0
2025-07-07T00:00:00Z,109222.28,109391.5,108884.84,109391.5,109134.66,2170747088806.0,64682804860.0,0.001549,0.004639,108794.72,-0.005455,0,20,0.0,0.0,0.0,0.0,0.0,0.0,0.9175,18.3502,0.0,0.0
2025-07-07T04:00:00Z,109426.41,109426.41,108794.72,108794.72,109105.82,2170094296452.0,71955808682.0,-0.005773,0.005773,108691.18,-0.000952,0,20,0.0,0.0,0.0,0.0,0.0,0.0,1.2923,25.8461,0.0,0.0
2025-07-07T08:00:00Z,109055.96,109055.96,108691.18,108691.18,108895.92,2165723499314.0,78006972165.0,-0.003345,0.003345,108221.22,-0.004324,0,19,0.0,0.0,0.0,0.0,0.0,0.0,0.9005,17.1103,0.0,0.0
2025-07-07T12:00:00Z,108648.14,108648.14,108221.22,108221.22,108412.31,2155538199661.0,88990132174.0,-0.003929,0.003929,107962.37,-0.002392,0,20,0.0,0.0,0.0,0.0,0.0,0.0,0.9303,18.6062,0.0,0.0
2025-07-07T16:00:00Z,108344.83,108344.83,107948.59,107962.37,108059.15,2148987535778.0,98141605936.0,-0.00353,0.003657,108032.89,0.000653,1,20,0.0,0.0,0.0,0.0,0.0,0.0,1.0358,20.7157,0.0,0.0
2025-07-07T20:00:00Z,108109.17,108167.22,107930.88,108032.89,108060.04,2149486634135.0,105431053417.0,-0.000706,0.002186,107720.03,-0.002896,0,20,0.0,0.0,0.0,0.0,0.0,0.0,1.0623,21.2459,0.0,0.0
2025-07-08T00:00:00Z,108294.15,108342.41,107720.03,107720.03,108056.51,2149282955269.0,103740261262.0,-0.005301,0.005747,108322.01,0.005588,1,20,0.0,0.0,0.0,0.0,0.0,0.0,1.0394,20.7885,0.0,0.0
2025-07-08T04:00:00Z,107920.49,108322.01,107920.49,108322.01,108110.6,2150231241018.0,103344760724.0,0.003721,0.003721,108843.04,0.00481,1,20,0.0,0.0,0.0,0.0,0.0,0.0,0.9735,19.4693,0.0,0.0
2025-07-08T08:00:00Z,108449.96,108843.04,108276.77,108843.04,108506.98,2158148970333.0,99837110654.0,0.003624,0.005222,108406.17,-0.004014,0,20,0.0,0.0,0.0,0.0,0.0,0.0,1.0429,20.8571,0.0,0.0
2025-07-08T12:00:00Z,108772.62,109073.07,108406.17,108406.17,108789.19,2164157697005.0,96459852895.0,-0.003369,0.006131,109116.14,0.006549,1,20,0.0,0.0,0.0,0.0,0.0,0.0,0.9876,19.7523,0.0,0.0
2025-07-08T16:00:00Z,108269.05,109116.14,108269.05,109116.14,108685.73,2162043379329.0,94997432406.0,0.007824,0.007824,108920.19,-0.001796,0,20,0.0,0.0,0.0,0.0,0.0,0.0,0.9849,19.6987,0.0,0.0
2025-07-08T20:00:00Z,108784.87,108930.28,108675.36,108920.19,108827.68,2164804310132.0,93626325908.0,0.001244,0.002343,108649.69,-0.002483,0,20,0.0,0.0,0.0,0.0,0.0,0.0,0.893,17.8599,0.0,0.0
2025-07-09T00:00:00Z,108945.71,108962.47,108649.69,108649.69,108838.46,2164829199247.0,87933925036.0,-0.002717,0.002871,108835.9,0.001714,1,20,0.0,0.0,0.0,0.0,0.0,0.0,0.8605,17.2102,0.0,0.0
2025-07-09T04:00:00Z,108382.6,108835.9,108382.6,108835.9,108634.14,2160618085828.0,81930618648.0,0.004182,0.004182,108873.69,0.000347,1,20,0.0,0.0,0.0,0.0,0.0,0.0,0.9399,18.7972,0.0,0.0
2025-07-09T08:00:00Z,108712.3,108873.69,108699.7,108873.69,108763.82,2163269746645.0,85892791969.0,0.001485,0.0016,108843.27,-0.000279,0,20,0.0,0.0,0.0,0.0,0.0,0.0,0.8984,17.9679,0.0,0.0
2025-07-09T12:00:00Z,109082.6,109433.07,108843.27,108843.27,109193.78,2172069678866.0,91247873644.0,-0.002194,0.005407,109540.11,0.006402,1,20,0.0,0.0,0.0,0.0,0.0,0.0,0.9452,18.9031,0.0,0.0
2025-07-09T16:00:00Z,109069.48,109540.11,109069.48,109540.11,109292.76,2173585879144.0,95908362971.0,0.004315,0.004315,111385.38,0.016846,1,20,0.0,0.0,0.0,0.0,0.0,0.0,0.9305,18.6091,0.0,0.0
2025-07-09T20:00:00Z,111741.51,111741.51,110751.65,111385.38,111211.81,2212194925582.0,134421254475.0,-0.003187,0.008859,111254.01,-0.001179,0,20,0.0,0.0,0.0,0.0,0.0,0.0,0.9532,19.0636,0.0,0.0
2025-07-10T00:00:00Z,111309.19,111309.19,111007.44,111254.01,111214.54,2212374550797.0,149729118345.0,-0.000496,0.002711,111269.67,0.000141,1,20,0.0,0.0,0.0,0.0,0.0,0.0,0.9475,18.9507,0.0,0.0
2025-07-10T04:00:00Z,111090.87,111269.67,111090.87,111269.67,111157.78,2210807356137.0,151360774493.0,0.00161,0.00161,111016.5,-0.002275,0,20,0.0,0.0,0.0,0.0,0.0,0.0,1.0256,20.5114,0.0,0.0
2025-07-10T08:00:00Z,111255.28,111277.72,111016.5,111016.5,111161.55,2211056288675.0,157277791186.0,-0.002146,0.002348,111231.86,0.00194,1,20,0.0,0.0,0.0,0.0,0.0,0.0,0.9281,18.5619,0.0,0.0
2025-07-10T12:00:00Z,111039.24,111231.86,110789.31,111231.86,110983.36,2207486387857.0,155923772526.0,0.001735,0.003986,113319.88,0.018772,1,20,0.0,0.0,0.0,0.0,0.0,0.0,0.8636,17.2712,0.0,0.0
2025-07-10T16:00:00Z,111397.93,113803.58,111397.93,113319.88,112797.48,2243079977028.0,178655478040.0,0.017253,0.021595,116061.03,0.02419,1,20,0.0,0.0,0.0,0.0,0.0,0.0,1.0178,20.3553,0.0,0.0
2025-07-10T20:00:00Z,113345.56,116462.07,113345.56,116061.03,114858.36,2284233488684.0,192657068393.0,0.023957,0.027496,116690.49,0.005423,1,20,0.0,0.0,0.0,0.0,0.0,0.0,1.0879,21.7589,0.0,0.0
2025-07-11T00:00:00Z,115945.97,116690.49,115547.71,116690.49,116035.23,2307954470966.0,232064281397.0,0.006421,0.009856,117680.62,0.008485,1,20,0.0,0.0,0.0,0.0,0.0,0.0,1.0968,21.9363,0.0,0.0
2025-07-11T04:00:00Z,116818.05,118004.15,116818.05,117680.62,117352.41,2334855785052.0,252803560166.0,0.007384,0.010153,118076.14,0.003361,1,20,0.0,0.0,0.0,0.0,0.0,0.0,1.166,23.3205,0.0,0.0
2025-07-11T08:00:00Z,117699.27,118502.43,117699.27,118076.14,118071.36,2349291125656.0,305224042712.0,0.003202,0.006824,117817.48,-0.002191,0,20,0.0,0.0,0.0,0.0,0.0,0.0,0.946,18.9202,0.0,0.0
2025-07-11T12:00:00Z,117859.5,117875.84,117817.48,117817.48,117850.21,2343587432876.0,340118506174.0,-0.000357,0.000495,117713.08,-0.000886,0,20,0.0,0.0,0.0,0.0,0.0,0.0,1.0644,21.2871,0.0,0.0
2025-07-11T16:00:00Z,117027.86,117713.08,117027.86,117713.08,117442.76,2335690171198.0,327914562562.0,0.005855,0.005855,117613.82,-0.000843,0,20,0.0,0.0,0.0,0.0,0.0,0.0,1.0853,21.7052,0.0,0.0
2025-07-11T20:00:00Z,118058.02,118058.02,117587.33,117613.82,117764.53,2342866270947.0,296908044576.0,-0.003763,0.003987,117635.36,0.000183,1,20,0.0,0.0,0.0,0.0,0.0,0.0,0.9469,18.9384,0.0,0.0
2025-07-12T00:00:00Z,117571.03,117687.69,117387.89,117635.36,117570.49,2338424672396.0,243940514550.0,0.000547,0.00255,117947.16,0.002651,1,20,0.0,0.0,0.0,0.0,0.0,0.0,0.9439,18.8785,0.0,0.0
2025-07-12T04:00:00Z,117725.06,117947.16,117685.88,117947.16,117770.38,2342624453132.0,215671152921.0,0.001887,0.002219,118110.58,0.001386,1,20,0.0,0.0,0.0,0.0,0.0,0.0,1.0711,21.4229,0.0,0.0
2025-07-12T08:00:00Z,117752.86,118143.02,117752.86,118110.58,117971.88,2346407840771.0,168061428954.0,0.003038,0.003313,117407.8,-0.00595,0,20,0.0,0.0,0.0,0.0,0.0,0.0,0.9557,19.1148,0.0,0.0
2025-07-12T12:00:00Z,117835.46,117835.46,117407.8,117407.8,117558.81,2338528407523.0,144041936585.0,-0.003629,0.003629,117461.63,0.000459,1,20,0.0,0.0,0.0,0.0,0.0,0.0,1.0289,20.5786,0.0,0.0
2025-07-12T16:00:00Z,117143.95,117486.52,117143.95,117461.63,117327.34,2333083862500.0,121448224949.0,0.002712,0.002924,117404.66,-0.000485,0,20,0.0,0.0,0.0,0.0,0.0,0.0,0.9545,19.0893,0.0,0.0
2025-07-12T20:00:00Z,117579.58,117579.58,117174.74,117404.66,117408.95,2335515586965.0,103317059172.0,-0.001488,0.003443,117668.14,0.002244,1,20,0.0,0.0,0.0,0.0,0.0,0.0,1.2383,24.7652,0.0,0.0
2025-07-13T00:00:00Z,117413.4,117668.14,117379.69,117668.14,117515.18,2337624803459.0,94918599108.0,0.00217,0.002457,117941.35,0.002322,1,20,0.0,0.0,0.0,0.0,0.0,0.0,1.0349,20.6972,0.0,0.0
2025-07-13T04:00:00Z,117791.73,117941.35,117774.66,117941.35,117855.84,2344305795067.0,90509097719.0,0.00127,0.001415,117789.86,-0.001285,0,20,0.0,0.0,0.0,0.0,0.0,0.0,0.9773,19.546,0.0,0.0
2025-07-13T08:00:00Z,117996.74,117996.74,117784.46,117789.86,117849.28,2344078311634.0,84498798365.0,-0.001753,0.001799,118713.57,0.007842,1,20,0.0,0.0,0.0,0.0,0.0,0.0,1.003,20.0603,0.0,0.0
2025-07-13T12:00:00Z,118046.6,118713.57,118046.6,118713.57,118456.73,2355995052555.0,82616622557.0,0.00565,0.00565,119006.41,0.002467,1,20,0.0,0.0,0.0,0.0,0.0,0.0,1.0352,20.7036,0.0,0.0
2025-07-13T16:00:00Z,118718.69,119006.41,118684.02,119006.41,118795.11,2363048010492.0,90256367556.0,0.002424,0.002716,118645.52,-0.003032,0,20,0.0,0.0,0.0,0.0,0.0,0.0,1.0424,20.8482,0.0,0.0
2025-07-13T20:00:00Z,119089.97,119142.53,118645.52,118645.52,118899.29,2365658054022.0,101013831926.0,-0.003732,0.004173,119717.53,0.009035,1,20,0.0,0.0,0.0,0.0,0.0,0.0,1.0137,20.2747,0.0,0.0
2025-07-14T00:00:00Z,119145.26,119717.53,119143.98,119717.53,119299.53,2373639678689.0,113101472081.0,0.004803,0.004814,122108.58,0.019972,1,20,0.0,0.0,0.0,0.0,0.0,0.0,0.9987,19.9746,0.0,0.0
2025-07-14T04:00:00Z,120892.6,122368.93,120892.6,122108.58,121686.47,2419536806018.0,160274845102.0,0.010058,0.012212,121939.01,-0.001389,0,20,0.0,0.0,0.0,0.0,0.0,0.0,0.7258,14.5167,0.0,0.0
2025-07-14T08:00:00Z,122780.24,122780.24,121939.01,121939.01,122330.06,2433737972359.0,212354320021.0,-0.006851,0.006851,121031.25,-0.007444,0,20,0.0,0.0,0.0,0.0,0.0,0.0,1.0664,21.3272,0.0,0.0
2025-07-14T12:00:00Z,121491.24,121919.03,121031.25,121031.25,121574.95,2417900364795.0,234421544687.0,-0.003786,0.007307,119660.64,-0.011324,0,20,0.0,0.0,0.0,0.0,0.0,0.0,1.142,22.8406,0.0,0.0
2025-07-14T16:00:00Z,119859.38,120142.6,119660.64,119660.64,119884.51,2385269406289.0,258418182770.0,-0.001658,0.004021,120085.43,0.00355,1,20,0.0,0.0,0.0,0.0,0.0,0.0,0.9342,18.6843,0.0,0.0
2025-07-14T20:00:00Z,119881.4,120266.07,119881.4,120085.43,120091.22,2388911422932.0,277488521637.0,0.001702,0.003209,118239.76,-0.01537,0,20,0.0,0.0,0.0,0.0,0.0,0.0,0.9738,19.4751,0.0,0.0
2025-07-15T00:00:00Z,119849.16,119849.16,118239.76,118239.76,119123.28,2370605287474.0,283132479720.0,-0.013429,0.013429,116983.24,-0.010627,0,20,0.0,0.0,0.0,0.0,0.0,0.0,0.9409,18.8183,0.0,0.0
2025-07-15T04:00:00Z,117216.34,117462.25,116983.24,116983.24,117232.49,2332029297623.0,287959496759.0,-0.001989,0.004087,117048.85,0.000561,1,20,0.0,0.0,0.0,0.0,0.0,0.0,1.0916,21.8323,0.0,0.0
2025-07-15T08:00:00Z,116782.73,117048.85,116748.5,117048.85,116848.3,2324581905809.0,283455747367.0,0.002279,0.002572,116224.72,-0.007041,0,20,0.0,0.0,0.0,0.0,0.0,0.0,0.837,16.7403,0.0,0.0
2025-07-15T12:00:00Z,116997.94,118199.68,116224.72,116224.72,117155.24,2330255263694.0,278969640400.0,-0.006609,0.01688,116757.28,0.004582,1,20,0.0,0.0,0.0,0.0,0.0,0.0,1.103,22.0607,0.0,0.0
2025-07-15T16:00:00Z,116422.29,117372.73,116422.29,116757.28,116956.46,2327487774155.0,308037013144.0,0.002877,0.008164,117703.39,0.008103,1,20,0.0,0.0,0.0,0.0,0.0,0.0,0.9715,19.4302,0.0,0.0
2025-07-15T20:00:00Z,116450.29,117703.39,116450.29,117703.39,117032.82,2328367298290.0,315410578512.0,0.010761,0.010761,117235.18,-0.003978,0,20,0.0,0.0,0.0,0.0,0.0,0.0,1.0472,20.9435,0.0,0.0
2025-07-16T00:00:00Z,117709.38,118098.62,117235.18,117235.18,117686.54,2340629620571.0,305409578370.0,-0.004029,0.007335,118269.97,0.008827,1,20,0.0,0.0,0.0,0.0,0.0,0.0,0.9396,18.7915,0.0,0.0
2025-07-16T04:00:00Z,117454.03,118269.97,117454.03,118269.97,117800.93,2343147535073.0,267350347889.0,0.006947,0.006947,118797.39,0.004459,1,20,0.0,0.0,0.0,0.0,0.0,0.0,0.8885,17.7698,0.0,0.0
2025-07-16T08:00:00Z,118201.98,119131.12,118201.98,118797.39,118710.53,2361646935349.0,240846180898.0,0.005037,0.007861,118944.96,0.001242,1,20,0.0,0.0,0.0,0.0,0.0,0.0,1.0702,21.4034,0.0,0.0
2025-07-16T12:00:00Z,118795.57,118944.96,118634.41,118944.96,118783.22,2363115006618.0,222621688030.0,0.001258,0.002614,119615.64,0.005639,1,20,0.0,0.0,0.0,0.0,0.0,0.0,0.628,12.56,0.0,0.0
2025-07-16T16:00:00Z,119214.46,119615.64,119214.46,119615.64,119350.39,2373857791463.0,205207512635.0,0.003365,0.003365,118745.98,-0.00727,0,20,0.0,0.0,0.0,0.0,0.0,0.0,0.9256,18.5115,0.0,0.0
2025-07-16T20:00:00Z,119245.12,119754.58,118745.98,118745.98,119304.24,2373689587851.0,187565958753.0,-0.004186,0.008458,118329.28,-0.003509,0,20,0.0,0.0,0.0,0.0,0.0,0.0,1.0301,20.6025,0.0,0.0
2025-07-17T00:00:00Z,118709.98,118994.78,118083.24,118329.28,118529.32,2357662600753.0,201149313226.0,-0.003207,0.007679,118455.65,0.001068,1,20,0.0,0.0,0.0,0.0,0.0,0.0,1.1338,22.6767,0.0,0.0
2025-07-17T04:00:00Z,118117.62,118631.87,118117.62,118455.65,118420.09,2355310208321.0,201525406111.0,0.002862,0.004354,118380.89,-0.000631,0,20,0.0,0.0,0.0,0.0,0.0,0.0,0.9964,19.9282,0.0,0.0
2025-07-17T08:00:00Z,118374.36,118905.47,118357.5,118380.89,118504.55,2357252736517.0,204674119246.0,5.5e-05,0.004629,118789.92,0.003455,1,20,0.0,0.0,0.0,0.0,0.0,0.0,1.0258,20.5165,0.0,0.0
2025-07-17T12:00:00Z,118135.96,118789.92,117952.71,118789.92,118291.5,2352865660543.0,205445621549.0,0.005536,0.007087,119654.68,0.00728,1,20,0.0,0.0,0.0,0.0,0.0,0.0,0.8884,17.7677,0.0,0.0
2025-07-17T16:00:00Z,118934.76,119654.68,118527.01,119654.68,119067.82,2367984779253.0,190805150570.0,0.006053,0.009481,119897.28,0.002027,1,20,0.0,0.0,0.0,0.0,0.0,0.0,1.1036,22.0718,0.0,0.0
2025-07-17T20:00:00Z,119061.09,120371.54,119061.09,119897.28,119638.7,2380383623832.0,192194515492.0,0.007023,0.011007,120252.25,0.002961,1,20,0.0,0.0,0.0,0.0,0.0,0.0,0.9298,18.5952,0.0,0.0
2025-07-18T00:00:00Z,119445.37,120392.48,119445.37,120252.25,119964.5,2386558419121.0,197103614311.0,0.006755,0.007929,120414.16,0.001346,1,20,0.0,0.0,0.0,0.0,0.0,0.0,0.769,15.3793,0.0,0.0
2025-07-18T04:00:00Z,120278.63,120654.1,120278.63,120414.16,120458.82,2396145257342.0,205434891396.0,0.001127,0.003122,119181.64,-0.010236,0,20,0.0,0.0,0.0,0.0,0.0,0.0,0.8295,16.59,0.0,0.0
2025-07-18T08:00:00Z,119571.89,119571.89,118687.28,119181.64,119095.19,2368734603416.0,220666251744.0,-0.003264,0.007398,118203.43,-0.008208,0,20,0.0,0.0,0.0,0.0,0.0,0.0,0.8629,17.258,0.0,0.0
2025-07-18T12:00:00Z,119185.22,119524.12,118203.43,118203.43,118926.07,2365673343957.0,228848015295.0,-0.008237,0.011081,117500.18,-0.00595,0,20,0.0,0.0,0.0,0.0,0.0,0.0,0.9778,19.5554,0.0,0.0
2025-07-18T16:00:00Z,117878.27,117878.27,117500.18,117500.18,117696.95,2341689996448.0,248041417917.0,-0.003207,0.003207,117737.83,0.002023,1,20,0.0,0.0,0.0,0.0,0.0,0.0,1.0619,21.2372,0.0,0.0
2025-07-18T20:00:00Z,117484.2,117752.55,117483.8,117737.83,117614.59,2339829711826.0,237274021333.0,0.002159,0.002288,118320.68,0.00495,1,20,0.0,0.0,0.0,0.0,0.0,0.0,1.059,21.1807,0.0,0.0
2025-07-19T00:00:00Z,118002.55,118320.68,117875.5,118320.68,118078.95,2349254608329.0,228448263101.0,0.002696,0.003773,118238.21,-0.000697,0,20,0.0,0.0,0.0,0.0,0.0,0.0,0.9406,18.8118,0.0,0.0
2025-07-19T04:00:00Z,118340.49,118340.49,118238.21,118238.21,118279.83,2353057048630.0,212386577547.0,-0.000864,0.000864,118434.06,0.001656,1,20,0.0,0.0,0.0,0.0,0.0,0.0,0.9526,19.0521,0.0,0.0
2025-07-19T08:00:00Z,118249.33,118434.06,118161.42,118434.06,118285.08,2353063312786.0,180489315845.0,0.001562,0.002306,117786.43,-0.005468,0,20,0.0,0.0,0.0,0.0,0.0,0.0,0.9672,19.3445,0.0,0.0
2025-07-19T12:00:00Z,118387.98,118387.98,117786.43,117786.43,118167.68,2351149214566.0,155545547420.0,-0.005081,0.005081,117909.44,0.001044,1,20,0.0,0.0,0.0,0.0,0.0,0.0,0.8542,17.0849,0.0,0.0
2025-07-19T16:00:00Z,118163.03,118163.03,117871.49,117909.44,118005.14,2347954777428.0,123833143816.0,-0.002146,0.002467,117856.49,-0.000449,0,20,0.0,0.0,0.0,0.0,0.0,0.0,0.9023,18.0465,0.0,0.0
2025-07-19T20:00:00Z,118066.04,118070.17,117718.69,117856.49,117927.85,2345849720886.0,104444804130.0,-0.001775,0.002977,118030.46,0.001476,1,20,0.0,0.0,0.0,0.0,0.0,0.0,1.0058,20.1165,0.0,0.0
2025-07-20T00:00:00Z,117904.03,118030.46,117904.03,118030.46,117974.25,2346975085702.0,93951091180.0,0.001072,0.001072,117903.7,-0.001074,0,20,0.0,0.0,0.0,0.0,0.0,0.0,0.8784,17.567,0.0,0.0
2025-07-20T04:00:00Z,117995.45,118019.55,117903.7,117903.7,117959.02,2346963236664.0,90089076269.0,-0.000778,0.000982,117950.03,0.000393,1,20,0.0,0.0,0.0,0.0,0.0,0.0,0.873,17.4609,0.0,0.0
2025-07-20T08:00:00Z,118115.78,118221.6,117950.03,117950.03,118082.45,2349463421447.0,94610613721.0,-0.001403,0.002299,118527.95,0.0049,1,20,0.0,0.0,0.0,0.0,0.0,0.0,0.9983,19.9669,0.0,0.0
2025-07-20T12:00:00Z,117954.79,118527.95,117954.79,118527.95,118224.18,2351647766137.0,106512539747.0,0.004859,0.004859,118407.71,-0.001014,0,19,0.0,0.0,0.0,0.0,0.0,0.0,0.8479,16.1101,0.0,0.0
2025-07-20T16:00:00Z,118738.29,118738.29,118101.89,118407.71,118472.36,2357103992467.0,118894852714.0,-0.002784,0.00536,117551.3,-0.007233,0,20,0.0,0.0,0.0,0.0,0.0,0.0,0.9481,18.9614,0.0,0.0
2025-07-20T20:00:00Z,118395.97,118395.97,117551.3,117551.3,118058.18,2349137715975.0,127477264034.0,-0.007134,0.007134,118095.63,0.004631,1,20,0.0,0.0,0.0,0.0,0.0,0.0,0.7949,15.8974,0.0,0.0
2025-07-21T00:00:00Z,117269.12,118095.63,117258.5,118095.63,117474.72,2335795365016.0,152556485222.0,0.007048,0.007139,119155.01,0.008971,1,20,0.0,0.0,0.0,0.0,0.0,0.0,0.8977,17.9538,0.0,0.0
2025-07-21T04:00:00Z,118432.36,119155.01,118395.06,119155.01,118625.62,2359770028931.0,165807248756.0,0.006102,0.006417,118604.09,-0.004624,0,20,0.0,0.0,0.0,0.0,0.0,0.0,0.8762,17.5242,0.0,0.0
2025-07-21T08:00:00Z,119366.3,119366.3,118604.09,118604.09,118929.0,2366302660317.0,179393802161.0,-0.006386,0.006386,118907.45,0.002558,1,20,0.0,0.0,0.0,0.0,0.0,0.0,0.8808,17.6168,0.0,0.0
2025-07-21T12:00:00Z,118349.38,118907.45,118226.36,118907.45,118589.58,2359548205876.0,288783629623.0,0.004715,0.005755,117269.28,-0.013777,0,19,0.0,0.0,0.0,0.0,0.0,0.0,0.7987,15.1755,0.0,0.0
2025-07-21T16:00:00Z,118470.99,118470.99,117269.28,117269.28,117852.76,2345516390137.0,190473137486.0,-0.010143,0.010143,117496.58,0.001938,1,20,0.0,0.0,0.0,0.0,0.0,0.0,1.1267,22.5338,0.0,0.0
2025-07-21T20:00:00Z,116846.91,117496.58,116846.91,117496.58,117186.2,2331963075804.0,209560716413.0,0.00556,0.00556,117174.28,-0.002743,0,20,0.0,0.0,0.0,0.0,0.0,0.0,1.1429,22.8572,0.0,0.0
2025-07-22T00:00:00Z,117446.14,117844.24,117169.47,117174.28,117408.53,2336824498475.0,192014110839.0,-0.002315,0.005745,117771.32,0.005095,1,20,0.0,0.0,0.0,0.0,0.0,0.0,0.9853,19.7058,0.0,0.0
2025-07-22T04:00:00Z,117225.53,117771.32,116847.63,117771.32,117284.82,2332594437001.0,199967694000.0,0.004656,0.00788,118785.81,0.008614,1,20,0.0,0.0,0.0,0.0,0.0,0.0,0.9318,18.6368,0.0,0.0
2025-07-22T08:00:00Z,118027.16,118785.81,118027.16,118785.81,118389.81,2355917497955.0,213523589251.0,0.006428,0.006428,119002.51,0.001824,1,20,0.0,0.0,0.0,0.0,0.0,0.0,1.1489,22.9786,0.0,0.0
2025-07-22T12:00:00Z,119182.69,119359.73,118703.27,119002.51,119062.05,2369669276105.0,224349866229.0,-0.001512,0.005508,119733.93,0.006146,1,20,0.0,0.0,0.0,0.0,0.0,0.0,0.8031,16.0621,0.0,0.0
2025-07-22T16:00:00Z,119010.1,119733.93,118754.7,119733.93,119170.92,2370541233094.0,227844790937.0,0.006082,0.008228,119905.34,0.001432,1,20,0.0,0.0,0.0,0.0,0.0,0.0,1.128,22.5608,0.0,0.0
2025-07-22T20:00:00Z,119302.46,119905.34,119302.46,119905.34,119653.61,2381062218942.0,226866932798.0,0.005053,0.005053,119127.28,-0.006489,0,20,0.0,0.0,0.0,0.0,0.0,0.0,0.9539,19.0788,0.0,0.0
2025-07-23T00:00:00Z,119958.86,119958.86,119127.28,119127.28,119588.27,2379703273116.0,230561660241.0,-0.006932,0.006932,118473.9,-0.005485,0,19,0.0,0.0,0.0,0.0,0.0,0.0,0.7804,14.8276,0.0,0.0
2025-07-23T04:00:00Z,118687.14,118900.17,118473.9,118473.9,118690.79,2361752029038.0,213109727829.0,-0.001797,0.003591,118373.07,-0.000851,0,20,0.0,0.0,0.0,0.0,0.0,0.0,1.0511,21.0229,0.0,0.0
2025-07-23T08:00:00Z,118379.74,118433.79,118078.33,118373.07,118316.23,2354208372242.0,194875693058.0,-5.6e-05,0.003003,118166.34,-0.001746,0,20,0.0,0.0,0.0,0.0,0.0,0.0,0.9681,19.362,0.0,0.0
2025-07-23T12:00:00Z,118586.26,118586.26,117604.01,118166.34,118114.84,2349815568667.0,187359484444.0,-0.003541,0.008283,118401.52,0.00199,1,20,0.0,0.0,0.0,0.0,0.0,0.0,0.9683,19.3662,0.0,0.0
2025-07-23T16:00:00Z,118371.49,118401.52,117845.39,118401.52,118184.8,2351119731544.0,183201973316.0,0.000254,0.004698,118632.49,0.001951,1,19,0.0,0.0,0.0,0.0,0.0,0.0,0.9889,18.7887,0.0,0.0
2025-07-23T20:00:00Z,118451.55,118632.49,117982.47,118632.49,118299.82,2353423894442.0,176077329033.0,0.001528,0.005488,119044.5,0.003473,1,20,0.0,0.0,0.0,0.0,0.0,0.0,1.0665,21.3296,0.0,0.0
2025-07-24T00:00:00Z,118629.06,119099.96,118629.06,119044.5,118966.69,2366878068494.0,181627537642.0,0.003502,0.00397,117421.55,-0.013633,0,20,0.0,0.0,0.0,0.0,0.0,0.0,1.1002,22.0037,0.0,0.0
2025-07-24T04:00:00Z,118571.65,118571.65,117421.55,117421.55,117941.28,2347345522289.0,191282331789.0,-0.0097,0.0097,118306.15,0.007534,1,20,0.0,0.0,0.0,0.0,0.0,0.0,0.8844,17.6888,0.0,0.0
2025-07-24T08:00:00Z,118297.59,118813.74,118297.59,118306.15,118511.09,2357609997599.0,209329080528.0,7.2e-05,0.004363,118859.58,0.004678,1,20,0.0,0.0,0.0,0.0,0.0,0.0,0.9494,18.9879,0.0,0.0
2025-07-24T12:00:00Z,118706.27,118859.58,118430.68,118859.58,118620.57,2360159940774.0,215022954964.0,0.001292,0.003613,119129.48,0.002271,1,20,0.0,0.0,0.0,0.0,0.0,0.0,1.0726,21.452,0.0,0.0
2025-07-24T16:00:00Z,119161.4,119212.31,118633.23,119129.48,119034.1,2367997994792.0,218050608967.0,-0.000268,0.00486,118328.21,-0.006726,0,20,0.0,0.0,0.0,0.0,0.0,0.0,0.9568,19.1366,0.0,0.0
2025-07-24T20:00:00Z,119020.79,119020.79,118328.21,118328.21,118692.68,2362025011476.0,211067172348.0,-0.005819,0.005819,116416.87,-0.016153,0,20,0.0,0.0,0.0,0.0,0.0,0.0,0.9732,19.4649,0.0,0.0
2025-07-25T00:00:00Z,118374.13,118374.13,116416.87,116416.87,117467.74,2337888384156.0,218429834575.0,-0.016535,0.016535,115312.96,-0.009482,0,20,0.0,0.0,0.0,0.0,0.0,0.0,1.2002,24.0034,0.0,0.0
2025-07-25T04:00:00Z,115457.88,115944.7,115312.96,115312.96,115560.31,2299407582086.0,279781303972.0,-0.001255,0.005472,116397.61,0.009406,1,20,0.0,0.0,0.0,0.0,0.0,0.0,0.9694,19.3871,0.0,0.0
2025-07-25T08:00:00Z,115183.79,116397.61,115183.79,116397.61,115598.95,2299188193371.0,314589503618.0,0.010538,0.010538,115190.25,-0.010373,0,20,0.0,0.0,0.0,0.0,0.0,0.0,0.9079,18.1589,0.0,0.0
2025-07-25T12:00:00Z,116570.58,116570.58,115190.25,115190.25,116005.3,2308200594340.0,343857549598.0,-0.011841,0.011841,116519.05,0.011536,1,20,0.0,0.0,0.0,0.0,0.0,0.0,0.8827,17.6549,0.0,0.0
2025-07-25T16:00:00Z,115789.54,116519.05,115789.54,116519.05,116135.09,2310605473822.0,357853578713.0,0.0063,0.0063,117306.18,0.006755,1,20,0.0,0.0,0.0,0.0,0.0,0.0,1.0388,20.7754,0.0,0.0
2025-07-25T20:00:00Z,116745.49,117306.18,116745.49,117306.18,117091.53,2329647795913.0,368385451637.0,0.004803,0.004803,117544.02,0.002028,1,20,0.0,0.0,0.0,0.0,0.0,0.0,1.0966,21.9328,0.0,0.0
2025-07-26T00:00:00Z,117518.68,117544.02,117305.49,117544.02,117458.34,2337127336314.0,349761214164.0,0.000216,0.00203,117386.69,-0.001338,0,20,0.0,0.0,0.0,0.0,0.0,0.0,1.0694,21.3873,0.0,0.0
2025-07-26T04:00:00Z,117522.98,117522.98,117386.69,117386.69,117474.72,2337598674810.0,266236258571.0,-0.00116,0.00116,118024.21,0.005431,1,20,0.0,0.0,0.0,0.0,0.0,0.0,1.1169,22.3382,0.0,0.0
2025-07-26T08:00:00Z,117356.23,118024.21,117356.23,118024.21,117644.25,2340982127478.0,203303063390.0,0.005692,0.005692,118127.6,0.000876,1,20,0.0,0.0,0.0,0.0,0.0,0.0,0.9323,18.6469,0.0,0.0
2025-07-26T12:00:00Z,117832.15,118172.68,117832.15,118127.6,118017.26,2348415750554.0,162266158459.0,0.002507,0.00289,118120.08,-6.4e-05,0,20,0.0,0.0,0.0,0.0,0.0,0.0,0.956,19.1196,0.0,0.0
2025-07-26T16:00:00Z,118143.08,118143.08,118079.04,118120.08,118111.11,2349992518743.0,122706358762.0,-0.000195,0.000542,118101.99,-0.000153,0,20,0.0,0.0,0.0,0.0,0.0,0.0,0.8273,16.5452,0.0,0.0
2025-07-26T20:00:00Z,118269.2,118269.2,117995.14,118101.99,118107.23,2350098315684.0,105432829430.0,-0.001414,0.002317,118326.34,0.0019,1,20,0.0,0.0,0.0,0.0,0.0,0.0,0.8375,16.75,0.0,0.0
2025-07-27T00:00:00Z,117959.54,118326.34,117945.52,118326.34,118090.51,2349567597831.0,97866196855.0,0.00311,0.003228,118316.68,-8.2e-05,0,20,0.0,0.0,0.0,0.0,0.0,0.0,0.9078,18.1559,0.0,0.0
2025-07-27T04:00:00Z,118212.96,118316.68,118212.96,118316.68,118266.12,2353242224272.0,95722791045.0,0.000877,0.000877,118273.13,-0.000368,0,20,0.0,0.0,0.0,0.0,0.0,0.0,1.0107,20.2135,0.0,0.0
2025-07-27T08:00:00Z,118156.91,118273.13,117913.86,118273.13,118081.2,2349811951970.0,92516084705.0,0.000984,0.003041,118418.39,0.001228,1,20,0.0,0.0,0.0,0.0,0.0,0.0,0.722,14.4396,0.0,0.0
2025-07-27T12:00:00Z,118113.18,118418.39,118113.18,118418.39,118222.82,2352247266155.0,89292580877.0,0.002584,0.002584,119014.56,0.005034,1,20,0.0,0.0,0.0,0.0,0.0,0.0,0.9619,19.2386,0.0,0.0
2025-07-27T16:00:00Z,118822.34,119303.84,118822.34,119014.56,119054.9,2368951738598.0,107024747054.0,0.001618,0.004052,119516.24,0.004215,1,20,0.0,0.0,0.0,0.0,0.0,0.0,1.0697,21.3941,0.0,0.0
2025-07-27T20:00:00Z,119008.53,119516.24,118878.73,119516.24,119218.6,2371984502151.0,115693088259.0,0.004266,0.005357,119481.6,-0.00029,0,20,0.0,0.0,0.0,0.0,0.0,0.0,0.8458,16.9168,0.0,0.0
2025-07-28T00:00:00Z,119434.44,119481.6,119052.76,119481.6,119311.72,2374013641376.0,126050901000.0,0.000395,0.003591,119397.77,-0.000702,0,20,0.0,0.0,0.0,0.0,0.0,0.0,0.9357,18.714,0.0,0.0
2025-07-28T04:00:00Z,119331.74,119568.35,119240.23,119397.77,119384.52,2375796364786.0,134351644752.0,0.000553,0.00275,118759.97,-0.005342,0,20,0.0,0.0,0.0,0.0,0.0,0.0,0.9067,18.1343,0.0,0.0
2025-07-28T08:00:00Z,118939.05,119009.98,118759.97,118759.97,118909.8,2366275569928.0,144151420452.0,-0.001506,0.002102,117997.9,-0.006417,0,20,0.0,0.0,0.0,0.0,0.0,0.0,0.7588,15.1769,0.0,0.0
2025-07-28T12:00:00Z,118804.83,118828.91,117997.9,117997.9,118511.12,2358596548525.0,160446619810.0,-0.006792,0.006995,117983.77,-0.00012,0,20,0.0,0.0,0.0,0.0,0.0,0.0,1.0716,21.4315,0.0,0.0
2025-07-28T16:00:00Z,118177.8,118177.8,117666.68,117983.77,117974.11,2347804774979.0,167761093813.0,-0.001642,0.004325,117911.76,-0.00061,0,20,0.0,0.0,0.0,0.0,0.0,0.0,1.0963,21.9267,0.0,0.0
2025-07-28T20:00:00Z,117929.9,118068.65,117911.76,117911.76,117989.66,2347912254696.0,173379190472.0,-0.000154,0.00133,118070.39,0.001345,1,20,0.0,0.0,0.0,0.0,0.0,0.0,0.946,18.9203,0.0,0.0
2025-07-29T00:00:00Z,118003.3,118070.39,117828.39,118070.39,117963.99,2347478521537.0,173377925701.0,0.000568,0.002051,118857.56,0.006667,1,20,0.0,0.0,0.0,0.0,0.0,0.0,0.9554,19.1072,0.0,0.0
2025-07-29T04:00:00Z,118610.73,118857.56,118583.48,118857.56,118705.79,2362024557457.0,177464671381.0,0.002081,0.002311,118296.67,-0.004719,0,20,0.0,0.0,0.0,0.0,0.0,0.0,0.9269,18.5373,0.0,0.0
2025-07-29T08:00:00Z,118932.52,118932.52,118296.67,118296.67,118720.94,2362879562071.0,171113795531.0,-0.005346,0.005346,118118.04,-0.00151,0,20,0.0,0.0,0.0,0.0,0.0,0.0,0.8265,16.5302,0.0,0.0
2025-07-29T12:00:00Z,118472.78,118905.15,118118.04,118118.04,118514.15,2358487915235.0,164050252023.0,-0.002994,0.006644,117575.14,-0.004596,0,20,0.0,0.0,0.0,0.0,0.0,0.0,1.0468,20.9358,0.0,0.0
2025-07-29T16:00:00Z,117428.46,117718.45,117428.46,117575.14,117602.14,2340888664225.0,171971794768.0,0.001249,0.00247,117803.59,0.001943,1,20,0.0,0.0,0.0,0.0,0.0,0.0,1.0269,20.5379,0.0,0.0
2025-07-29T20:00:00Z,117567.55,117803.59,117342.65,117803.59,117561.88,2339368858045.0,172561560115.0,0.002008,0.003921,118031.92,0.001938,1,20,0.0,0.0,0.0,0.0,0.0,0.0,1.1344,22.6871,0.0,0.0
2025-07-30T00:00:00Z,117830.6,118031.92,117716.61,118031.92,117867.86,2345426900966.0,168035638398.0,0.001709,0.002676,118289.68,0.002184,1,20,0.0,0.0,0.0,0.0,0.0,0.0,1.0061,20.1218,0.0,0.0
2025-07-30T04:00:00Z,118155.94,118289.68,117958.79,118289.68,118097.25,2350042625722.0,158479494348.0,0.001132,0.002801,118087.01,-0.001713,0,20,0.0,0.0,0.0,0.0,0.0,0.0,0.7776,15.5529,0.0,0.0
2025-07-30T08:00:00Z,118156.64,118351.24,118087.01,118087.01,118181.43,2351376621769.0,151318205052.0,-0.000589,0.002236,118643.99,0.004717,1,20,0.0,0.0,0.0,0.0,0.0,0.0,1.06,21.1992,0.0,0.0
2025-07-30T12:00:00Z,117556.12,118643.99,117556.12,118643.99,117917.07,2345738498385.0,148966982718.0,0.009254,0.009254,116726.91,-0.016158,0,20,0.0,0.0,0.0,0.0,0.0,0.0,0.7938,15.875,0.0,0.0
2025-07-30T16:00:00Z,117971.4,117971.4,116726.91,116726.91,117562.05,2340086119347.0,146974770130.0,-0.010549,0.010549,117460.73,0.006287,1,20,0.0,0.0,0.0,0.0,0.0,0.0,1.1332,22.6646,0.0,0.0
2025-07-30T20:00:00Z,116891.93,117460.73,116891.93,117460.73,117181.16,2331401561063.0,172346558294.0,0.004866,0.004866,118444.74,0.008377,1,20,0.0,0.0,0.0,0.0,0.0,0.0,1.0756,21.5113,0.0,0.0
2025-07-31T00:00:00Z,117827.8,118444.74,117827.8,118444.74,118162.19,2351371199043.0,174654498232.0,0.005236,0.005236,118669.28,0.001896,1,19,0.0,0.0,0.0,0.0,0.0,0.0,0.9937,18.8808,0.0,0.0
2025-07-31T04:00:00Z,118481.33,118669.28,118343.35,118669.28,118502.43,2358136947990.0,177013362726.0,0.001586,0.002751,118536.7,-0.001117,0,20,0.0,0.0,0.0,0.0,0.0,0.0,1.0633,21.2667,0.0,0.0
2025-07-31T08:00:00Z,118653.71,118653.71,118536.7,118536.7,118590.04,2360155450922.0,180848872648.0,-0.000986,0.000986,118022.15,-0.004341,0,20,0.0,0.0,0.0,0.0,0.0,0.0,0.8526,17.0519,0.0,0.0
2025-07-31T12:00:00Z,118356.08,118563.48,118022.15,118022.15,118360.87,2355234027299.0,175076375776.0,-0.002821,0.004574,117653.93,-0.00312,0,20,0.0,0.0,0.0,0.0,0.0,0.0,0.8213,16.4258,0.0,0.0
2025-07-31T16:00:00Z,118289.33,118335.98,117653.93,117653.93,118004.93,2349382215700.0,177324675969.0,-0.005372,0.005766,116112.83,-0.013099,0,20,0.0,0.0,0.0,0.0,0.0,0.0,0.8837,17.674,0.0,0.0
2025-07-31T20:00:00Z,116820.75,116820.75,116112.83,116112.83,116453.8,2317833457953.0,169637853008.0,-0.00606,0.00606,115881.74,-0.00199,0,20,0.0,0.0,0.0,0.0,0.0,0.0,1.0525,21.0494,0.0,0.0
2025-08-01T00:00:00Z,115744.99,115881.74,115193.27,115881.74,115569.47,2299005555800.0,191002635796.0,0.001181,0.005948,115137.48,-0.006423,0,20,0.0,0.0,0.0,0.0,0.0,0.0,0.6994,13.9881,0.0,0.0
2025-08-01T04:00:00Z,115593.02,115653.79,115137.48,115137.48,115487.84,2298222203969.0,203899887851.0,-0.003941,0.004467,114737.4,-0.003475,0,20,0.0,0.0,0.0,0.0,0.0,0.0,1.0649,21.298,0.0,0.0
2025-08-01T08:00:00Z,114917.38,114922.65,114737.4,114737.4,114850.75,2284844379612.0,226465557291.0,-0.001566,0.001612,115457.06,0.006272,1,20,0.0,0.0,0.0,0.0,0.0,0.0,1.1304,22.6087,0.0,0.0
2025-08-01T12:00:00Z,115259.23,115722.39,114321.83,115457.06,115190.13,2293102948442.0,237958584387.0,0.001716,0.012151,113789.06,-0.014447,0,20,0.0,0.0,0.0,0.0,0.0,0.0,0.899,17.9801,0.0,0.0
2025-08-01T16:00:00Z,115341.31,115341.31,113789.06,113789.06,114630.71,2282495342472.0,261788725566.0,-0.013458,0.013458,113069.93,-0.00632,0,20,0.0,0.0,0.0,0.0,0.0,0.0,0.9155,18.3096,0.0,0.0
2025-08-01T20:00:00Z,113288.24,113899.43,113069.93,113069.93,113537.86,2259917275258.0,266338556243.0,-0.001927,0.007322,113673.75,0.00534,1,20,0.0,0.0,0.0,0.0,0.0,0.0,1.0306,20.6117,0.0,0.0
2025-08-02T00:00:00Z,113252.12,113832.09,113252.12,113673.75,113584.11,2260369742062.0,245429866846.0,0.003723,0.005121,113655.07,-0.000164,0,20,0.0,0.0,0.0,0.0,0.0,0.0,0.9785,19.5705,0.0,0.0
2025-08-02T04:00:00Z,113852.39,113967.98,113655.07,113655.07,113854.44,2265550113897.0,223997910969.0,-0.001733,0.002748,113556.14,-0.00087,0,20,0.0,0.0,0.0,0.0,0.0,0.0,0.9938,19.877,0.0,0.0
2025-08-02T08:00:00Z,113959.34,113959.34,113556.14,113556.14,113706.35,2262620164824.0,203634371570.0,-0.003538,0.003538,113019.51,-0.004726,0,20,0.0,0.0,0.0,0.0,0.0,0.0,0.857,17.1401,0.0,0.0
2025-08-02T12:00:00Z,113723.06,113723.06,113019.51,113019.51,113452.66,2257773709162.0,180144382372.0,-0.006187,0.006187,112296.38,-0.006398,0,20,0.0,0.0,0.0,0.0,0.0,0.0,0.8695,17.3906,0.0,0.0
2025-08-02T16:00:00Z,112875.6,113176.42,112296.38,112296.38,112776.73,2244092097387.0,156563516895.0,-0.005131,0.007797,112869.4,0.005103,1,20,0.0,0.0,0.0,0.0,0.0,0.0,1.0546,21.0923,0.0,0.0
2025-08-02T20:00:00Z,112368.15,112896.8,112368.15,112869.4,112671.03,2242841520760.0,142090365103.0,0.004461,0.004705,113457.52,0.005211,1,20,0.0,0.0,0.0,0.0,0.0,0.0,0.7445,14.89,0.0,0.0
2025-08-03T00:00:00Z,112572.13,113457.52,112572.13,113457.52,112999.5,2248368940212.0,131370048779.0,0.007865,0.007865,113567.17,0.000966,1,20,0.0,0.0,0.0,0.0,0.0,0.0,1.1613,23.226,0.0,0.0
2025-08-03T04:00:00Z,113649.54,113649.54,113435.83,113567.17,113557.58,2259652166806.0,135951365945.0,-0.000725,0.00188,113912.57,0.003041,1,20,0.0,0.0,0.0,0.0,0.0,0.0,0.8883,17.7653,0.0,0.0
2025-08-03T08:00:00Z,113668.2,113912.57,113638.41,113912.57,113722.51,2262963460118.0,127555036477.0,0.00215,0.002412,113782.64,-0.001141,0,20,0.0,0.0,0.0,0.0,0.0,0.0,0.8954,17.9072,0.0,0.0
2025-08-03T12:00:00Z,113866.72,114046.81,113782.64,113782.64,113909.49,2267032454579.0,128606871719.0,-0.000738,0.00232,114347.95,0.004968,1,20,0.0,0.0,0.0,0.0,0.0,0.0,0.9844,19.6886,0.0,0.0
2025-08-03T16:00:00Z,113926.7,114347.95,113926.7,114347.95,114070.61,2270127827117.0,116484839425.0,0.003698,0.003698,114319.44,-0.000249,0,20,0.0,0.0,0.0,0.0,0.0,0.0,0.8323,16.6456,0.0,0.0
2025-08-03T20:00:00Z,114310.97,114398.34,114310.97,114319.44,114356.34,2276404307502.0,102852429416.0,7.4e-05,0.000764,114776.26,0.003996,1,20,0.0,0.0,0.0,0.0,0.0,0.0,0.9425,18.8509,0.0,0.0
2025-08-04T00:00:00Z,114235.1,114869.25,114235.1,114776.26,114636.8,2281579159399.0,96194378003.0,0.004737,0.005551,114449.12,-0.00285,0,20,0.0,0.0,0.0,0.0,0.0,0.0,1.0009,20.0183,0.0,0.0
2025-08-04T04:00:00Z,114621.92,114621.92,114348.29,114449.12,114450.35,2277741525133.0,95579360679.0,-0.001508,0.002387,114292.16,-0.001371,0,20,0.0,0.0,0.0,0.0,0.0,0.0,1.0124,20.2472,0.0,0.0
2025-08-04T08:00:00Z,114690.85,114690.85,114292.16,114292.16,114492.38,2278404183635.0,100164769571.0,-0.003476,0.003476,114761.91,0.00411,1,20,0.0,0.0,0.0,0.0,0.0,0.0,0.855,17.099,0.0,0.0
2025-08-04T12:00:00Z,114454.12,114795.99,114408.47,114761.91,114605.12,2280436902944.0,102757779168.0,0.002689,0.003386,114928.08,0.001448,1,20,0.0,0.0,0.0,0.0,0.0,0.0,0.8687,17.3734,0.0,0.0
2025-08-04T16:00:00Z,114831.31,115347.84,114831.31,114928.08,115075.97,2290166709552.0,119282476074.0,0.000843,0.004498,115291.22,0.00316,1,20,0.0,0.0,0.0,0.0,0.0,0.0,1.133,22.6592,0.0,0.0
2025-08-04T20:00:00Z,114765.84,115291.22,114765.84,115291.22,115018.72,2289032674029.0,128604889376.0,0.004578,0.004578,114717.48,-0.004976,0,20,0.0,0.0,0.0,0.0,0.0,0.0,0.9539,19.078,0.0,0.0
2025-08-05T00:00:00Z,115030.81,115030.81,114717.48,114717.48,114838.72,2285691246946.0,127721747699.0,-0.002724,0.002724,114149.64,-0.00495,0,20,0.0,0.0,0.0,0.0,0.0,0.0,0.902,18.0402,0.0,0.0
2025-08-05T04:00:00Z,114256.26,114372.1,114149.64,114149.64,114286.18,2274536042145.0,129903723881.0,-0.000933,0.001947,114783.83,0.005556,1,20,0.0,0.0,0.0,0.0,0.0,0.0,1.0566,21.1325,0.0,0.0
2025-08-05T08:00:00Z,113952.08,114783.83,113952.08,114783.83,114427.9,2277297746811.0,132336480068.0,0.007299,0.007299,112866.55,-0.016703,0,20,0.0,0.0,0.0,0.0,0.0,0.0,0.9306,18.6116,0.0,0.0
2025-08-05T12:00:00Z,114789.32,114789.32,112866.55,112866.55,114000.83,2269225236564.0,140806843422.0,-0.01675,0.01675,113385.8,0.004601,1,20,0.0,0.0,0.0,0.0,0.0,0.0,0.9898,19.7951,0.0,0.0
2025-08-05T16:00:00Z,112919.76,113553.51,112919.76,113385.8,113251.93,2253481559591.0,152125933397.0,0.004127,0.005612,113954.92,0.005019,1,20,0.0,0.0,0.0,0.0,0.0,0.0,0.9713,19.4262,0.0,0.0
2025-08-05T20:00:00Z,113543.53,113954.92,113436.08,113954.92,113632.77,2260889827062.0,150108517550.0,0.003623,0.00457,113604.5,-0.003075,0,20,0.0,0.0,0.0,0.0,0.0,0.0,0.8597,17.1931,0.0,0.0
2025-08-06T00:00:00Z,114097.76,114097.76,113604.5,113604.5,113834.07,2265906128229.0,148670748389.0,-0.004323,0.004323,114083.75,0.004219,1,20,0.0,0.0,0.0,0.0,0.0,0.0,0.9345,18.6902,0.0,0.0
2025-08-06T04:00:00Z,113515.53,114133.76,113469.77,114083.75,113800.7,2265014795112.0,145493369047.0,0.005006,0.005849,114036.84,-0.000411,0,20,0.0,0.0,0.0,0.0,0.0,0.0,0.9476,18.9518,0.0,0.0
2025-08-06T08:00:00Z,114200.39,114200.39,113881.67,114036.84,114060.62,2269936156978.0,141001803761.0,-0.001432,0.002791,114949.54,0.008004,1,20,0.0,0.0,0.0,0.0,0.0,0.0,0.9565,19.1297,0.0,0.0
2025-08-06T12:00:00Z,114197.2,114949.54,113924.33,114949.54,114357.69,2275828507857.0,135239354279.0,0.006588,0.008978,115487.57,0.004681,1,20,0.0,0.0,0.0,0.0,0.0,0.0,1.0512,21.0243,0.0,0.0
2025-08-06T16:00:00Z,115436.22,115562.5,115134.52,115487.57,115405.2,2296760686343.0,130798664253.0,0.000445,0.003708,115132.55,-0.003074,0,20,0.0,0.0,0.0,0.0,0.0,0.0,1.0199,20.3972,0.0,0.0
2025-08-06T20:00:00Z,115210.41,115210.41,115110.79,115132.55,115142.13,2291395072154.0,129888570761.0,-0.000676,0.000865,114559.35,-0.004979,0,20,0.0,0.0,0.0,0.0,0.0,0.0,0.8857,17.7149,0.0,0.0
2025-08-07T00:00:00Z,115013.39,115013.39,114559.35,114559.35,114801.82,2285208635711.0,126783654764.0,-0.003948,0.003948,114733.26,0.001518,1,20,0.0,0.0,0.0,0.0,0.0,0.0,0.9786,19.5722,0.0,0.0
2025-08-07T04:00:00Z,114594.58,114733.26,114334.98,114733.26,114554.8,2279789827524.0,125003870763.0,0.00121,0.003476,116385.94,0.014405,1,20,0.0,0.0,0.0,0.0,0.0,0.0,1.1262,22.5237,0.0,0.0
2025-08-07T08:00:00Z,114905.21,116385.94,114905.21,116385.94,115381.01,2295348949311.0,126916892946.0,0.012887,0.012887,116351.84,-0.000293,0,20,0.0,0.0,0.0,0.0,0.0,0.0,1.0129,20.2575,0.0,0.0
2025-08-07T12:00:00Z,116594.29,116594.29,116274.74,116351.84,116440.06,2317820465614.0,144123688192.0,-0.002079,0.002741,116575.81,0.001925,1,20,0.0,0.0,0.0,0.0,0.0,0.0,1.0989,21.978,0.0,0.0
2025-08-07T16:00:00Z,116725.63,116725.63,116273.87,116575.81,116515.58,2319077920334.0,137421112318.0,-0.001284,0.00387,117596.49,0.008755,1,19,0.0,0.0,0.0,0.0,0.0,0.0,1.0738,20.4025,0.0,0.0
2025-08-07T20:00:00Z,117425.45,117596.49,117166.48,117596.49,117356.91,2335647627381.0,148850086394.0,0.001457,0.003662,116755.37,-0.007153,0,20,0.0,0.0,0.0,0.0,0.0,0.0,0.9864,19.7287,0.0,0.0
2025-08-08T00:00:00Z,117466.18,117466.18,116755.37,116755.37,117103.47,2331219262627.0,154483457186.0,-0.006051,0.006051,116691.76,-0.000545,0,20,0.0,0.0,0.0,0.0,0.0,0.0,0.924,18.479,0.0,0.0
2025-08-08T04:00:00Z,116742.99,116766.06,116572.41,116691.76,116693.3,2322722403312.0,155687250320.0,-0.000439,0.001659,116600.51,-0.000782,0,20,0.0,0.0,0.0,0.0,0.0,0.0,1.0239,20.4787,0.0,0.0
2025-08-08T08:00:00Z,116800.74,116800.74,116587.18,116600.51,116676.93,2322236486004.0,168641331240.0,-0.001714,0.001828,116473.46,-0.00109,0,20,0.0,0.0,0.0,0.0,0.0,0.0,1.1124,22.2475,0.0,0.0
2025-08-08T12:00:00Z,116872.3,117038.27,116473.46,116473.46,116731.64,2322564724126.0,147384709455.0,-0.003413,0.004833,116506.94,0.000288,1,20,0.0,0.0,0.0,0.0,0.0,0.0,1.2247,24.4932,0.0,0.0
2025-08-08T16:00:00Z,116170.28,116666.68,116170.28,116506.94,116391.07,2315481645361.0,144915710506.0,0.002898,0.004273,116895.02,0.003331,1,20,0.0,0.0,0.0,0.0,0.0,0.0,0.9531,19.0618,0.0,0.0
2025-08-08T20:00:00Z,116449.75,116951.43,116449.75,116895.02,116782.58,2324462260516.0,136607204507.0,0.003824,0.004308,116441.2,-0.003882,0,20,0.0,0.0,0.0,0.0,0.0,0.0,1.0213,20.4262,0.0,0.0
2025-08-09T00:00:00Z,116686.72,116686.72,116441.2,116441.2,116576.56,2320669672910.0,122800082671.0,-0.002104,0.002104,116653.9,0.001827,1,20,0.0,0.0,0.0,0.0,0.0,0.0,1.0118,20.2358,0.0,0.0
2025-08-09T04:00:00Z,116397.68,116708.23,116397.68,116653.9,116545.83,2319824939136.0,117485870094.0,0.002201,0.002668,117441.68,0.006753,1,20,0.0,0.0,0.0,0.0,0.0,0.0,0.885,17.701,0.0,0.0
2025-08-09T08:00:00Z,116768.27,117533.09,116768.27,117441.68,117205.2,2332418997042.0,119554658675.0,0.005767,0.00655,116965.93,-0.004051,0,20,0.0,0.0,0.0,0.0,0.0,0.0,0.9253,18.5054,0.0,0.0
2025-08-09T12:00:00Z,117108.46,117108.46,116965.93,116965.93,117042.2,2329627708108.0,124411147892.0,-0.001217,0.001217,116647.06,-0.002726,0,20,0.0,0.0,0.0,0.0,0.0,0.0,1.0662,21.3246,0.0,0.0
2025-08-09T16:00:00Z,116845.4,116845.4,116647.06,116647.06,116705.26,2322921440571.0,112951936519.0,-0.001698,0.001698,116566.51,-0.00069,0,20,0.0,0.0,0.0,0.0,0.0,0.0,1.0412,20.8241,0.0,0.0
2025-08-09T20:00:00Z,116541.08,116772.11,116541.08,116566.51,116609.65,2320835026075.0,108834700873.0,0.000218,0.001982,117185.64,0.005311,1,20,0.0,0.0,0.0,0.0,0.0,0.0,0.9905,19.8095,0.0,0.0
2025-08-10T00:00:00Z,116500.75,117185.64,116500.75,117185.64,116756.89,2323396641722.0,110469552707.0,0.005879,0.005879,118090.62,0.007723,1,20,0.0,0.0,0.0,0.0,0.0,0.0,0.5896,11.792,0.0,0.0
2025-08-10T04:00:00Z,118538.66,118538.66,118090.62,118090.62,118309.06,2353689434836.0,133412659442.0,-0.00378,0.00378,118029.6,-0.000517,0,20,0.0,0.0,0.0,0.0,0.0,0.0,0.9591,19.1814,0.0,0.0
2025-08-10T08:00:00Z,117703.57,118334.58,117703.57,118029.6,118085.54,2351004860317.0,132654483746.0,0.00277,0.005361,118769.18,0.006266,1,20,0.0,0.0,0.0,0.0,0.0,0.0,0.8759,17.5182,0.0,0.0
2025-08-10T12:00:00Z,118379.77,118769.18,118379.77,118769.18,118557.3,2359567264676.0,132240894410.0,0.00329,0.00329,118544.26,-0.001894,0,20,0.0,0.0,0.0,0.0,0.0,0.0,1.0005,20.0104,0.0,0.0
2025-08-10T16:00:00Z,118850.97,118850.97,118529.32,118544.26,118643.95,2361686910134.0,140725488147.0,-0.002581,0.002706,119034.74,0.004138,1,20,0.0,0.0,0.0,0.0,0.0,0.0,0.8137,16.2735,0.0,0.0
2025-08-10T20:00:00Z,118667.49,119034.74,118199.18,119034.74,118651.86,2363036380589.0,137978705383.0,0.003095,0.007041,121778.22,0.023048,1,20,0.0,0.0,0.0,0.0,0.0,0.0,0.8649,17.2985,0.0,0.0
2025-08-11T00:00:00Z,119248.45,121778.22,119164.92,121778.22,120019.01,2389111496984.0,158150185209.0,0.021214,0.021915,122227.47,0.003689,1,20,0.0,0.0,0.0,0.0,0.0,0.0,1.0199,20.3988,0.0,0.0
2025-08-11T04:00:00Z,121768.14,122227.47,121768.14,122227.47,122004.38,2427353215904.0,182625506145.0,0.003772,0.003772,121120.14,-0.00906,0,20,0.0,0.0,0.0,0.0,0.0,0.0,0.9869,19.7376,0.0,0.0
2025-08-11T08:00:00Z,121429.25,121631.07,121120.14,121120.14,121379.01,2416509803557.0,196401433966.0,-0.002546,0.004208,120124.37,-0.008221,0,20,0.0,0.0,0.0,0.0,0.0,0.0,1.1055,22.1104,0.0,0.0
2025-08-11T12:00:00Z,120483.17,120483.17,119580.95,120124.37,120028.11,2389265345753.0,215500744030.0,-0.002978,0.007488,119751.58,-0.003103,0,20,0.0,0.0,0.0,0.0,0.0,0.0,0.9827,19.6547,0.0,0.0
2025-08-11T16:00:00Z,120305.33,120305.33,119380.19,119751.58,119862.8,2386367041963.0,226741580574.0,-0.004603,0.00769,118817.46,-0.0078,0,20,0.0,0.0,0.0,0.0,0.0,0.0,0.9318,18.6359,0.0,0.0
2025-08-11T20:00:00Z,118883.52,118962.11,118589.49,118817.46,118813.14,2364183866959.0,251209332645.0,-0.000556,0.003134,119064.83,0.002082,1,20,0.0,0.0,0.0,0.0,0.0,0.0,0.8634,17.2683,0.0,0.0
2025-08-12T00:00:00Z,118726.76,119064.83,118726.76,119064.83,118915.91,2367156985635.0,232079813426.0,0.002847,0.002847,118904.74,-0.001345,0,20,0.0,0.0,0.0,0.0,0.0,0.0,0.9456,18.9117,0.0,0.0
2025-08-12T04:00:00Z,118826.44,118904.74,118818.98,118904.74,118856.32,2366180254423.0,203651363513.0,0.000659,0.000722,118478.06,-0.003588,0,20,0.0,0.0,0.0,0.0,0.0,0.0,1.1064,22.1289,0.0,0.0
2025-08-12T08:00:00Z,118924.79,118924.79,118378.16,118478.06,118654.77,2362225497769.0,197821294650.0,-0.003756,0.004596,119433.34,0.008063,1,20,0.0,0.0,0.0,0.0,0.0,0.0,0.8946,17.8919,0.0,0.0
2025-08-12T12:00:00Z,118506.58,119433.34,118506.58,119433.34,119002.52,2368311953869.0,181937908886.0,0.00782,0.00782,119411.01,-0.000187,0,20,0.0,0.0,0.0,0.0,0.0,0.0,0.841,16.8198,0.0,0.0
2025-08-12T16:00:00Z,119934.62,119934.62,119308.49,119411.01,119571.12,2379814761321.0,184294865691.0,-0.004366,0.005221,119999.16,0.004925,1,20,0.0,0.0,0.0,0.0,0.0,0.0,1.005,20.0998,0.0,0.0
2025-08-12T20:00:00Z,119625.04,120016.48,119625.04,119999.16,119861.24,2386665222644.0,187574959932.0,0.003127,0.003272,119565.55,-0.003613,0,20,0.0,0.0,0.0,0.0,0.0,0.0,0.9856,19.7122,0.0,0.0
2025-08-13T00:00:00Z,120106.1,120106.1,119344.75,119565.55,119683.89,2382351146649.0,188665714508.0,-0.004501,0.006339,119400.08,-0.001384,0,20,0.0,0.0,0.0,0.0,0.0,0.0,0.9924,19.8474,0.0,0.0
2025-08-13T04:00:00Z,119476.81,119476.81,119019.99,119400.08,119306.53,2375090003419.0,188083155502.0,-0.000642,0.003824,120489.22,0.009122,1,20,0.0,0.0,0.0,0.0,0.0,0.0,1.1039,22.0778,0.0,0.0
2025-08-13T08:00:00Z,119447.29,120489.22,119447.29,120489.22,119996.63,2387670136849.0,189255209236.0,0.008723,0.008723,121125.29,0.005279,1,20,0.0,0.0,0.0,0.0,0.0,0.0,1.009,20.1791,0.0,0.0
2025-08-13T12:00:00Z,120659.94,121481.77,120334.66,121125.29,120900.41,2406110687756.0,192031388736.0,0.003857,0.009507,121573.55,0.003701,1,20,0.0,0.0,0.0,0.0,0.0,0.0,1.134,22.6797,0.0,0.0
2025-08-13T16:00:00Z,121171.27,121796.39,121171.27,121573.55,121493.39,2417352856492.0,221433117792.0,0.00332,0.005159,123066.19,0.012278,1,19,0.0,0.0,0.0,0.0,0.0,0.0,1.1061,21.0159,0.0,0.0
2025-08-13T20:00:00Z,122736.17,123066.19,122655.92,123066.19,122827.19,2445871174192.0,236975524042.0,0.002689,0.003343,123732.11,0.005411,1,20,0.0,0.0,0.0,0.0,0.0,0.0,0.9612,19.2242,0.0,0.0
2025-08-14T00:00:00Z,123419.33,123782.08,123419.33,123732.11,123654.01,2461124917873.0,323442019226.0,0.002534,0.002939,121814.88,-0.015495,0,20,0.0,0.0,0.0,0.0,0.0,0.0,0.9541,19.082,0.0,0.0
2025-08-14T04:00:00Z,123429.55,123429.55,121814.88,121814.88,122614.83,2440637273207.0,264732172591.0,-0.013082,0.013082,120911.86,-0.007413,0,20,0.0,0.0,0.0,0.0,0.0,0.0,1.1488,22.977,0.0,0.0
2025-08-14T08:00:00Z,121835.42,121835.42,120911.86,120911.86,121515.9,2419203313897.0,275598959641.0,-0.00758,0.00758,118766.89,-0.01774,0,20,0.0,0.0,0.0,0.0,0.0,0.0,0.9797,19.5932,0.0,0.0
2025-08-14T12:00:00Z,120915.14,120915.14,118348.9,118766.89,119338.76,2377723559354.0,291786566617.0,-0.017767,0.021223,118140.15,-0.005277,0,20,0.0,0.0,0.0,0.0,0.0,0.0,1.1504,23.0086,0.0,0.0
2025-08-14T16:00:00Z,118220.42,118220.42,117846.83,118140.15,118028.78,2349277011419.0,305813820976.0,-0.000679,0.00316,118327.47,0.001586,1,20,0.0,0.0,0.0,0.0,0.0,0.0,1.1526,23.0527,0.0,0.0
2025-08-14T20:00:00Z,117999.92,118327.47,117848.0,118327.47,118036.97,2350813259847.0,298263687811.0,0.002776,0.004063,118785.93,0.003875,1,20,0.0,0.0,0.0,0.0,0.0,0.0,0.9126,18.2529,0.0,0.0
2025-08-15T00:00:00Z,118387.77,118785.93,118319.47,118785.93,118564.97,2360579703427.0,272799234478.0,0.003363,0.00394,119160.52,0.003153,1,20,0.0,0.0,0.0,0.0,0.0,0.0,1.0021,20.0415,0.0,0.0
2025-08-15T04:00:00Z,119049.72,119160.52,118938.14,119160.52,119048.26,2368691562474.0,265787998504.0,0.000931,0.001868,118971.71,-0.001584,0,20,0.0,0.0,0.0,0.0,0.0,0.0,0.9859,19.718,0.0,0.0
2025-08-15T08:00:00Z,119084.85,119084.85,118856.6,118971.71,118970.93,2367294311447.0,269158527765.0,-0.00095,0.001917,117387.55,-0.013315,0,20,0.0,0.0,0.0,0.0,0.0,0.0,0.8658,17.3165,0.0,0.0
2025-08-15T12:00:00Z,119094.8,119094.8,117387.55,117387.55,118292.6,2355715803122.0,220168496719.0,-0.014335,0.014335,117219.33,-0.001433,0,20,0.0,0.0,0.0,0.0,0.0,0.0,0.8983,17.9658,0.0,0.0
2025-08-15T16:00:00Z,117367.43,117670.63,117219.33,117219.33,117416.22,2335672369858.0,194378457596.0,-0.001262,0.003845,117805.21,0.004998,1,20,0.0,0.0,0.0,0.0,0.0,0.0,0.8972,17.9444,0.0,0.0
2025-08-15T20:00:00Z,117000.41,117805.21,117000.41,117805.21,117387.44,2336659335998.0,179195757102.0,0.006879,0.006879,117569.54,-0.002001,0,20,0.0,0.0,0.0,0.0,0.0,0.0,0.981,19.6196,0.0,0.0
2025-08-16T00:00:00Z,117396.52,117954.97,117396.52,117569.54,117680.44,2342240309379.0,174845819680.0,0.001474,0.004757,117451.02,-0.001008,0,19,0.0,0.0,0.0,0.0,0.0,0.0,0.915,17.3842,0.0,0.0
2025-08-16T04:00:00Z,117533.99,117903.7,117451.02,117451.02,117646.26,2342303394550.0,161993562591.0,-0.000706,0.003851,117466.55,0.000132,1,20,0.0,0.0,0.0,0.0,0.0,0.0,1.0216,20.4327,0.0,0.0
2025-08-16T08:00:00Z,117663.79,117663.79,117411.1,117466.55,117549.65,2340958655647.0,160369605243.0,-0.001676,0.002148,117817.33,0.002986,1,20,0.0,0.0,0.0,0.0,0.0,0.0,0.8896,17.793,0.0,0.0
2025-08-16T12:00:00Z,117448.58,117817.33,117448.58,117817.33,117698.64,2343023854186.0,146728591300.0,0.00314,0.00314,117748.7,-0.000583,0,20,0.0,0.0,0.0,0.0,0.0,0.0,0.8784,17.5686,0.0,0.0
2025-08-16T16:00:00Z,117745.3,117821.01,117745.3,117748.7,117769.54,2344501513963.0,110841831584.0,2.9e-05,0.000643,117484.76,-0.002242,0,20,0.0,0.0,0.0,0.0,0.0,0.0,0.9654,19.3079,0.0,0.0
2025-08-16T20:00:00Z,117734.23,117734.23,117484.76,117484.76,117607.98,2341739397618.0,97092745400.0,-0.002119,0.002119,117663.37,0.00152,1,20,0.0,0.0,0.0,0.0,0.0,0.0,1.0494,20.987,0.0,0.0
2025-08-17T00:00:00Z,117397.54,117663.37,117369.58,117663.37,117488.02,2339034876070.0,87633990209.0,0.002264,0.002503,118027.59,0.003095,1,20,0.0,0.0,0.0,0.0,0.0,0.0,0.9888,19.7752,0.0,0.0
2025-08-17T04:00:00Z,117784.92,118146.94,117784.92,118027.59,118010.56,2349456938592.0,83495452314.0,0.00206,0.003074,118359.51,0.002812,1,20,0.0,0.0,0.0,0.0,0.0,0.0,0.989,19.7803,0.0,0.0
2025-08-17T08:00:00Z,118094.97,118375.95,118094.97,118359.51,118294.83,2354705359148.0,83111084276.0,0.00224,0.002379,118213.37,-0.001235,0,20,0.0,0.0,0.0,0.0,0.0,0.0,0.8824,17.6489,0.0,0.0
2025-08-17T12:00:00Z,118384.92,118451.62,118185.47,118213.37,118308.85,2355664632956.0,78190645097.0,-0.001449,0.002248,117800.39,-0.003494,0,20,0.0,0.0,0.0,0.0,0.0,0.0,1.0966,21.933,0.0,0.0
2025-08-17T16:00:00Z,118303.92,118303.92,117800.39,117800.39,118024.98,2349594065885.0,79162519301.0,-0.004256,0.004256,118004.77,0.001735,1,20,0.0,0.0,0.0,0.0,0.0,0.0,0.794,15.8803,0.0,0.0
2025-08-17T20:00:00Z,117659.92,118004.77,117659.92,118004.77,117800.37,2345088389703.0,83179946391.0,0.002931,0.002931,115762.72,-0.019,0,20,0.0,0.0,0.0,0.0,0.0,0.0,0.5889,11.7782,0.0,0.0
2025-08-18T00:00:00Z,117519.36,117519.36,115762.72,115762.72,116758.3,2324724700548.0,94913290989.0,-0.014948,0.014948,115295.02,-0.00404,0,20,0.0,0.0,0.0,0.0,0.0,0.0,1.1908,23.8165,0.0,0.0
2025-08-18T04:00:00Z,115355.15,115677.24,115295.02,115295.02,115477.45,2298393765274.0,120143761978.0,-0.000521,0.003313,115124.87,-0.001476,0,20,0.0,0.0,0.0,0.0,0.0,0.0,1.1098,22.1964,0.0,0.0
2025-08-18T08:00:00Z,115338.98,115338.98,115074.78,115124.87,115184.01,2293583620065.0,137071146917.0,-0.001856,0.002291,115648.19,0.004546,1,20,0.0,0.0,0.0,0.0,0.0,0.0,0.8875,17.7507,0.0,0.0
2025-08-18T12:00:00Z,115044.56,115648.19,114995.27,115648.19,115303.76,2294806853882.0,153001248164.0,0.005247,0.005675,116612.62,0.008339,1,20,0.0,0.0,0.0,0.0,0.0,0.0,0.978,19.5596,0.0,0.0
2025-08-18T16:00:00Z,116256.12,116717.5,116083.86,116612.62,116417.52,2317050915609.0,173281270170.0,0.003066,0.00545,116445.12,-0.001436,0,20,0.0,0.0,0.0,0.0,0.0,0.0,0.9573,19.1457,0.0,0.0
2025-08-18T20:00:00Z,116359.65,116713.44,116359.65,116445.12,116496.34,2319504133776.0,184689873208.0,0.000735,0.00304,115739.42,-0.00606,0,20,0.0,0.0,0.0,0.0,0.0,0.0,0.9295,18.5896,0.0,0.0
2025-08-19T00:00:00Z,116315.12,116578.7,115739.42,115739.42,116118.51,2311591875526.0,176853964372.0,-0.004949,0.007216,114985.9,-0.00651,0,20,0.0,0.0,0.0,0.0,0.0,0.0,1.0456,20.9124,0.0,0.0
2025-08-19T04:00:00Z,114853.8,115310.23,114853.8,114985.9,115042.97,2291759648284.0,153559778995.0,0.00115,0.003974,115429.17,0.003855,1,20,0.0,0.0,0.0,0.0,0.0,0.0,1.0119,20.2375,0.0,0.0
2025-08-19T08:00:00Z,115011.33,115429.17,115011.33,115429.17,115263.95,2294483305042.0,151017714193.0,0.003633,0.003633,114004.89,-0.012339,0,20,0.0,0.0,0.0,0.0,0.0,0.0,1.1202,22.4037,0.0,0.0
2025-08-19T12:00:00Z,115559.45,115599.62,114004.89,114004.89,115100.86,2290245322791.0,147284403562.0,-0.013452,0.0138,112832.76,-0.010281,0,20,0.0,0.0,0.0,0.0,0.0,0.0,1.0964,21.9288,0.0,0.0
2025-08-19T16:00:00Z,113820.34,113820.34,112832.76,112832.76,113387.93,2258149953015.0,165631031935.0,-0.008677,0.008677,113170.11,0.00299,1,20,0.0,0.0,0.0,0.0,0.0,0.0,1.0331,20.6618,0.0,0.0
2025-08-19T20:00:00Z,113271.64,113497.5,113170.11,113170.11,113338.44,2256897740523.0,180292135233.0,-0.000896,0.00289,113436.87,0.002357,1,20,0.0,0.0,0.0,0.0,0.0,0.0,0.8602,17.2038,0.0,0.0
2025-08-20T00:00:00Z,112896.33,113436.87,112896.33,113436.87,113148.28,2252604934704.0,176685645196.0,0.004788,0.004788,113616.78,0.001586,1,20,0.0,0.0,0.0,0.0,0.0,0.0,0.933,18.661,0.0,0.0
2025-08-20T04:00:00Z,113499.88,113712.34,113499.88,113616.78,113601.41,2261638148136.0,180899019365.0,0.00103,0.001872,113814.61,0.001741,1,20,0.0,0.0,0.0,0.0,0.0,0.0,0.9983,19.9651,0.0,0.0
2025-08-20T08:00:00Z,113548.33,113979.38,113548.33,113814.61,113770.3,2265021301004.0,179981576391.0,0.002345,0.003796,113468.72,-0.003039,0,20,0.0,0.0,0.0,0.0,0.0,0.0,0.9536,19.0723,0.0,0.0
2025-08-20T12:00:00Z,113772.6,113772.6,112721.53,113468.72,113416.87,2257160764733.0,183247245390.0,-0.002671,0.009238,113588.02,0.001051,1,20,0.0,0.0,0.0,0.0,0.0,0.0,0.8199,16.3981,0.0,0.0
2025-08-20T16:00:00Z,113364.13,114200.27,113364.13,113588.02,113775.0,2266287576444.0,178033842446.0,0.001975,0.007376,114590.45,0.008825,1,20,0.0,0.0,0.0,0.0,0.0,0.0,0.983,19.659,0.0,0.0
2025-08-20T20:00:00Z,114227.65,114590.45,114227.65,114590.45,114398.24,2276982756325.0,174675267702.0,0.003176,0.003176,113987.9,-0.005258,0,20,0.0,0.0,0.0,0.0,0.0,0.0,1.0413,20.8263,0.0,0.0
2025-08-21T00:00:00Z,114250.43,114723.41,113987.9,113987.9,114324.87,2275666297029.0,163656095594.0,-0.002298,0.006438,113737.03,-0.002201,0,19,0.0,0.0,0.0,0.0,0.0,0.0,0.8397,15.9534,0.0,0.0
2025-08-21T04:00:00Z,113987.13,113987.13,113737.03,113737.03,113871.7,2267631358792.0,149838335130.0,-0.002194,0.002194,113373.8,-0.003194,0,20,0.0,0.0,0.0,0.0,0.0,0.0,0.8496,16.9911,0.0,0.0
2025-08-21T08:00:00Z,113890.14,113890.14,113373.8,113373.8,113574.59,2261077041755.0,150475372653.0,-0.004534,0.004534,113266.27,-0.000949,0,20,0.0,0.0,0.0,0.0,0.0,0.0,0.8331,16.6624,0.0,0.0
2025-08-21T12:00:00Z,113132.29,113504.91,112952.51,113266.27,113213.99,2254813284654.0,145660996820.0,0.001184,0.004883,112571.66,-0.006133,0,19,0.0,0.0,0.0,0.0,0.0,0.0,0.9374,17.811,0.0,0.0
2025-08-21T16:00:00Z,112773.38,112773.38,112379.89,112571.66,112530.82,2241271252189.0,130270955629.0,-0.001789,0.003489,112468.85,-0.000913,0,20,0.0,0.0,0.0,0.0,0.0,0.0,0.8992,17.9832,0.0,0.0
2025-08-21T20:00:00Z,112023.06,112564.22,112023.06,112468.85,112404.33,2237724916426.0,133003710081.0,0.003979,0.004831,113266.62,0.007093,1,20,0.0,0.0,0.0,0.0,0.0,0.0,0.8342,16.6835,0.0,0.0
2025-08-22T00:00:00Z,112414.4,113266.62,112414.4,113266.62,112767.23,2245670926888.0,127687979412.0,0.007581,0.007581,112999.09,-0.002362,0,20,0.0,0.0,0.0,0.0,0.0,0.0,0.9116,18.2313,0.0,0.0
2025-08-22T04:00:00Z,112933.13,113216.1,112787.9,112999.09,112984.05,2249138289913.0,127701392561.0,0.000584,0.003792,112521.55,-0.004226,0,20,0.0,0.0,0.0,0.0,0.0,0.0,0.8783,17.5665,0.0,0.0
2025-08-22T08:00:00Z,113108.76,113108.76,112521.55,112521.55,112924.55,2248419092204.0,130137288024.0,-0.005192,0.005192,115949.65,0.030466,1,20,0.0,0.0,0.0,0.0,0.0,0.0,1.0087,20.1742,0.0,0.0
2025-08-22T12:00:00Z,112288.33,115949.65,112288.33,115949.65,113273.78,2257264497800.0,142340357811.0,0.032606,0.032606,116754.19,0.006939,1,20,0.0,0.0,0.0,0.0,0.0,0.0,0.9951,19.9013,0.0,0.0
2025-08-22T16:00:00Z,116733.63,116925.15,116242.78,116754.19,116663.94,2323026106644.0,194342894166.0,0.000176,0.005846,116690.83,-0.000543,0,20,0.0,0.0,0.0,0.0,0.0,0.0,0.9492,18.9838,0.0,0.0
2025-08-22T20:00:00Z,116630.96,117016.41,116630.96,116690.83,116807.84,2325303743742.0,202014764000.0,0.000513,0.003305,115820.57,-0.007458,0,20,0.0,0.0,0.0,0.0,0.0,0.0,0.8312,16.6241,0.0,0.0
2025-08-23T00:00:00Z,116897.54,116897.54,115820.57,115820.57,116497.41,2320308185688.0,205596994810.0,-0.009213,0.009213,115686.06,-0.001161,0,20,0.0,0.0,0.0,0.0,0.0,0.0,1.0258,20.5162,0.0,0.0
2025-08-23T04:00:00Z,115506.45,115916.13,115506.45,115686.06,115736.18,2304494290754.0,211267711695.0,0.001555,0.003547,115518.5,-0.001448,0,20,0.0,0.0,0.0,0.0,0.0,0.0,1.0095,20.1904,0.0,0.0
2025-08-23T08:00:00Z,115756.27,115756.27,115518.5,115518.5,115675.74,2302984123561.0,205440242411.0,-0.002054,0.002054,114686.34,-0.007204,0,20,0.0,0.0,0.0,0.0,0.0,0.0,0.9988,19.9753,0.0,0.0
2025-08-23T12:00:00Z,115274.04,115274.04,114686.34,114686.34,114979.23,2289717788361.0,191285530086.0,-0.005098,0.005098,115092.93,0.003545,1,20,0.0,0.0,0.0,0.0,0.0,0.0,1.094,21.8804,0.0,0.0
2025-08-23T16:00:00Z,114783.26,115092.93,114783.26,115092.93,114968.37,2289023210136.0,134264148118.0,0.002698,0.002698,115280.21,0.001627,1,20,0.0,0.0,0.0,0.0,0.0,0.0,1.1017,22.0336,0.0,0.0
2025-08-23T20:00:00Z,115099.37,115280.21,115099.37,115280.21,115193.46,2293442814657.0,114744944860.0,0.001571,0.001571,115069.43,-0.001828,0,20,0.0,0.0,0.0,0.0,0.0,0.0,0.9624,19.2484,0.0,0.0
2025-08-24T00:00:00Z,115359.98,115431.18,115069.43,115069.43,115306.15,2295880714525.0,106517699138.0,-0.002519,0.003136,114844.62,-0.001954,0,20,0.0,0.0,0.0,0.0,0.0,0.0,0.9871,19.7427,0.0,0.0
2025-08-24T04:00:00Z,114993.24,115086.6,114844.62,114844.62,114969.37,2289441716021.0,99894269161.0,-0.001292,0.002104,114736.45,-0.000942,0,20,0.0,0.0,0.0,0.0,0.0,0.0,0.9776,19.551,0.0,0.0
2025-08-24T08:00:00Z,114879.69,114879.69,114736.45,114736.45,114798.13,2286871341809.0,99880960913.0,-0.001247,0.001247,114472.18,-0.002303,0,20,0.0,0.0,0.0,0.0,0.0,0.0,1.0672,21.3434,0.0,0.0
2025-08-24T12:00:00Z,114695.24,114695.24,114472.18,114472.18,114590.09,2282048095381.0,97847283310.0,-0.001945,0.001945,114566.06,0.00082,1,20,0.0,0.0,0.0,0.0,0.0,0.0,1.0256,20.5122,0.0,0.0
2025-08-24T16:00:00Z,114369.61,114566.06,114250.27,114566.06,114388.42,2278162979658.0,101727249210.0,0.001718,0.002761,113414.75,-0.010049,0,20,0.0,0.0,0.0,0.0,0.0,0.0,1.2031,24.0625,0.0,0.0
2025-08-24T20:00:00Z,112217.25,113414.75,112217.25,113414.75,112848.05,2247628139706.0,153581263786.0,0.010671,0.010671,113415.24,4e-06,1,20,0.0,0.0,0.0,0.0,0.0,0.0,0.9233,18.4651,0.0,0.0
2025-08-25T00:00:00Z,113399.55,113415.24,112585.42,113415.24,113105.92,2252313734714.0,170233875041.0,0.000138,0.007318,111949.07,-0.012927,0,20,0.0,0.0,0.0,0.0,0.0,0.0,1.0483,20.9654,0.0,0.0
2025-08-25T04:00:00Z,113208.56,113208.56,111949.07,111949.07,112578.27,2240914957855.0,180658267550.0,-0.011125,0.011125,110955.99,-0.008871,0,20,0.0,0.0,0.0,0.0,0.0,0.0,1.0367,20.7338,0.0,0.0
2025-08-25T08:00:00Z,111472.72,111632.33,110955.99,110955.99,111409.75,2218671780932.0,194878414580.0,-0.004635,0.006067,112210.11,0.011303,1,20,0.0,0.0,0.0,0.0,0.0,0.0,1.1471,22.9424,0.0,0.0
2025-08-25T12:00:00Z,111218.67,112210.11,111218.67,112210.11,111560.55,2220478701562.0,211335389891.0,0.008914,0.008914,112386.51,0.001572,1,20,0.0,0.0,0.0,0.0,0.0,0.0,0.812,16.2394,0.0,0.0
2025-08-25T16:00:00Z,112290.17,112547.51,112290.17,112386.51,112430.44,2238985235766.0,222096682444.0,0.000858,0.002292,110239.02,-0.019108,0,20,0.0,0.0,0.0,0.0,0.0,0.0,1.0167,20.3349,0.0,0.0
2025-08-25T20:00:00Z,110909.84,110909.84,109690.84,110239.02,110255.17,2195326668667.0,212493185833.0,-0.006048,0.010991,109702.84,-0.004864,0,20,0.0,0.0,0.0,0.0,0.0,0.0,1.0634,21.2681,0.0,0.0
2025-08-26T00:00:00Z,110185.35,110185.35,109214.15,109702.84,109707.79,2186203908711.0,230092707651.0,-0.004379,0.008814,110007.15,0.002774,1,20,0.0,0.0,0.0,0.0,0.0,0.0,0.9334,18.6678,0.0,0.0
2025-08-26T04:00:00Z,109901.69,110275.87,109901.69,110007.15,110069.43,2191706376559.0,237857222795.0,0.00096,0.003405,110215.28,0.001892,1,20,0.0,0.0,0.0,0.0,0.0,0.0,1.0027,20.054,0.0,0.0
2025-08-26T08:00:00Z,110304.27,110304.27,110152.36,110215.28,110214.34,2194392589284.0,217434627104.0,-0.000807,0.001377,110332.08,0.00106,1,20,0.0,0.0,0.0,0.0,0.0,0.0,1.1519,23.0379,0.0,0.0
2025-08-26T12:00:00Z,109677.93,110332.08,109677.93,110332.08,109989.79,2189870693923.0,210085076012.0,0.005964,0.005964,110753.61,0.003821,1,20,0.0,0.0,0.0,0.0,0.0,0.0,0.9637,19.2742,0.0,0.0
2025-08-26T16:00:00Z,109711.33,110753.61,109711.33,110753.61,110040.65,2190343404654.0,205744908051.0,0.0095,0.0095,111889.77,0.010258,1,20,0.0,0.0,0.0,0.0,0.0,0.0,0.7442,14.8846,0.0,0.0
2025-08-26T20:00:00Z,111094.4,111889.77,111094.4,111889.77,111449.63,2218579392731.0,191022093080.0,0.007159,0.007159,111187.5,-0.006276,0,20,0.0,0.0,0.0,0.0,0.0,0.0,0.9781,19.5611,0.0,0.0
2025-08-27T00:00:00Z,111842.71,111842.71,111187.5,111187.5,111414.76,2218952448790.0,166539118727.0,-0.005858,0.005858,111054.43,-0.001197,0,20,0.0,0.0,0.0,0.0,0.0,0.0,0.8907,17.8141,0.0,0.0
2025-08-27T04:00:00Z,111519.27,111605.76,111054.43,111054.43,111388.14,2218654706469.0,159065122709.0,-0.004168,0.004944,111006.11,-0.000435,0,20,0.0,0.0,0.0,0.0,0.0,0.0,1.0484,20.9688,0.0,0.0
2025-08-27T08:00:00Z,110692.47,111006.11,110692.47,111006.11,110847.43,2207051129323.0,157455001365.0,0.002833,0.002833,111885.41,0.007921,1,20,0.0,0.0,0.0,0.0,0.0,0.0,0.9885,19.7708,0.0,0.0
2025-08-27T12:00:00Z,111315.88,111885.41,111315.88,111885.41,111505.67,2221553863896.0,146396502759.0,0.005116,0.005116,112117.99,0.002079,1,20,0.0,0.0,0.0,0.0,0.0,0.0,0.8374,16.7487,0.0,0.0
2025-08-27T16:00:00Z,111952.55,112370.95,111952.55,112117.99,112146.97,2233409288649.0,145286609734.0,0.001478,0.003737,111438.43,-0.006061,0,20,0.0,0.0,0.0,0.0,0.0,0.0,0.9429,18.8573,0.0,0.0
2025-08-27T20:00:00Z,112036.44,112313.87,111438.43,111438.43,111818.35,2226335503546.0,149967267433.0,-0.005338,0.007814,111492.62,0.000486,1,20,0.0,0.0,0.0,0.0,0.0,0.0,0.9776,19.553,0.0,0.0
2025-08-28T00:00:00Z,111241.29,111659.07,111241.29,111492.62,111418.24,2219034882961.0,146941522374.0,0.002259,0.003756,113194.26,0.015262,1,20,0.0,0.0,0.0,0.0,0.0,0.0,1.0363,20.725,0.0,0.0
2025-08-28T04:00:00Z,111972.0,113194.26,111972.0,113194.26,112733.88,2244157256251.0,148432743773.0,0.010916,0.010916,112984.18,-0.001856,0,20,0.0,0.0,0.0,0.0,0.0,0.0,0.9943,19.8854,0.0,0.0
2025-08-28T08:00:00Z,113084.56,113084.56,112851.5,112984.18,113000.04,2250487993507.0,151113448272.0,-0.000888,0.002061,113127.76,0.001271,1,20,0.0,0.0,0.0,0.0,0.0,0.0,1.0914,21.8283,0.0,0.0
2025-08-28T12:00:00Z,112994.81,113220.31,112807.01,113127.76,113037.47,2250782408902.0,152203882979.0,0.001177,0.003658,112405.28,-0.006386,0,20,0.0,0.0,0.0,0.0,0.0,0.0,1.1591,23.1823,0.0,0.0
2025-08-28T16:00:00Z,112672.55,112672.55,112395.35,112405.28,112486.14,2241100966139.0,149274972780.0,-0.002372,0.00246,112406.37,1e-05,1,20,0.0,0.0,0.0,0.0,0.0,0.0,0.887,17.7395,0.0,0.0
2025-08-28T20:00:00Z,112053.84,112406.37,111946.78,112406.37,112109.01,2232534291156.0,139168384971.0,0.003146,0.004102,111441.32,-0.008585,0,20,0.0,0.0,0.0,0.0,0.0,0.0,0.9575,19.1505,0.0,0.0
2025-08-29T00:00:00Z,112512.68,112512.68,111441.32,111441.32,111901.06,2228591913772.0,137120727323.0,-0.009522,0.009522,111229.56,-0.0019,0,20,0.0,0.0,0.0,0.0,0.0,0.0,0.9259,18.5174,0.0,0.0
2025-08-29T04:00:00Z,111740.83,111740.83,111229.56,111229.56,111444.63,2218652570621.0,137870768303.0,-0.004576,0.004576,110038.86,-0.010705,0,20,0.0,0.0,0.0,0.0,0.0,0.0,1.2189,24.3774,0.0,0.0
2025-08-29T08:00:00Z,110056.45,110056.45,109672.51,110038.86,109900.45,2188441630064.0,155573938977.0,-0.00016,0.003489,108197.66,-0.016732,0,20,0.0,0.0,0.0,0.0,0.0,0.0,0.9552,19.105,0.0,0.0
2025-08-29T12:00:00Z,110063.09,110692.1,108197.66,108197.66,109564.08,2182733225074.0,168760040819.0,-0.016949,0.022664,108103.23,-0.000873,0,20,0.0,0.0,0.0,0.0,0.0,0.0,1.0407,20.8144,0.0,0.0
2025-08-29T16:00:00Z,108417.71,108664.15,108103.23,108103.23,108429.4,2160226298614.0,191777064350.0,-0.002901,0.005174,108268.42,0.001528,1,20,0.0,0.0,0.0,0.0,0.0,0.0,1.1692,23.3843,0.0,0.0
2025-08-29T20:00:00Z,108355.62,108446.37,107696.09,108268.42,108191.62,2154586806899.0,201796328548.0,-0.000805,0.006924,107794.37,-0.004378,0,20,0.0,0.0,0.0,0.0,0.0,0.0,0.9591,19.1812,0.0,0.0
2025-08-30T00:00:00Z,108335.63,108335.63,107689.75,107794.37,108016.57,2152491970836.0,208199140595.0,-0.004996,0.005962,108283.01,0.004533,1,20,0.0,0.0,0.0,0.0,0.0,0.0,1.1781,23.5622,0.0,0.0
2025-08-30T04:00:00Z,108442.93,108443.38,108283.01,108283.01,108378.69,2158032690131.0,214706762049.0,-0.001475,0.001479,108407.8,0.001152,1,20,0.0,0.0,0.0,0.0,0.0,0.0,0.9728,19.4552,0.0,0.0
2025-08-30T08:00:00Z,108491.06,108584.55,108407.8,108407.8,108514.48,2161108497509.0,198594818432.0,-0.000767,0.001629,108696.33,0.002662,1,20,0.0,0.0,0.0,0.0,0.0,0.0,0.9152,18.3047,0.0,0.0
2025-08-30T12:00:00Z,108690.68,108696.33,108489.98,108696.33,108620.37,2162895338923.0,177027782081.0,5.2e-05,0.001899,108831.02,0.001239,1,20,0.0,0.0,0.0,0.0,0.0,0.0,0.9619,19.2388,0.0,0.0
2025-08-30T16:00:00Z,108828.81,108853.56,108784.69,108831.02,108824.52,2166888553423.0,138973142651.0,2e-05,0.000633,108541.99,-0.002656,0,20,0.0,0.0,0.0,0.0,0.0,0.0,1.0347,20.6946,0.0,0.0
2025-08-30T20:00:00Z,108824.12,108824.12,108541.99,108541.99,108645.64,2163389639182.0,117189237132.0,-0.002593,0.002593,109204.06,0.0061,1,20,0.0,0.0,0.0,0.0,0.0,0.0,1.0582,21.1647,0.0,0.0
2025-08-31T00:00:00Z,108781.96,109453.21,108781.96,109204.06,109190.21,2173869060449.0,111749775374.0,0.00388,0.006171,108714.57,-0.004482,0,20,0.0,0.0,0.0,0.0,0.0,0.0,1.0689,21.3778,0.0,0.0
2025-08-31T04:00:00Z,109176.76,109176.76,108714.57,108714.57,108854.78,2167752527588.0,94836436268.0,-0.004233,0.004233,108569.41,-0.001335,0,20,0.0,0.0,0.0,0.0,0.0,0.0,0.9239,18.4782,0.0,0.0
2025-08-31T08:00:00Z,108706.45,109005.62,108509.82,108569.41,108697.82,2164588590635.0,87886330201.0,-0.001261,0.004561,108462.08,-0.000989,0,20,0.0,0.0,0.0,0.0,0.0,0.0,1.0281,20.5627,0.0,0.0
2025-08-31T12:00:00Z,108381.32,108462.08,108323.52,108462.08,108379.47,2158315785903.0,91361573930.0,0.000745,0.001278,109131.68,0.006174,1,20,0.0,0.0,0.0,0.0,0.0,0.0,0.9756,19.5125,0.0,0.0
2025-08-31T16:00:00Z,108786.16,109131.68,108786.16,109131.68,108961.61,2169847743990.0,96774636552.0,0.003176,0.003176,108867.78,-0.002418,0,20,0.0,0.0,0.0,0.0,0.0,0.0,1.0784,21.567,0.0,0.0
2025-08-31T20:00:00Z,108922.73,109066.37,108867.78,108867.78,108970.78,2170255419610.0,99894123783.0,-0.000504,0.001823,107556.16,-0.012048,0,20,0.0,0.0,0.0,0.0,0.0,0.0,0.9151,18.3016,0.0,0.0
2025-09-01T00:00:00Z,108253.36,108320.53,107556.16,107556.16,108073.41,2151822695276.0,108801851262.0,-0.00644,0.007061,108078.81,0.004859,1,20,0.0,0.0,0.0,0.0,0.0,0.0,1.171,23.4209,0.0,0.0
2025-09-01T04:00:00Z,107633.57,108078.81,107414.44,108078.81,107749.47,2145573193046.0,119207328046.0,0.004137,0.006173,108458.76,0.003515,1,20,0.0,0.0,0.0,0.0,0.0,0.0,1.0727,21.4547,0.0,0.0
2025-09-01T08:00:00Z,109681.78,109681.78,108458.76,108458.76,109303.63,2174881153289.0,137787243860.0,-0.011151,0.011151,109120.0,0.006097,1,20,0.0,0.0,0.0,0.0,0.0,0.0,1.084,21.6791,0.0,0.0
2025-09-01T12:00:00Z,108805.93,109120.0,108805.93,109120.0,109013.88,2169220703002.0,148889034184.0,0.002887,0.002887,109207.52,0.000802,1,20,0.0,0.0,0.0,0.0,0.0,0.0,0.718,14.3607,0.0,0.0
2025-09-01T16:00:00Z,108765.48,109207.52,108765.48,109207.52,108933.43,2169111654066.0,153258395185.0,0.004064,0.004064,108482.11,-0.006642,0,20,0.0,0.0,0.0,0.0,0.0,0.0,1.0683,21.3652,0.0,0.0
2025-09-01T20:00:00Z,109204.43,109204.43,107541.66,108482.11,108504.08,2160744975611.0,163186260917.0,-0.006614,0.015226,110126.03,0.015154,1,19,0.0,0.0,0.0,0.0,0.0,0.0,0.8678,16.4876,0.0,0.0
2025-09-02T00:00:00Z,109229.01,110126.03,108952.09,110126.03,109413.64,2177561734507.0,168839691184.0,0.008212,0.010748,110380.88,0.002314,1,20,0.0,0.0,0.0,0.0,0.0,0.0,1.0746,21.493,0.0,0.0
2025-09-02T04:00:00Z,110323.35,110380.88,110199.69,110380.88,110296.72,2196892180158.0,169885146104.0,0.000521,0.001642,110224.19,-0.00142,0,20,0.0,0.0,0.0,0.0,0.0,0.0,1.0301,20.6014,0.0,0.0
2025-09-02T08:00:00Z,110240.9,110501.88,110224.19,110224.19,110322.64,2196774598528.0,162351586451.0,-0.000152,0.002519,111219.97,0.009034,1,20,0.0,0.0,0.0,0.0,0.0,0.0,0.9785,19.5701,0.0,0.0
2025-09-02T12:00:00Z,109726.01,111219.97,108798.95,111219.97,110231.2,2194731347912.0,175685098128.0,0.013615,0.022064,110770.9,-0.004038,0,20,0.0,0.0,0.0,0.0,0.0,0.0,0.9928,19.8563,0.0,0.0
2025-09-02T16:00:00Z,110752.34,110911.59,110685.15,110770.9,110780.0,2205414055658.0,206843813005.0,0.000168,0.002045,111215.74,0.004016,1,20,0.0,0.0,0.0,0.0,0.0,0.0,1.0905,21.8101,0.0,0.0
2025-09-02T20:00:00Z,110752.3,111395.04,110752.3,111215.74,111148.21,2212725334131.0,211300386184.0,0.004184,0.005803,111449.59,0.002103,1,20,0.0,0.0,0.0,0.0,0.0,0.0,0.9492,18.9844,0.0,0.0
2025-09-03T00:00:00Z,111190.18,111449.59,111190.18,111449.59,111297.88,2215386223548.0,203032016221.0,0.002333,0.002333,110715.85,-0.006584,0,19,0.0,0.0,0.0,0.0,0.0,0.0,1.0299,19.5673,0.0,0.0
2025-09-03T04:00:00Z,111073.76,111073.76,110690.28,110715.85,110875.51,2208274469665.0,194066054340.0,-0.003222,0.003453,111429.01,0.006441,1,20,0.0,0.0,0.0,0.0,0.0,0.0,0.9471,18.9424,0.0,0.0
2025-09-03T08:00:00Z,111063.31,111429.01,111048.53,111429.01,111190.41,2213590877180.0,190785665341.0,0.003293,0.003426,112237.33,0.007254,1,20,0.0,0.0,0.0,0.0,0.0,0.0,0.9162,18.3249,0.0,0.0
2025-09-03T12:00:00Z,111471.89,112237.33,111114.71,112237.33,111609.24,2221420018823.0,174118045496.0,0.006867,0.010071,111946.44,-0.002592,0,20,0.0,0.0,0.0,0.0,0.0,0.0,0.9878,19.7555,0.0,0.0
2025-09-03T16:00:00Z,112291.24,112380.37,111862.09,111946.44,112120.03,2232314123675.0,156572640862.0,-0.003071,0.004615,111953.7,6.5e-05,1,20,0.0,0.0,0.0,0.0,0.0,0.0,0.9936,19.8712,0.0,0.0
2025-09-03T20:00:00Z,112156.22,112230.16,111953.7,111953.7,112080.95,2230958015834.0,148067748183.0,-0.001806,0.002465,111492.65,-0.004118,0,20,0.0,0.0,0.0,0.0,0.0,0.0,0.955,19.1006,0.0,0.0
2025-09-04T00:00:00Z,111751.65,112072.8,111492.65,111492.65,111792.74,2226784755381.0,140369244893.0,-0.002318,0.005191,110409.55,-0.009715,0,20,0.0,0.0,0.0,0.0,0.0,0.0,0.9986,19.9725,0.0,0.0
2025-09-04T04:00:00Z,111177.66,111177.66,110409.55,110409.55,110850.4,2207759863163.0,142138505123.0,-0.006909,0.006909,110646.53,0.002146,1,20,0.0,0.0,0.0,0.0,0.0,0.0,1.0228,20.456,0.0,0.0
2025-09-04T08:00:00Z,110505.55,110805.4,110505.55,110646.53,110665.69,2203821680435.0,145455508877.0,0.001276,0.002713,109969.81,-0.006116,0,20,0.0,0.0,0.0,0.0,0.0,0.0,1.1414,22.8271,0.0,0.0
2025-09-04T12:00:00Z,110846.35,110846.35,109969.81,109969.81,110512.56,2201719942805.0,142255830915.0,-0.007908,0.007908,110023.31,0.000487,1,20,0.0,0.0,0.0,0.0,0.0,0.0,1.0683,21.3662,0.0,0.0
2025-09-04T16:00:00Z,109624.55,110023.31,109497.72,110023.31,109737.17,2185830883274.0,144000179144.0,0.003638,0.004794,111490.51,0.013335,1,20,0.0,0.0,0.0,0.0,0.0,0.0,1.2106,24.2119,0.0,0.0
2025-09-04T20:00:00Z,109873.89,111490.51,109873.89,111490.51,110577.52,2201019724832.0,143796103502.0,0.014713,0.014713,111365.17,-0.001124,0,0,0.0,0.0,0.0,0.0,0.0,0.0,0.0,0.0,0.0,0.0
2025-09-05T00:00:00Z,110752.04,111365.17,110546.35,111365.17,110946.69,2210054977219.0,154837947563.0,0.005536,0.007393,111900.94,0.004811,1,20,0.0,0.0,0.0,0.0,0.0,0.0,0.7843,15.6859,0.0,0.0
2025-09-05T04:00:00Z,111320.96,111900.94,111320.96,111900.94,111557.12,2221606303393.0,152767623895.0,0.00521,0.00521,112259.73,0.003206,1,20,0.0,0.0,0.0,0.0,0.0,0.0,0.7812,15.6244,0.0,0.0
2025-09-05T08:00:00Z,112964.69,112964.69,112258.88,112259.73,112525.95,2241304290471.0,169813419072.0,-0.006241,0.006248,110514.16,-0.015549,0,20,0.0,0.0,0.0,0.0,0.0,0.0,0.9322,18.644,0.0,0.0
2025-09-05T12:00:00Z,112361.22,113225.0,110514.16,110514.16,112283.6,2237180607959.0,197324490384.0,-0.016439,0.024126,111192.72,0.00614,1,20,0.0,0.0,0.0,0.0,0.0,0.0,0.9847,19.6944,0.0,0.0
2025-09-05T16:00:00Z,110663.45,111192.72,110611.41,111192.72,110812.29,2207361092691.0,221801905278.0,0.004783,0.005253,110813.81,-0.003408,0,19,0.0,0.0,0.0,0.0,0.0,0.0,1.1038,20.9715,0.0,0.0
2025-09-05T20:00:00Z,111445.25,111619.39,110624.31,110813.81,111125.69,2213180788071.0,229257442909.0,-0.005666,0.008929,111103.5,0.002614,1,20,0.0,0.0,0.0,0.0,0.0,0.0,0.8883,17.7652,0.0,0.0
2025-09-06T00:00:00Z,110656.31,111103.5,110656.31,111103.5,110854.16,2207887035032.0,221941614534.0,0.004041,0.004041,110772.87,-0.002976,0,20,0.0,0.0,0.0,0.0,0.0,0.0,1.1233,22.4668,0.0,0.0
2025-09-06T04:00:00Z,111070.93,111070.93,110725.91,110772.87,110856.53,2208226272745.0,212956164501.0,-0.002684,0.003106,110766.64,-5.6e-05,0,20,0.0,0.0,0.0,0.0,0.0,0.0,1.0989,21.9781,0.0,0.0
2025-09-06T08:00:00Z,110817.25,110948.47,110697.42,110766.64,110807.45,2206891060174.0,185984698101.0,-0.000457,0.002265,110832.32,0.000593,1,20,0.0,0.0,0.0,0.0,0.0,0.0,0.9193,18.3857,0.0,0.0
2025-09-06T12:00:00Z,110770.07,110944.93,110770.07,110832.32,110845.1,2207274493970.0,145333206666.0,0.000562,0.001579,110265.98,-0.00511,0,20,0.0,0.0,0.0,0.0,0.0,0.0,0.9558,19.1151,0.0,0.0
2025-09-06T16:00:00Z,110417.35,110417.35,110175.87,110265.98,110278.86,2196205342119.0,103419056979.0,-0.001371,0.002187,110175.25,-0.000823,0,20,0.0,0.0,0.0,0.0,0.0,0.0,0.9742,19.4833,0.0,0.0
2025-09-06T20:00:00Z,110054.77,110235.3,110054.77,110175.25,110159.92,2193858454634.0,85152709831.0,0.001095,0.00164,110666.85,0.004462,1,20,0.0,0.0,0.0,0.0,0.0,0.0,0.9679,19.3582,0.0,0.0
2025-09-07T00:00:00Z,110223.83,110666.85,110223.83,110666.85,110460.08,2199454799353.0,77649377055.0,0.004019,0.004019,110523.24,-0.001298,0,20,0.0,0.0,0.0,0.0,0.0,0.0,0.9473,18.9461,0.0,0.0
2025-09-07T04:00:00Z,110619.14,110660.43,110523.24,110523.24,110591.58,2202605236524.0,76986183734.0,-0.000867,0.00124,111233.74,0.006428,1,20,0.0,0.0,0.0,0.0,0.0,0.0,1.0704,21.4079,0.0,0.0
2025-09-07T08:00:00Z,110724.89,111233.74,110724.89,111233.74,111040.13,2211113982281.0,87113279889.0,0.004596,0.004596,111118.8,-0.001033,0,20,0.0,0.0,0.0,0.0,0.0,0.0,0.9498,18.997,0.0,0.0
2025-09-07T12:00:00Z,111280.13,111280.13,111116.2,111118.8,111179.41,2214270756887.0,91542300587.0,-0.00145,0.001473,111057.56,-0.000551,0,20,0.0,0.0,0.0,0.0,0.0,0.0,1.011,20.2197,0.0,0.0
2025-09-07T16:00:00Z,111347.48,111347.48,110968.97,111057.56,111143.83,2212918346443.0,86000186768.0,-0.002604,0.003399,111271.51,0.001926,1,20,0.0,0.0,0.0,0.0,0.0,0.0,1.0265,20.5298,0.0,0.0
2025-09-07T20:00:00Z,111232.35,111325.77,111096.43,111271.51,111231.52,2215157190195.0,85158094602.0,0.000352,0.002062,111245.94,-0.00023,0,20,0.0,0.0,0.0,0.0,0.0,0.0,1.1863,23.7263,0.0,0.0
2025-09-08T00:00:00Z,111133.09,111245.94,110836.31,111245.94,111018.43,2211552416912.0,91864023651.0,0.001015,0.003686,111150.08,-0.000862,0,19,0.0,0.0,0.0,0.0,0.0,0.0,0.986,18.7343,0.0,0.0
2025-09-08T04:00:00Z,111045.79,111150.08,110952.38,111150.08,111042.25,2211491129622.0,99597731452.0,0.000939,0.00178,112019.4,0.007821,1,20,0.0,0.0,0.0,0.0,0.0,0.0,1.0511,21.0225,0.0,0.0
2025-09-08T08:00:00Z,111249.97,112045.72,111249.97,112019.4,111736.35,2225310108766.0,106616379041.0,0.006916,0.007153,112489.14,0.004193,1,20,0.0,0.0,0.0,0.0,0.0,0.0,1.1374,22.7488,0.0,0.0
2025-09-08T12:00:00Z,112071.37,112489.14,111996.27,112489.14,112145.31,2234512462499.0,121433306160.0,0.003728,0.004398,112456.23,-0.000293,0,20,0.0,0.0,0.0,0.0,0.0,0.0,1.0407,20.8136,0.0,0.0
2025-09-08T16:00:00Z,112601.64,112601.64,112206.36,112456.23,112424.74,2239222656173.0,141512645174.0,-0.001291,0.00351,112223.04,-0.002074,0,20,0.0,0.0,0.0,0.0,0.0,0.0,0.9431,18.8618,0.0,0.0
2025-09-08T20:00:00Z,112067.35,112273.04,112025.17,112223.04,112147.15,2233392824698.0,147976687746.0,0.001389,0.002212,111287.15,-0.00834,0,20,0.0,0.0,0.0,0.0,0.0,0.0,0.9535,19.0707,0.0,0.0
2025-09-09T00:00:00Z,112025.13,112025.13,111287.15,111287.15,111592.86,2222990035382.0,150496883763.0,-0.006588,0.006588,113112.94,0.016406,1,19,0.0,0.0,0.0,0.0,0.0,0.0,0.6851,13.0176,0.0,0.0
2025-09-09T04:00:00Z,111702.97,113112.94,111702.97,113112.94,112246.32,2233706708653.0,156713809836.0,0.012622,0.012622,112717.28,-0.003498,0,20,0.0,0.0,0.0,0.0,0.0,0.0,1.0724,21.448,0.0,0.0
2025-09-09T08:00:00Z,113070.32,113070.32,112717.28,112717.28,112915.2,2248855906586.0,165469637028.0,-0.003122,0.003122,111729.82,-0.008761,0,20,0.0,0.0,0.0,0.0,0.0,0.0,1.1401,22.8017,0.0,0.0
2025-09-09T12:00:00Z,112500.53,112774.89,111729.82,111729.82,112420.48,2240472088084.0,163609732675.0,-0.006851,0.00929,111145.97,-0.005226,0,20,0.0,0.0,0.0,0.0,0.0,0.0,0.6637,13.2733,0.0,0.0
2025-09-09T16:00:00Z,110870.23,111145.97,110870.23,111145.97,111005.94,2211696512572.0,175272780933.0,0.002487,0.002487,111518.1,0.003348,1,20,0.0,0.0,0.0,0.0,0.0,0.0,0.9708,19.4154,0.0,0.0
2025-09-09T20:00:00Z,111319.25,111518.1,111301.75,111518.1,111374.58,2218544215816.0,179816064554.0,0.001786,0.001944,111397.55,-0.001081,0,20,0.0,0.0,0.0,0.0,0.0,0.0,1.0446,20.8912,0.0,0.0
2025-09-10T00:00:00Z,111521.54,111521.54,111023.1,111397.55,111251.08,2215148950748.0,179807019117.0,-0.001112,0.004469,111845.15,0.004018,1,20,0.0,0.0,0.0,0.0,0.0,0.0,1.0224,20.4471,0.0,0.0
2025-09-10T04:00:00Z,111525.93,111845.15,111521.69,111845.15,111615.04,2223524513745.0,176051100022.0,0.002862,0.0029,112321.22,0.004257,1,20,0.0,0.0,0.0,0.0,0.0,0.0,1.1025,22.0491,0.0,0.0
2025-09-10T08:00:00Z,112528.45,112528.45,112249.78,112321.22,112365.79,2237358477016.0,178779412108.0,-0.001842,0.002476,113891.19,0.013977,1,20,0.0,0.0,0.0,0.0,0.0,0.0,0.8117,16.2345,0.0,0.0
2025-09-10T12:00:00Z,112255.32,113934.4,112255.32,113891.19,113376.84,2257795835895.0,200221224858.0,0.014573,0.014958,113592.02,-0.002627,0,20,0.0,0.0,0.0,0.0,0.0,0.0,1.2088,24.1765,0.0,0.0
2025-09-10T16:00:00Z,113903.95,113903.95,113592.02,113592.02,113725.7,2265285089882.0,200243873468.0,-0.002739,0.002739,113935.6,0.003025,1,20,0.0,0.0,0.0,0.0,0.0,0.0,0.9729,19.458,0.0,0.0
2025-09-10T20:00:00Z,113402.85,113935.6,113402.85,113935.6,113712.39,2265078404221.0,207096274492.0,0.004698,0.004698,113851.69,-0.000736,0,20,0.0,0.0,0.0,0.0,0.0,0.0,0.8392,16.7835,0.0,0.0
2025-09-11T00:00:00Z,114000.12,114000.12,113851.69,113851.69,113918.98,2268979401201.0,206495381484.0,-0.001302,0.001302,114409.36,0.004898,1,19,0.0,0.0,0.0,0.0,0.0,0.0,0.9804,18.6267,0.0,0.0
2025-09-11T04:00:00Z,114419.63,114419.63,114167.93,114409.36,114317.54,2276553927378.0,209471535572.0,-9e-05,0.0022,114074.88,-0.002924,0,20,0.0,0.0,0.0,0.0,0.0,0.0,0.9845,19.6908,0.0,0.0
2025-09-11T08:00:00Z,114077.07,114077.07,113916.24,114074.88,114030.93,2271583696324.0,197876795050.0,-1.9e-05,0.00141,114499.29,0.00372,1,20,0.0,0.0,0.0,0.0,0.0,0.0,1.0057,20.1131,0.0,0.0
2025-09-11T12:00:00Z,114016.78,114499.29,114016.78,114499.29,114185.77,2274082348076.0,188926993630.0,0.004232,0.004232,114309.83,-0.001655,0,20,0.0,0.0,0.0,0.0,0.0,0.0,0.8894,17.7884,0.0,0.0
2025-09-11T16:00:00Z,114136.8,114546.63,114136.8,114309.83,114373.19,2278027494444.0,180449219421.0,0.001516,0.003591,115251.55,0.008238,1,20,0.0,0.0,0.0,0.0,0.0,0.0,1.2926,25.8521,0.0,0.0
2025-09-11T20:00:00Z,114435.89,115251.55,114402.35,115251.55,114655.44,2283761673040.0,171311376776.0,0.007128,0.007421,115321.7,0.000609,1,20,0.0,0.0,0.0,0.0,0.0,0.0,0.9282,18.5648,0.0,0.0
2025-09-12T00:00:00Z,115503.17,116083.03,115321.7,115321.7,115612.33,2304554222978.0,188246729827.0,-0.001571,0.006591,115339.65,0.000156,1,20,0.0,0.0,0.0,0.0,0.0,0.0,1.0379,20.7587,0.0,0.0
2025-09-12T04:00:00Z,115198.05,115656.41,115198.05,115339.65,115406.25,2298529368087.0,197803713600.0,0.001229,0.003979,114970.88,-0.003197,0,20,0.0,0.0,0.0,0.0,0.0,0.0,0.9225,18.4508,0.0,0.0
2025-09-12T08:00:00Z,115143.92,115143.92,114970.88,114970.88,115045.78,2291523552155.0,204141741673.0,-0.001503,0.001503,115285.83,0.002739,1,20,0.0,0.0,0.0,0.0,0.0,0.0,1.1138,22.2754,0.0,0.0
2025-09-12T12:00:00Z,114944.79,115285.83,114944.79,115285.83,115147.25,2292191475011.0,188807930123.0,0.002967,0.002967,116488.13,0.010429,1,20,0.0,0.0,0.0,0.0,0.0,0.0,0.7328,14.6568,0.0,0.0
2025-09-12T16:00:00Z,115142.92,116488.13,115142.92,116488.13,115750.78,2305760578935.0,181508422729.0,0.011683,0.011683,116094.99,-0.003375,0,20,0.0,0.0,0.0,0.0,0.0,0.0,1.0355,20.7106,0.0,0.0
2025-09-12T20:00:00Z,116704.71,116704.71,115951.31,116094.99,116239.29,2314798511344.0,205435643427.0,-0.005225,0.006456,115929.71,-0.001424,0,19,0.0,0.0,0.0,0.0,0.0,0.0,1.1169,21.2212,0.0,0.0
2025-09-13T00:00:00Z,116160.14,116299.91,115817.79,115929.71,116051.89,2311954017025.0,193954152987.0,-0.001984,0.00415,115790.53,-0.001201,0,20,0.0,0.0,0.0,0.0,0.0,0.0,0.8282,16.5643,0.0,0.0
2025-09-13T04:00:00Z,115987.13,115987.13,115744.35,115790.53,115820.76,2307472509202.0,185338359225.0,-0.001695,0.002093,116017.52,0.00196,1,20,0.0,0.0,0.0,0.0,0.0,0.0,0.9249,18.4974,0.0,0.0
2025-09-13T08:00:00Z,115828.38,116073.35,115828.38,116017.52,115986.59,2310719678016.0,175687644594.0,0.001633,0.002115,115842.85,-0.001506,0,20,0.0,0.0,0.0,0.0,0.0,0.0,0.7556,15.1115,0.0,0.0
2025-09-13T12:00:00Z,116020.67,116060.83,115768.32,115842.85,115923.17,2309648002264.0,167033590890.0,-0.001533,0.002521,115688.73,-0.00133,0,20,0.0,0.0,0.0,0.0,0.0,0.0,0.9748,19.497,0.0,0.0
2025-09-13T16:00:00Z,115784.11,115784.11,115342.81,115688.73,115595.83,2303389740706.0,158599168442.0,-0.000824,0.003811,115914.68,0.001953,1,20,0.0,0.0,0.0,0.0,0.0,0.0,1.0789,21.5783,0.0,0.0
2025-09-13T20:00:00Z,115837.63,115975.61,115837.63,115914.68,115907.68,2308844400236.0,128456079014.0,0.000665,0.001191,115908.55,-5.3e-05,0,20,0.0,0.0,0.0,0.0,0.0,0.0,0.9046,18.0929,0.0,0.0
2025-09-14T00:00:00Z,115974.89,116020.94,115908.55,115908.55,115969.25,2310161706697.0,115475023310.0,-0.000572,0.000969,115782.55,-0.001087,0,20,0.0,0.0,0.0,0.0,0.0,0.0,0.9699,19.3984,0.0,0.0
2025-09-14T04:00:00Z,115771.51,115931.29,115771.51,115782.55,115823.08,2307416243927.0,106342112112.0,9.5e-05,0.00138,116069.58,0.002479,1,20,0.0,0.0,0.0,0.0,0.0,0.0,0.9016,18.031,0.0,0.0
2025-09-14T08:00:00Z,115800.97,116143.87,115800.97,116069.58,115997.11,2310713414380.0,103103583854.0,0.00232,0.002961,115424.06,-0.005562,0,20,0.0,0.0,0.0,0.0,0.0,0.0,1.058,21.1603,0.0,0.0
2025-09-14T12:00:00Z,115882.85,115882.85,115335.02,115424.06,115614.72,2302919301061.0,104869037624.0,-0.003959,0.004727,115440.71,0.000144,1,20,0.0,0.0,0.0,0.0,0.0,0.0,1.0047,20.0944,0.0,0.0
2025-09-14T16:00:00Z,115264.81,115618.64,115264.81,115440.71,115462.33,2300367208371.0,103954747388.0,0.001526,0.00307,116031.27,0.005116,1,20,0.0,0.0,0.0,0.0,0.0,0.0,1.0344,20.6886,0.0,0.0
2025-09-14T20:00:00Z,115673.9,116031.27,115673.9,116031.27,115881.44,2308589949098.0,101556989491.0,0.003089,0.003089,115416.67,-0.005297,0,20,0.0,0.0,0.0,0.0,0.0,0.0,0.9962,19.924,0.0,0.0
2025-09-15T00:00:00Z,115278.55,115416.67,115079.57,115416.67,115249.16,2296543093372.0,113166356951.0,0.001198,0.002924,116168.1,0.006511,1,20,0.0,0.0,0.0,0.0,0.0,0.0,1.3647,27.2932,0.0,0.0
2025-09-15T04:00:00Z,115501.3,116552.24,115501.3,116168.1,116065.38,2312346387971.0,123010742387.0,0.005773,0.009099,114801.41,-0.011765,0,20,0.0,0.0,0.0,0.0,0.0,0.0,1.1723,23.4451,0.0,0.0
2025-09-15T08:00:00Z,115792.19,115792.19,114801.41,114801.41,115088.84,2293842420425.0,145866243734.0,-0.008557,0.008557,114840.08,0.000337,1,20,0.0,0.0,0.0,0.0,0.0,0.0,0.8861,17.7213,0.0,0.0
2025-09-15T12:00:00Z,115033.54,115033.54,114744.92,114840.08,114865.51,2287942058725.0,163366662066.0,-0.001682,0.002509,115354.79,0.004482,1,20,0.0,0.0,0.0,0.0,0.0,0.0,1.129,22.58,0.0,0.0
2025-09-15T16:00:00Z,114798.23,115354.79,114696.01,115354.79,114940.66,2288916427517.0,176473782401.0,0.004848,0.005739,115299.78,-0.000477,0,20,0.0,0.0,0.0,0.0,0.0,0.0,0.97,19.3991,0.0,0.0
2025-09-15T20:00:00Z,115314.1,115507.66,115299.78,115299.78,115359.32,2298021337370.0,190804091836.0,-0.000124,0.001803,115082.08,-0.001888,0,20,0.0,0.0,0.0,0.0,0.0,0.0,1.0112,20.2237,0.0,0.0
2025-09-16T00:00:00Z,115356.68,115356.68,115069.45,115082.08,115148.31,2293761525360.0,184488110897.0,-0.002381,0.00249,115753.79,0.005837,1,20,0.0,0.0,0.0,0.0,0.0,0.0,0.9731,19.4619,0.0,0.0
2025-09-16T04:00:00Z,115398.77,115983.38,115398.77,115753.79,115655.77,2303748079391.0,180077212780.0,0.003076,0.005066,115397.95,-0.003074,0,20,0.0,0.0,0.0,0.0,0.0,0.0,1.195,23.9005,0.0,0.0
2025-09-16T08:00:00Z,115909.96,115909.96,115397.95,115397.95,115619.64,2302571389370.0,162666532245.0,-0.004417,0.004417,115260.95,-0.001187,0,20,0.0,0.0,0.0,0.0,0.0,0.0,1.1895,23.7905,0.0,0.0
2025-09-16T12:00:00Z,115345.78,115432.89,115019.1,115260.95,115264.68,2295899552676.0,150733912157.0,-0.000735,0.003587,116454.58,0.010356,1,20,0.0,0.0,0.0,0.0,0.0,0.0,1.065,21.2996,0.0,0.0
2025-09-16T16:00:00Z,115918.68,116536.32,115918.68,116454.58,116267.0,2315349165063.0,154252393782.0,0.004623,0.005328,116872.97,0.003593,1,20,0.0,0.0,0.0,0.0,0.0,0.0,0.8983,17.9667,0.0,0.0
2025-09-16T20:00:00Z,116804.44,116882.78,116776.27,116872.97,116834.11,2327455949505.0,158491208344.0,0.000587,0.000912,116732.51,-0.001202,0,20,0.0,0.0,0.0,0.0,0.0,0.0,0.7097,14.1932,0.0,0.0
2025-09-17T00:00:00Z,116797.0,116797.0,116629.38,116732.51,116711.85,2325713810621.0,161087555458.0,-0.000552,0.001435,117256.59,0.00449,1,20,0.0,0.0,0.0,0.0,0.0,0.0,1.049,20.9792,0.0,0.0
2025-09-17T04:00:00Z,116423.15,117256.59,116319.91,117256.59,116790.6,2325384827034.0,165881650651.0,0.007159,0.008045,116382.45,-0.007455,0,20,0.0,0.0,0.0,0.0,0.0,0.0,1.0575,21.1492,0.0,0.0
2025-09-17T08:00:00Z,117225.49,117225.49,116382.45,116382.45,116773.01,2326088192226.0,171133824757.0,-0.007192,0.007192,115634.28,-0.006429,0,20,0.0,0.0,0.0,0.0,0.0,0.0,1.0606,21.2123,0.0,0.0
2025-09-17T12:00:00Z,116279.79,116279.79,115634.28,115634.28,116076.59,2312961382847.0,170384829399.0,-0.005551,0.005551,115194.31,-0.003805,0,20,0.0,0.0,0.0,0.0,0.0,0.0,0.7817,15.6345,0.0,0.0
2025-09-17T16:00:00Z,115894.71,116031.59,115194.31,115194.31,115709.4,2304315544586.0,175038585751.0,-0.006043,0.007224,116863.39,0.014489,1,20,0.0,0.0,0.0,0.0,0.0,0.0,0.9978,19.9554,0.0,0.0
2025-09-17T20:00:00Z,115721.46,116863.39,115649.82,116863.39,116112.18,2312324592269.0,208150676892.0,0.009868,0.010487,116969.15,0.000905,1,20,0.0,0.0,0.0,0.0,0.0,0.0,1.054,21.0808,0.0,0.0
2025-09-18T00:00:00Z,116455.95,116969.15,116381.23,116969.15,116642.0,2323835237739.0,222245627367.0,0.004407,0.005048,117081.79,0.000963,1,20,0.0,0.0,0.0,0.0,0.0,0.0,0.83,16.601,0.0,0.0
2025-09-18T04:00:00Z,117742.98,117742.98,117081.79,117081.79,117384.02,2338871191812.0,241599939962.0,-0.005616,0.005616,117233.97,0.0013,1,20,0.0,0.0,0.0,0.0,0.0,0.0,0.9714,19.4286,0.0,0.0
2025-09-18T08:00:00Z,117100.8,117330.37,117100.8,117233.97,117227.91,2335262899741.0,235685919957.0,0.001137,0.00196,117735.87,0.004281,1,20,0.0,0.0,0.0,0.0,0.0,0.0,1.0303,20.6065,0.0,0.0
2025-09-18T12:00:00Z,117085.67,117735.87,117085.67,117735.87,117391.19,2336979168257.0,233796588844.0,0.005553,0.005553,117851.19,0.000979,1,20,0.0,0.0,0.0,0.0,0.0,0.0,1.1668,23.3356,0.0,0.0
2025-09-18T16:00:00Z,117676.42,117851.19,117607.21,117851.19,117694.85,2344591678181.0,224314442549.0,0.001485,0.002073,116948.59,-0.007659,0,20,0.0,0.0,0.0,0.0,0.0,0.0,1.1088,22.1762,0.0,0.0
2025-09-18T20:00:00Z,117479.65,117575.95,116948.59,116948.59,117354.07,2338258404922.0,189058122989.0,-0.004521,0.00534,117162.56,0.00183,1,20,0.0,0.0,0.0,0.0,0.0,0.0,1.0738,21.4752,0.0,0.0
2025-09-19T00:00:00Z,117169.12,117447.66,117162.56,117162.56,117256.39,2335989610307.0,170916122790.0,-5.6e-05,0.002433,116802.45,-0.003074,0,20,0.0,0.0,0.0,0.0,0.0,0.0,0.8756,17.5113,0.0,0.0
2025-09-19T04:00:00Z,117001.3,117050.6,116802.45,116802.45,116950.14,2329164790419.0,149857012446.0,-0.001699,0.002121,116542.95,-0.002222,0,20,0.0,0.0,0.0,0.0,0.0,0.0,0.915,18.3006,0.0,0.0
2025-09-19T08:00:00Z,116957.28,116960.45,116542.95,116542.95,116751.41,2326005225083.0,146454338660.0,-0.003543,0.00357,115976.84,-0.004857,0,20,0.0,0.0,0.0,0.0,0.0,0.0,0.9001,18.0024,0.0,0.0
2025-09-19T12:00:00Z,116402.9,116402.9,115976.84,115976.84,116224.6,2315086046165.0,147510999179.0,-0.00366,0.00366,115485.99,-0.004232,0,20,0.0,0.0,0.0,0.0,0.0,0.0,1.2558,25.1167,0.0,0.0
2025-09-19T16:00:00Z,115870.78,116110.71,115485.99,115485.99,115771.49,2306637233848.0,145709334583.0,-0.003321,0.005392,115650.54,0.001425,1,20,0.0,0.0,0.0,0.0,0.0,0.0,1.0806,21.6113,0.0,0.0
2025-09-19T20:00:00Z,115157.38,115650.54,115157.38,115650.54,115444.41,2300080310598.0,142758653729.0,0.004283,0.004283,115627.52,-0.000199,0,20,0.0,0.0,0.0,0.0,0.0,0.0,1.1269,22.5373,0.0,0.0
2025-09-20T00:00:00Z,115656.95,115757.64,115627.52,115627.52,115668.16,2305005078283.0,134006474232.0,-0.000254,0.001125,115754.27,0.001096,1,20,0.0,0.0,0.0,0.0,0.0,0.0,0.9927,19.8537,0.0,0.0
2025-09-20T04:00:00Z,115489.18,115754.27,115489.18,115754.27,115651.52,2303998228500.0,124843127870.0,0.002295,0.002295,115784.64,0.000262,1,0,0.0,0.0,0.0,0.0,0.0,0.0,0.0,0.0,0.0,0.0
2025-09-20T08:00:00Z,115984.63,115984.63,115720.8,115784.64,115823.7,2307548171868.0,116242700425.0,-0.001724,0.002275,116073.07,0.002491,1,20,0.0,0.0,0.0,0.0,0.0,0.0,0.92,18.4007,0.0,0.0
2025-09-20T12:00:00Z,115934.99,116073.07,115892.24,116073.07,115962.07,2310158644864.0,104100037188.0,0.001191,0.00156,115751.87,-0.002767,0,20,0.0,0.0,0.0,0.0,0.0,0.0,0.9975,19.9506,0.0,0.0
2025-09-20T16:00:00Z,116010.74,116083.24,115751.87,115751.87,115930.17,2309597145845.0,84259642253.0,-0.002231,0.002856,115818.25,0.000574,1,20,0.0,0.0,0.0,0.0,0.0,0.0,1.1036,22.073,0.0,0.0
2025-09-20T20:00:00Z,115743.81,115851.05,115743.81,115818.25,115793.39,2307240444176.0,75664372818.0,0.000643,0.000926,115718.78,-0.000859,0,20,0.0,0.0,0.0,0.0,0.0,0.0,0.9633,19.2667,0.0,0.0
2025-09-21T00:00:00Z,115722.9,115722.9,115543.31,115718.78,115675.38,2304105555082.0,74468096289.0,-3.6e-05,0.001552,115743.97,0.000218,1,20,0.0,0.0,0.0,0.0,0.0,0.0,0.9077,18.1535,0.0,0.0
2025-09-21T04:00:00Z,115702.15,115743.97,115538.73,115743.97,115676.97,2304321832450.0,76497097332.0,0.000361,0.001774,115562.29,-0.00157,0,20,0.0,0.0,0.0,0.0,0.0,0.0,1.0637,21.274,0.0,0.0
2025-09-21T08:00:00Z,115849.67,115849.67,115562.29,115562.29,115690.99,2304754680795.0,77474638205.0,-0.002481,0.002481,115543.43,-0.000163,0,20,0.0,0.0,0.0,0.0,0.0,0.0,1.0222,20.4447,0.0,0.0
2025-09-21T12:00:00Z,115675.79,115719.04,115543.43,115543.43,115659.86,2304509495244.0,76793631881.0,-0.001144,0.001518,115561.91,0.00016,1,20,0.0,0.0,0.0,0.0,0.0,0.0,0.9097,18.1935,0.0,0.0
2025-09-21T16:00:00Z,115577.97,115641.62,115382.62,115561.91,115541.03,2301216158113.0,75632485392.0,-0.000139,0.002241,115584.69,0.000197,1,20,0.0,0.0,0.0,0.0,0.0,0.0,1.0628,21.2564,0.0,0.0
2025-09-21T20:00:00Z,115529.53,115584.69,115369.31,115584.69,115494.98,2300820858401.0,73811020853.0,0.000477,0.001864,114268.99,-0.011383,0,20,0.0,0.0,0.0,0.0,0.0,0.0,0.9785,19.5709,0.0,0.0
2025-09-22T00:00:00Z,115255.85,115255.85,114268.99,114268.99,114572.22,2282929731943.0,85206947539.0,-0.008562,0.008562,112815.03,-0.012724,0,20,0.0,0.0,0.0,0.0,0.0,0.0,0.8746,17.4911,0.0,0.0
2025-09-22T04:00:00Z,114693.64,114693.64,112815.03,112815.03,113882.23,2272517510892.0,118948452025.0,-0.016379,0.016379,112861.03,0.000408,1,20,0.0,0.0,0.0,0.0,0.0,0.0,0.9862,19.7234,0.0,0.0
2025-09-22T08:00:00Z,112593.11,112861.03,112420.02,112861.03,112644.14,2244703412196.0,189110608048.0,0.00238,0.003917,113030.17,0.001499,1,20,0.0,0.0,0.0,0.0,0.0,0.0,1.0221,20.4418,0.0,0.0
2025-09-22T12:00:00Z,112879.16,113030.17,112764.57,113030.17,112898.88,2248043021383.0,218277115028.0,0.001338,0.002353,112495.68,-0.004729,0,20,0.0,0.0,0.0,0.0,0.0,0.0,0.9081,18.1626,0.0,0.0
2025-09-22T16:00:00Z,112884.47,112884.47,112427.42,112495.68,112622.88,2244614702408.0,247323163070.0,-0.003444,0.004049,112696.45,0.001785,1,20,0.0,0.0,0.0,0.0,0.0,0.0,1.1667,23.3348,0.0,0.0
2025-09-22T20:00:00Z,112176.16,112958.87,112176.16,112696.45,112631.45,2243956002533.0,273623235585.0,0.004638,0.006978,111933.14,-0.006773,0,20,0.0,0.0,0.0,0.0,0.0,0.0,0.9246,18.4929,0.0,0.0
2025-09-23T00:00:00Z,112692.5,112692.5,111933.14,111933.14,112344.62,2238312507405.0,266115248271.0,-0.006738,0.006738,113055.06,0.010023,1,20,0.0,0.0,0.0,0.0,0.0,0.0,1.0479,20.9575,0.0,0.0
2025-09-23T04:00:00Z,112382.89,113055.06,112382.89,113055.06,112682.1,2245648614648.0,256785971942.0,0.005981,0.005981,112987.67,-0.000596,0,20,0.0,0.0,0.0,0.0,0.0,0.0,1.0226,20.4529,0.0,0.0
2025-09-23T08:00:00Z,113095.48,113153.93,112986.38,112987.67,113055.87,2252340792728.0,212844725955.0,-0.000953,0.001481,112754.66,-0.002062,0,20,0.0,0.0,0.0,0.0,0.0,0.0,1.0434,20.868,0.0,0.0
2025-09-23T12:00:00Z,113006.44,113006.44,112754.66,112754.66,112930.25,2249402415270.0,188521881913.0,-0.002228,0.002228,111800.07,-0.008466,0,20,0.0,0.0,0.0,0.0,0.0,0.0,1.0065,20.1302,0.0,0.0
2025-09-23T16:00:00Z,112925.49,112925.49,111800.07,111800.07,112388.1,2239246698382.0,168793143069.0,-0.009966,0.009966,112176.37,0.003366,1,20,0.0,0.0,0.0,0.0,0.0,0.0,1.0082,20.165,0.0,0.0
2025-09-23T20:00:00Z,111658.23,112176.37,111658.23,112176.37,111963.92,2230207250281.0,184670553889.0,0.00464,0.00464,112069.18,-0.000955,0,20,0.0,0.0,0.0,0.0,0.0,0.0,1.0674,21.3486,0.0,0.0
2025-09-24T00:00:00Z,112002.46,112463.18,112002.46,112069.18,112192.36,2235991021959.0,185306340846.0,0.000596,0.004113,112620.56,0.00492,1,20,0.0,0.0,0.0,0.0,0.0,0.0,1.1625,23.2497,0.0,0.0
2025-09-24T04:00:00Z,111715.17,112666.45,111715.17,112620.56,112295.5,2237533199411.0,190679954540.0,0.008104,0.008515,112959.43,0.003009,1,20,0.0,0.0,0.0,0.0,0.0,0.0,1.166,23.3209,0.0,0.0
2025-09-24T08:00:00Z,112581.17,112959.43,112561.72,112959.43,112717.48,2245108010044.0,189114866281.0,0.00336,0.003533,113874.19,0.008098,1,20,0.0,0.0,0.0,0.0,0.0,0.0,1.0876,21.7514,0.0,0.0
2025-09-24T12:00:00Z,113034.3,113874.19,112951.35,113874.19,113235.46,2256032211156.0,191734190922.0,0.00743,0.008164,113661.46,-0.001868,0,20,0.0,0.0,0.0,0.0,0.0,0.0,1.0253,20.5066,0.0,0.0
2025-09-24T16:00:00Z,113421.16,113833.04,113421.16,113661.46,113655.57,2263976769129.0,196329789089.0,0.002119,0.003631,113360.02,-0.002652,0,20,0.0,0.0,0.0,0.0,0.0,0.0,1.1137,22.2735,0.0,0.0
2025-09-24T20:00:00Z,113488.98,113517.58,113360.02,113360.02,113454.64,2261290946476.0,185063507626.0,-0.001136,0.001388,112874.56,-0.004282,0,20,0.0,0.0,0.0,0.0,0.0,0.0,0.8961,17.9224,0.0,0.0
2025-09-25T00:00:00Z,113317.16,113317.16,112531.96,112874.56,112970.58,2250745567110.0,188992137490.0,-0.003906,0.006929,111543.58,-0.011792,0,20,0.0,0.0,0.0,0.0,0.0,0.0,0.8044,16.0882,0.0,0.0
2025-09-25T04:00:00Z,112543.14,112543.14,111543.58,111543.58,111887.07,2228770229620.0,192540186153.0,-0.008882,0.008882,111675.27,0.001181,1,20,0.0,0.0,0.0,0.0,0.0,0.0,1.135,22.7001,0.0,0.0
2025-09-25T08:00:00Z,111789.65,111789.65,111670.78,111675.27,111718.55,2226364028819.0,201190309974.0,-0.001023,0.001063,111553.17,-0.001093,0,20,0.0,0.0,0.0,0.0,0.0,0.0,0.9594,19.1888,0.0,0.0
2025-09-25T12:00:00Z,111363.58,111553.17,111068.42,111553.17,111290.42,2217553613997.0,222869571638.0,0.001702,0.004353,109841.63,-0.015343,0,20,0.0,0.0,0.0,0.0,0.0,0.0,0.8042,16.0846,0.0,0.0
2025-09-25T16:00:00Z,111616.1,111616.1,109003.34,109841.63,110364.45,2198827071827.0,243817025052.0,-0.015898,0.023408,109339.13,-0.004575,0,20,0.0,0.0,0.0,0.0,0.0,0.0,1.0977,21.9533,0.0,0.0
2025-09-25T20:00:00Z,109479.27,109479.27,109170.43,109339.13,109357.92,2178679714978.0,290171217274.0,-0.00128,0.002821,109666.68,0.002996,1,20,0.0,0.0,0.0,0.0,0.0,0.0,1.0272,20.545,0.0,0.0
2025-09-26T00:00:00Z,108963.53,109692.22,108963.53,109666.68,109462.04,2181244289029.0,298850741132.0,0.006453,0.006687,109449.95,-0.001976,0,20,0.0,0.0,0.0,0.0,0.0,0.0,1.1711,23.4213,0.0,0.0
2025-09-26T04:00:00Z,109611.07,109611.07,109322.55,109449.95,109445.52,2180679966670.0,279436215147.0,-0.00147,0.002632,108979.86,-0.004295,0,20,0.0,0.0,0.0,0.0,0.0,0.0,1.0524,21.0473,0.0,0.0
2025-09-26T08:00:00Z,109383.81,109615.17,108979.86,108979.86,109394.52,2178663910595.0,290945968092.0,-0.003693,0.005808,108970.79,-8.3e-05,0,20,0.0,0.0,0.0,0.0,0.0,0.0,1.1147,22.2939,0.0,0.0
2025-09-26T12:00:00Z,109149.97,109724.36,108970.79,108970.79,109294.51,2178431686215.0,288469595673.0,-0.001642,0.006904,109773.34,0.007365,1,20,0.0,0.0,0.0,0.0,0.0,0.0,0.9759,19.5181,0.0,0.0
2025-09-26T16:00:00Z,109098.94,109855.7,109098.94,109773.34,109559.31,2183903798099.0,265233317623.0,0.006182,0.006936,109611.18,-0.001477,0,20,0.0,0.0,0.0,0.0,0.0,0.0,1.1223,22.4466,0.0,0.0
2025-09-26T20:00:00Z,109258.92,109611.18,109258.92,109611.18,109412.02,2180175474583.0,236714691243.0,0.003224,0.003224,109445.91,-0.001508,0,20,0.0,0.0,0.0,0.0,0.0,0.0,0.9807,19.6144,0.0,0.0
2025-09-27T00:00:00Z,109710.21,109710.21,109445.91,109445.91,109574.0,2183115380150.0,213725745725.0,-0.002409,0.002409,109600.45,0.001412,1,20,0.0,0.0,0.0,0.0,0.0,0.0,1.0699,21.3979,0.0,0.0
2025-09-27T04:00:00Z,109609.76,109701.64,109600.45,109600.45,109648.46,2184804069826.0,200418365715.0,-8.5e-05,0.000923,109476.55,-0.00113,0,20,0.0,0.0,0.0,0.0,0.0,0.0,1.0913,21.8262,0.0,0.0
2025-09-27T08:00:00Z,109450.04,109476.55,109329.99,109476.55,109402.24,2179831296881.0,172673913167.0,0.000242,0.001339,109303.91,-0.001577,0,20,0.0,0.0,0.0,0.0,0.0,0.0,0.9677,19.3545,0.0,0.0
2025-09-27T12:00:00Z,109342.65,109419.71,109303.91,109303.91,109354.24,2179389484498.0,144189000239.0,-0.000354,0.001059,109457.16,0.001402,1,20,0.0,0.0,0.0,0.0,0.0,0.0,0.9432,18.8647,0.0,0.0
2025-09-27T16:00:00Z,109433.86,109457.16,109385.56,109457.16,109422.51,2180478752587.0,116791400783.0,0.000213,0.000654,109617.55,0.001465,1,20,0.0,0.0,0.0,0.0,0.0,0.0,1.1353,22.706,0.0,0.0
2025-09-27T20:00:00Z,109455.42,109617.55,109417.5,109617.55,109503.55,2182022847368.0,95914653272.0,0.001481,0.001828,109502.8,-0.001047,0,20,0.0,0.0,0.0,0.0,0.0,0.0,1.0272,20.5436,0.0,0.0
2025-09-28T00:00:00Z,109675.14,109677.5,109393.46,109502.8,109562.23,2183116745503.0,93263992897.0,-0.001571,0.00259,109437.06,-0.0006,0,20,0.0,0.0,0.0,0.0,0.0,0.0,0.9128,18.2557,0.0,0.0
2025-09-28T04:00:00Z,109466.52,109466.52,109381.68,109437.06,109424.26,2180460338562.0,89579067044.0,-0.000269,0.000775,109392.05,-0.000411,0,20,0.0,0.0,0.0,0.0,0.0,0.0,1.0643,21.2858,0.0,0.0
2025-09-28T08:00:00Z,109542.13,109563.71,109392.05,109392.05,109512.26,2182128751814.0,83684773116.0,-0.00137,0.001567,109891.38,0.004565,1,20,0.0,0.0,0.0,0.0,0.0,0.0,0.8827,17.6538,0.0,0.0
2025-09-28T12:00:00Z,109419.34,109891.38,109340.76,109891.38,109575.93,2183127944210.0,83388531599.0,0.004314,0.005032,110301.02,0.003728,1,20,0.0,0.0,0.0,0.0,0.0,0.0,0.5826,11.6516,0.0,0.0
2025-09-28T16:00:00Z,110029.42,110301.02,110029.42,110301.02,110198.06,2195656669142.0,91926864637.0,0.002468,0.002468,111969.63,0.015128,1,20,0.0,0.0,0.0,0.0,0.0,0.0,1.132,22.6393,0.0,0.0
2025-09-28T20:00:00Z,110358.27,111969.63,110358.27,111969.63,110979.71,2211330347659.0,104566896703.0,0.014601,0.014601,111764.71,-0.00183,0,20,0.0,0.0,0.0,0.0,0.0,0.0,0.9454,18.908,0.0,0.0
2025-09-29T00:00:00Z,112142.57,112267.05,111764.71,111764.71,112001.33,2232308761655.0,131309208667.0,-0.00337,0.00448,111656.04,-0.000972,0,20,0.0,0.0,0.0,0.0,0.0,0.0,1.1242,22.4849,0.0,0.0
2025-09-29T04:00:00Z,111866.96,111866.96,111656.04,111656.04,111778.57,2227318428246.0,147415835347.0,-0.001885,0.001885,112175.04,0.004648,1,20,0.0,0.0,0.0,0.0,0.0,0.0,1.12,22.401,0.0,0.0
2025-09-29T08:00:00Z,111904.52,112175.04,111904.52,112175.04,112082.6,2233306339882.0,170255591879.0,0.002417,0.002417,114191.21,0.017973,1,20,0.0,0.0,0.0,0.0,0.0,0.0,1.1142,22.2836,0.0,0.0
2025-09-29T12:00:00Z,112103.89,114191.21,112070.83,114191.21,112893.6,2249449686657.0,194623020094.0,0.01862,0.018914,114079.56,-0.000978,0,20,0.0,0.0,0.0,0.0,0.0,0.0,1.0271,20.5428,0.0,0.0
2025-09-29T16:00:00Z,113872.94,114112.04,113762.01,114079.56,113956.64,2270696278340.0,230363126535.0,0.001814,0.003074,114199.64,0.001053,1,20,0.0,0.0,0.0,0.0,0.0,0.0,1.0462,20.9249,0.0,0.0
2025-09-29T20:00:00Z,114267.66,114335.56,114199.64,114199.64,114257.83,2277052935276.0,243838536266.0,-0.000595,0.001189,114470.31,0.00237,1,20,0.0,0.0,0.0,0.0,0.0,0.0,0.9618,19.2358,0.0,0.0
2025-09-30T00:00:00Z,114309.15,114591.64,114309.15,114470.31,114431.48,2280411123775.0,234470017171.0,0.00141,0.002471,114005.75,-0.004058,0,19,0.0,0.0,0.0,0.0,0.0,0.0,0.8734,16.5947,0.0,0.0
2025-09-30T04:00:00Z,114387.96,114387.96,113900.52,114005.75,114105.06,2274836966763.0,236246180520.0,-0.003341,0.004261,113034.89,-0.008516,0,20,0.0,0.0,0.0,0.0,0.0,0.0,1.0018,20.037,0.0,0.0
2025-09-30T08:00:00Z,113743.33,113743.33,112890.22,113034.89,113288.81,2257603828863.0,241587001954.0,-0.006228,0.0075,113560.2,0.004647,1,20,0.0,0.0,0.0,0.0,0.0,0.0,1.0006,20.0129,0.0,0.0
2025-09-30T12:00:00Z,113090.67,113560.2,113090.67,113560.2,113272.76,2257864395652.0,238063141715.0,0.004152,0.004152,113644.47,0.000742,1,20,0.0,0.0,0.0,0.0,0.0,0.0,1.1247,22.4939,0.0,0.0
2025-09-30T16:00:00Z,113103.9,113644.47,112843.61,113644.47,113233.87,2256829666285.0,223337983901.0,0.004779,0.007081,113941.29,0.002612,1,20,0.0,0.0,0.0,0.0,0.0,0.0,1.1639,23.2787,0.0,0.0
2025-09-30T20:00:00Z,114491.91,114618.58,113941.29,113941.29,114353.04,2278482647190.0,230515412522.0,-0.004809,0.005916,114279.18,0.002965,1,20,0.0,0.0,0.0,0.0,0.0,0.0,1.0622,21.2444,0.0,0.0
2025-10-01T00:00:00Z,114024.23,114513.05,114024.23,114279.18,114233.59,2275745911046.0,226831292356.0,0.002236,0.004287,114388.47,0.000956,1,20,0.0,0.0,0.0,0.0,0.0,0.0,1.1032,22.0638,0.0,0.0
2025-10-01T04:00:00Z,114214.15,114613.05,114214.15,114388.47,114380.3,2279009649310.0,226229412943.0,0.001526,0.003493,116288.18,0.016608,1,20,0.0,0.0,0.0,0.0,0.0,0.0,1.1229,22.4572,0.0,0.0
2025-10-01T08:00:00Z,114527.89,116448.69,114527.89,116288.18,115836.38,2308751834284.0,232552019581.0,0.01537,0.016771,117251.21,0.008281,1,20,0.0,0.0,0.0,0.0,0.0,0.0,1.1509,23.0178,0.0,0.0
2025-10-01T12:00:00Z,116644.28,117251.21,116435.39,117251.21,116775.38,2326023644472.0,250886692865.0,0.005203,0.006994,117273.63,0.000191,1,20,0.0,0.0,0.0,0.0,0.0,0.0,0.7709,15.4171,0.0,0.0
2025-10-01T16:00:00Z,117484.31,117704.38,116868.51,117273.63,117332.71,2338410251167.0,274315065222.0,-0.001793,0.007115,117890.13,0.005257,1,20,0.0,0.0,0.0,0.0,0.0,0.0,1.0655,21.3096,0.0,0.0
2025-10-01T20:00:00Z,117481.29,117890.13,117481.29,117890.13,117614.15,2343725035807.0,273123541721.0,0.00348,0.00348,118751.36,0.007305,1,20,0.0,0.0,0.0,0.0,0.0,0.0,0.9972,19.9442,0.0,0.0
2025-10-02T00:00:00Z,118503.24,118792.11,118503.24,118751.36,118656.79,2364366546961.0,295880654760.0,0.002094,0.002438,118617.57,-0.001127,0,20,0.0,0.0,0.0,0.0,0.0,0.0,1.0337,20.6742,0.0,0.0
2025-10-02T04:00:00Z,118774.17,118774.17,118386.89,118617.57,118604.05,2363988024805.0,302478701297.0,-0.001318,0.003261,118688.64,0.000599,1,20,0.0,0.0,0.0,0.0,0.0,0.0,1.0122,20.2436,0.0,0.0
2025-10-02T08:00:00Z,118544.25,118932.98,118544.25,118688.64,118712.11,2365468483128.0,278733308210.0,0.001218,0.003279,118835.15,0.001234,1,20,0.0,0.0,0.0,0.0,0.0,0.0,1.2695,25.3891,0.0,0.0
2025-10-02T12:00:00Z,118870.58,119593.04,118835.15,118835.15,119170.77,2375671307822.0,266298144754.0,-0.000298,0.006376,120590.65,0.014773,1,20,0.0,0.0,0.0,0.0,0.0,0.0,1.1914,23.8282,0.0,0.0
2025-10-02T16:00:00Z,119947.51,120590.65,119926.44,120590.65,120109.14,2392000181353.0,269183462801.0,0.005362,0.005537,120165.15,-0.003528,0,20,0.0,0.0,0.0,0.0,0.0,0.0,0.9567,19.1344,0.0,0.0
2025-10-02T20:00:00Z,120806.93,120806.93,120165.15,120165.15,120424.14,2400259153761.0,287402736794.0,-0.005312,0.005312,120178.16,0.000108,1,20,0.0,0.0,0.0,0.0,0.0,0.0,1.1302,22.6034,0.0,0.0
2025-10-03T00:00:00Z,120514.58,120514.58,120015.14,120178.16,120234.15,2396179312302.0,268199418761.0,-0.002792,0.004144,119908.36,-0.002245,0,20,0.0,0.0,0.0,0.0,0.0,0.0,0.9572,19.143,0.0,0.0
2025-10-03T04:00:00Z,120366.33,120366.33,119908.36,119908.36,120093.44,2393354017441.0,257388136773.0,-0.003805,0.003805,120519.27,0.005095,1,19,0.0,0.0,0.0,0.0,0.0,0.0,0.8825,16.767,0.0,0.0
2025-10-03T08:00:00Z,119735.67,120519.27,119735.67,120519.27,120157.28,2394336430739.0,277685646037.0,0.006544,0.006544,120967.77,0.003721,1,20,0.0,0.0,0.0,0.0,0.0,0.0,1.0934,21.869,0.0,0.0
2025-10-03T12:00:00Z,120409.87,120967.77,120409.87,120967.77,120558.5,2403257230651.0,280815491458.0,0.004633,0.004633,122492.97,0.012608,1,20,0.0,0.0,0.0,0.0,0.0,0.0,1.0985,21.9702,0.0,0.0
2025-10-03T16:00:00Z,122390.74,122985.96,122128.85,122492.97,122499.63,2440847444774.0,321070488863.0,0.000835,0.007003,122537.99,0.000368,1,20,0.0,0.0,0.0,0.0,0.0,0.0,1.1362,22.7233,0.0,0.0
2025-10-03T20:00:00Z,122750.95,122750.95,122392.67,122537.99,122575.14,2442913980869.0,339231971103.0,-0.001735,0.002919,121935.82,-0.004914,0,20,0.0,0.0,0.0,0.0,0.0,0.0,0.9388,18.7769,0.0,0.0
2025-10-04T00:00:00Z,122294.92,122294.92,121935.82,121935.82,122083.31,2431953269564.0,330130124887.0,-0.002936,0.002936,122495.61,0.004591,1,20,0.0,0.0,0.0,0.0,0.0,0.0,1.0559,21.1179,0.0,0.0
2025-10-04T04:00:00Z,122291.07,122646.33,122291.07,122495.61,122496.34,2440212708455.0,327904894739.0,0.001673,0.002905,122171.65,-0.002645,0,20,0.0,0.0,0.0,0.0,0.0,0.0,1.0946,21.891,0.0,0.0
2025-10-04T08:00:00Z,122321.68,122321.68,122171.65,122171.65,122270.16,2437272354690.0,304381499067.0,-0.001227,0.001227,122091.77,-0.000654,0,20,0.0,0.0,0.0,0.0,0.0,0.0,1.093,21.8601,0.0,0.0
2025-10-04T12:00:00Z,122065.47,122437.93,122052.97,122091.77,122162.03,2435265488421.0,281310893627.0,0.000215,0.003154,121583.69,-0.004161,0,20,0.0,0.0,0.0,0.0,0.0,0.0,0.9231,18.4619,0.0,0.0
2025-10-04T16:00:00Z,121883.36,121883.36,121583.69,121583.69,121730.65,2426936210834.0,198505642123.0,-0.002459,0.002459,122317.16,0.006033,1,20,0.0,0.0,0.0,0.0,0.0,0.0,0.697,13.9394,0.0,0.0
2025-10-04T20:00:00Z,121968.72,122317.16,121968.72,122317.16,122124.23,2433762871730.0,146035560747.0,0.002857,0.002857,124081.65,0.014426,1,20,0.0,0.0,0.0,0.0,0.0,0.0,1.1637,23.2738,0.0,0.0
2025-10-05T00:00:00Z,122428.89,124081.65,122199.17,124081.65,122780.14,2445226073363.0,140496465151.0,0.0135,0.015376,125009.66,0.007479,1,20,0.0,0.0,0.0,0.0,0.0,0.0,1.1652,23.3036,0.0,0.0
2025-10-05T04:00:00Z,123864.55,125360.9,123864.55,125009.66,124835.92,2487494196018.0,196613443442.0,0.009245,0.012081,123032.6,-0.015815,0,20,0.0,0.0,0.0,0.0,0.0,0.0,0.7151,14.3021,0.0,0.0
2025-10-05T08:00:00Z,124763.28,124763.28,123032.6,123032.6,123887.92,2470459988099.0,238881174595.0,-0.013872,0.013872,123045.58,0.000106,1,20,0.0,0.0,0.0,0.0,0.0,0.0,1.1109,22.2188,0.0,0.0
2025-10-05T12:00:00Z,123486.11,123486.11,123045.58,123045.58,123216.15,2455212345547.0,268196472164.0,-0.003567,0.003567,123013.9,-0.000257,0,20,0.0,0.0,0.0,0.0,0.0,0.0,1.1139,22.2778,0.0,0.0
2025-10-05T16:00:00Z,122820.55,123111.74,122820.55,123013.9,122994.0,2449944393963.0,271320834512.0,0.001574,0.002371,123160.2,0.001189,1,20,0.0,0.0,0.0,0.0,0.0,0.0,1.1177,22.3538,0.0,0.0
2025-10-05T20:00:00Z,122604.86,123160.2,122604.86,123160.2,122863.79,2447944512140.0,279930257625.0,0.004529,0.004529,124061.62,0.007319,1,20,0.0,0.0,0.0,0.0,0.0,0.0,1.0558,21.1155,0.0,0.0
2025-10-06T00:00:00Z,123506.19,124061.62,123382.85,124061.62,123746.53,2465447165830.0,297653656692.0,0.004497,0.005496,123915.26,-0.00118,0,20,0.0,0.0,0.0,0.0,0.0,0.0,1.1795,23.5898,0.0,0.0
2025-10-06T04:00:00Z,123952.58,123952.58,123526.92,123915.26,123753.91,2467427850301.0,248462571715.0,-0.000301,0.003434,124117.25,0.00163,1,20,0.0,0.0,0.0,0.0,0.0,0.0,0.9888,19.7751,0.0,0.0
2025-10-06T08:00:00Z,123377.12,124117.25,123377.12,124117.25,123841.61,2467439463719.0,218976022675.0,0.005999,0.005999,124579.37,0.003723,1,19,0.0,0.0,0.0,0.0,0.0,0.0,1.0201,19.3821,0.0,0.0
2025-10-06T12:00:00Z,124256.79,124717.78,124256.79,124579.37,124527.46,2481806861844.0,216861018410.0,0.002596,0.00371,126079.89,0.012045,1,20,0.0,0.0,0.0,0.0,0.0,0.0,1.1066,22.1311,0.0,0.0
2025-10-06T16:00:00Z,125194.7,126079.89,125194.7,126079.89,125508.81,2499188138831.0,248693594191.0,0.00707,0.00707,125071.8,-0.007996,0,20,0.0,0.0,0.0,0.0,0.0,0.0,1.2026,24.053,0.0,0.0
2025-10-06T20:00:00Z,125375.2,125375.2,124974.23,125071.8,125168.4,2494498090745.0,276420951521.0,-0.00242,0.003198,124467.0,-0.004836,0,20,0.0,0.0,0.0,0.0,0.0,0.0,0.8759,17.5183,0.0,0.0
2025-10-07T00:00:00Z,124773.51,124921.55,124467.0,124467.0,124704.49,2485165532937.0,269245109383.0,-0.002457,0.003643,123948.07,-0.004169,0,20,0.0,0.0,0.0,0.0,0.0,0.0,1.0123,20.2466,0.0,0.0
2025-10-07T04:00:00Z,124338.76,124567.02,123948.07,123948.07,124322.34,2477584294886.0,266738279670.0,-0.003142,0.004978,124342.72,0.003184,1,20,0.0,0.0,0.0,0.0,0.0,0.0,1.0262,20.5236,0.0,0.0
2025-10-07T08:00:00Z,123714.61,124342.72,123714.61,124342.72,124064.32,2472488053880.0,271358538735.0,0.005077,0.005077,122836.9,-0.01211,0,20,0.0,0.0,0.0,0.0,0.0,0.0,1.1664,23.3282,0.0,0.0
2025-10-07T12:00:00Z,124553.84,125020.95,122836.9,122836.9,124016.17,2471701192187.0,268186848488.0,-0.013785,0.017535,120928.15,-0.015539,0,20,0.0,0.0,0.0,0.0,0.0,0.0,1.1261,22.5221,0.0,0.0
2025-10-07T16:00:00Z,121889.18,121889.18,120928.15,120928.15,121454.42,2420105619472.0,301314986666.0,-0.007884,0.007884,121986.65,0.008753,1,20,0.0,0.0,0.0,0.0,0.0,0.0,1.3036,26.0712,0.0,0.0
2025-10-07T20:00:00Z,121777.84,122141.11,121777.84,121986.65,121946.53,2430891893191.0,305830649185.0,0.001715,0.002983,122125.23,0.001136,1,20,0.0,0.0,0.0,0.0,0.0,0.0,1.0995,21.9902,0.0,0.0
2025-10-08T00:00:00Z,121518.76,122125.23,121518.76,122125.23,121893.54,2429564909594.0,308508771738.0,0.004991,0.004991,121788.2,-0.00276,0,20,0.0,0.0,0.0,0.0,0.0,0.0,0.8216,16.433,0.0,0.0
2025-10-08T04:00:00Z,121342.42,121807.94,121275.38,121788.2,121553.49,2422383522204.0,315941856657.0,0.003674,0.004389,122946.14,0.009508,1,20,0.0,0.0,0.0,0.0,0.0,0.0,1.1926,23.8521,0.0,0.0
2025-10-08T08:00:00Z,121675.72,122946.14,121675.72,122946.14,122398.85,2438645915427.0,321004058902.0,0.010441,0.010441,122212.81,-0.005965,0,20,0.0,0.0,0.0,0.0,0.0,0.0,0.6999,13.9978,0.0,0.0
2025-10-08T12:00:00Z,122885.17,122885.17,122212.81,122212.81,122502.66,2442115806099.0,318623034758.0,-0.005471,0.005471,123737.42,0.012475,1,20,0.0,0.0,0.0,0.0,0.0,0.0,1.0166,20.3318,0.0,0.0
2025-10-08T16:00:00Z,122170.82,123966.01,122170.82,123737.42,123238.27,2457114160763.0,271374219344.0,0.012823,0.014694,123282.52,-0.003676,0,20,0.0,0.0,0.0,0.0,0.0,0.0,1.0845,21.6891,0.0,0.0
2025-10-08T20:00:00Z,123480.35,123480.35,123218.27,123282.52,123305.44,2458529336292.0,258120551077.0,-0.001602,0.002122,121594.18,-0.013695,0,20,0.0,0.0,0.0,0.0,0.0,0.0,1.0987,21.9736,0.0,0.0
2025-10-09T00:00:00Z,123352.5,123352.5,121594.18,121594.18,122599.34,2444622246786.0,245614096748.0,-0.014254,0.014254,121968.04,0.003075,1,20,0.0,0.0,0.0,0.0,0.0,0.0,1.027,20.5409,0.0,0.0
2025-10-09T04:00:00Z,122040.7,122134.63,121968.04,121968.04,122065.72,2432733061931.0,238774031067.0,-0.000595,0.001365,122188.3,0.001806,1,20,0.0,0.0,0.0,0.0,0.0,0.0,1.058,21.1602,0.0,0.0
2025-10-09T08:00:00Z,121985.74,122188.3,121287.22,122188.3,121817.47,2428046751595.0,227291730316.0,0.001661,0.007387,121363.3,-0.006752,0,20,0.0,0.0,0.0,0.0,0.0,0.0,0.9484,18.9683,0.0,0.0
2025-10-09T12:00:00Z,122799.11,123475.01,121363.3,121363.3,122606.09,2444108163077.0,239235310131.0,-0.011692,0.017197,120721.01,-0.005292,0,20,0.0,0.0,0.0,0.0,0.0,0.0,1.0394,20.7889,0.0,0.0
2025-10-09T16:00:00Z,121192.61,121192.61,120322.05,120721.01,120753.06,2406698746623.0,269501418083.0,-0.003891,0.007183,121740.81,0.008448,1,20,0.0,0.0,0.0,0.0,0.0,0.0,1.0366,20.7324,0.0,0.0
2025-10-09T20:00:00Z,121014.84,121740.81,121014.84,121740.81,121357.0,2418380425083.0,282583690304.0,0.005999,0.005999,121061.73,-0.005578,0,20,0.0,0.0,0.0,0.0,0.0,0.0,0.7583,15.1655,0.0,0.0
2025-10-10T00:00:00Z,121698.03,121820.11,121061.73,121061.73,121564.75,2422746990084.0,286681282547.0,-0.005228,0.006232,121414.42,0.002913,1,20,0.0,0.0,0.0,0.0,0.0,0.0,1.0452,20.9049,0.0,0.0
2025-10-10T04:00:00Z,121139.15,121599.36,121139.15,121414.42,121344.62,2419015180503.0,280506785844.0,0.002272,0.003799,121549.07,0.001109,1,20,0.0,0.0,0.0,0.0,0.0,0.0,1.0113,20.2267,0.0,0.0
2025-10-10T08:00:00Z,121125.15,121549.07,121125.15,121549.07,121375.72,2418387996069.0,289578019751.0,0.0035,0.0035,120477.62,-0.008815,0,20,0.0,0.0,0.0,0.0,0.0,0.0,0.9048,18.0969,0.0,0.0
2025-10-10T12:00:00Z,121625.77,121625.77,120477.62,120477.62,121311.63,2420046872984.0,262130455710.0,-0.00944,0.00944,117315.45,-0.026247,0,20,0.0,0.0,0.0,0.0,0.0,0.0,1.1168,22.3369,0.0,0.0
2025-10-10T16:00:00Z,118812.02,118812.02,117315.45,117315.45,118039.76,2353027946476.0,294325915980.0,-0.012596,0.012596,113879.74,-0.029286,0,20,0.0,0.0,0.0,0.0,0.0,0.0,1.0028,20.0565,0.0,0.0
2025-10-10T20:00:00Z,116954.03,116954.03,113553.46,113879.74,114786.4,2283881873920.0,428283029032.0,-0.026286,0.029076,113306.39,-0.005035,0,20,0.0,0.0,0.0,0.0,0.0,0.0,1.0612,21.2246,0.0,0.0
2025-10-11T00:00:00Z,113043.68,113306.39,111770.31,113306.39,112691.37,2246507719046.0,636524717287.0,0.002324,0.013588,112189.09,-0.009861,0,20,0.0,0.0,0.0,0.0,0.0,0.0,1.0268,20.5357,0.0,0.0
2025-10-11T04:00:00Z,112320.58,112862.13,112189.09,112189.09,112480.7,2239574256940.0,716502508203.0,-0.001171,0.005992,112234.42,0.000404,1,20,0.0,0.0,0.0,0.0,0.0,0.0,1.0887,21.7749,0.0,0.0
2025-10-11T08:00:00Z,110481.64,112234.42,110481.64,112234.42,111482.49,2221888545517.0,764134793131.0,0.015865,0.015865,112138.01,-0.000859,0,20,0.0,0.0,0.0,0.0,0.0,0.0,1.1637,23.2738,0.0,0.0
2025-10-11T12:00:00Z,112323.71,112461.03,112138.01,112138.01,112319.8,2238062697234.0,796642305732.0,-0.001653,0.002876,112042.23,-0.000854,0,20,0.0,0.0,0.0,0.0,0.0,0.0,1.0721,21.4427,0.0,0.0
2025-10-11T16:00:00Z,112030.36,112042.23,111909.75,112042.23,112003.6,2233414283013.0,729530685721.0,0.000106,0.001183,111134.3,-0.008104,0,20,0.0,0.0,0.0,0.0,0.0,0.0,0.9372,18.7444,0.0,0.0
2025-10-11T20:00:00Z,111322.52,111322.52,110389.76,111134.3,110966.31,2210929128481.0,587788026728.0,-0.001691,0.008379,110198.82,-0.008418,0,20,0.0,0.0,0.0,0.0,0.0,0.0,0.9134,18.268,0.0,0.0
2025-10-12T00:00:00Z,110655.27,110655.27,109883.29,110198.82,110233.28,2195864225110.0,398997486466.0,-0.004125,0.006976,111880.61,0.015261,1,20,0.0,0.0,0.0,0.0,0.0,0.0,0.9001,18.0023,0.0,0.0
2025-10-12T04:00:00Z,110809.93,111880.61,110809.93,111880.61,111523.78,2222981252674.0,353712655435.0,0.009662,0.009662,111673.88,-0.001848,0,20,0.0,0.0,0.0,0.0,0.0,0.0,1.1593,23.1858,0.0,0.0
2025-10-12T08:00:00Z,111610.35,111715.43,111424.09,111673.88,111605.94,2224775058285.0,293308165472.0,0.000569,0.00261,112780.08,0.009906,1,20,0.0,0.0,0.0,0.0,0.0,0.0,1.1624,23.2484,0.0,0.0
2025-10-12T12:00:00Z,111881.97,112780.08,111392.92,112780.08,111946.41,2231671330042.0,274306483264.0,0.008027,0.012398,113920.63,0.010113,1,20,0.0,0.0,0.0,0.0,0.0,0.0,0.9051,18.1028,0.0,0.0
2025-10-12T16:00:00Z,113766.07,114138.69,113766.07,113920.63,113935.47,2268959490538.0,345974987848.0,0.001359,0.003275,115481.17,0.013698,1,20,0.0,0.0,0.0,0.0,0.0,0.0,1.0197,20.394,0.0,0.0
2025-10-12T20:00:00Z,114410.29,115481.17,114410.29,115481.17,115038.41,2292169226032.0,362395238735.0,0.00936,0.00936,115531.31,0.000434,1,20,0.0,0.0,0.0,0.0,0.0,0.0,1.0307,20.6138,0.0,0.0
2025-10-13T00:00:00Z,115189.57,115531.31,115189.57,115531.31,115412.77,2300864018150.0,377833275256.0,0.002967,0.002967,115299.62,-0.002005,0,20,0.0,0.0,0.0,0.0,0.0,0.0,0.8648,17.2963,0.0,0.0
2025-10-13T04:00:00Z,114822.19,115299.62,114704.85,115299.62,114894.04,2288896247529.0,369589696725.0,0.004158,0.00518,114982.11,-0.002754,0,19,0.0,0.0,0.0,0.0,0.0,0.0,1.1335,21.5371,0.0,0.0
2025-10-13T08:00:00Z,115297.58,115453.52,114982.11,114982.11,115226.33,2295838946179.0,374491821344.0,-0.002736,0.004089,114004.9,-0.008499,0,20,0.0,0.0,0.0,0.0,0.0,0.0,1.1705,23.4095,0.0,0.0
2025-10-13T12:00:00Z,114188.71,115185.28,114004.9,114004.9,114477.46,2283924837291.0,384599898821.0,-0.00161,0.010337,115195.38,0.010442,1,20,0.0,0.0,0.0,0.0,0.0,0.0,1.2832,25.6631,0.0,0.0
2025-10-13T16:00:00Z,114460.26,115195.38,114460.26,115195.38,114878.45,2289678017934.0,329566938984.0,0.006423,0.006423,115638.3,0.003845,1,20,0.0,0.0,0.0,0.0,0.0,0.0,1.1572,23.1449,0.0,0.0
2025-10-13T20:00:00Z,115933.9,115933.9,115638.3,115638.3,115757.55,2307287964714.0,308529057776.0,-0.00255,0.00255,113814.46,-0.015772,0,20,0.0,0.0,0.0,0.0,0.0,0.0,1.0468,20.9361,0.0,0.0
2025-10-14T00:00:00Z,115222.28,115222.28,113814.46,113814.46,114609.32,2284897423536.0,265886432851.0,-0.012218,0.012218,112094.72,-0.01511,0,20,0.0,0.0,0.0,0.0,0.0,0.0,1.1031,22.062,0.0,0.0
2025-10-14T04:00:00Z,113637.98,113637.98,112094.72,112094.72,112854.43,2247719496449.0,276137528809.0,-0.013581,0.013581,110735.73,-0.012124,0,20,0.0,0.0,0.0,0.0,0.0,0.0,1.0636,21.2716,0.0,0.0
2025-10-14T08:00:00Z,111669.82,111901.53,110735.73,110735.73,111379.11,2221179992063.0,293242665420.0,-0.008365,0.01044,111599.09,0.007797,1,20,0.0,0.0,0.0,0.0,0.0,0.0,0.8832,17.6631,0.0,0.0
2025-10-14T12:00:00Z,111452.06,111599.09,111029.6,111599.09,111288.74,2217808592831.0,307316196368.0,0.001319,0.00511,112929.94,0.011925,1,20,0.0,0.0,0.0,0.0,0.0,0.0,1.1432,22.8637,0.0,0.0
2025-10-14T16:00:00Z,112668.23,112929.94,112668.23,112929.94,112787.84,2250194822963.0,339795013123.0,0.002323,0.002323,113253.11,0.002862,1,20,0.0,0.0,0.0,0.0,0.0,0.0,1.059,21.1806,0.0,0.0
2025-10-14T20:00:00Z,112715.5,113442.28,112715.5,113253.11,113100.28,2251873473143.0,360555622953.0,0.00477,0.006448,113062.14,-0.001686,0,20,0.0,0.0,0.0,0.0,0.0,0.0,1.0043,20.0852,0.0,0.0
2025-10-15T00:00:00Z,113156.57,113156.57,112700.04,113062.14,112978.51,2252803227387.0,366133532095.0,-0.000835,0.004034,112443.66,-0.00547,0,20,0.0,0.0,0.0,0.0,0.0,0.0,0.9572,19.1432,0.0,0.0
2025-10-15T04:00:00Z,112088.23,112476.09,112088.23,112443.66,112357.56,2240044491742.0,350911064307.0,0.003171,0.00346,112421.4,-0.000198,0,20,0.0,0.0,0.0,0.0,0.0,0.0,1.1594,23.1875,0.0,0.0
2025-10-15T08:00:00Z,112592.78,113042.78,112421.4,112421.4,112654.86,2245304823044.0,332160579153.0,-0.001522,0.005519,111121.73,-0.011561,0,20,0.0,0.0,0.0,0.0,0.0,0.0,1.0922,21.8444,0.0,0.0
2025-10-15T12:00:00Z,111972.5,111972.5,111121.73,111121.73,111588.39,2224811598987.0,313034543144.0,-0.007598,0.007598,111421.21,0.002695,1,20,0.0,0.0,0.0,0.0,0.0,0.0,0.9632,19.2643,0.0,0.0
2025-10-15T16:00:00Z,110767.84,111421.21,110767.84,111421.21,111051.81,2211102019719.0,297949474325.0,0.005899,0.005899,110793.49,-0.005634,0,20,0.0,0.0,0.0,0.0,0.0,0.0,1.1991,23.9818,0.0,0.0
2025-10-15T20:00:00Z,111311.13,111311.13,110752.27,110793.49,111007.25,2214041331094.0,277678479511.0,-0.00465,0.005021,111516.32,0.006524,1,20,0.0,0.0,0.0,0.0,0.0,0.0,0.9752,19.5045,0.0,0.0
2025-10-16T00:00:00Z,110708.67,111516.32,110531.1,111516.32,111006.94,2212704334345.0,272430504380.0,0.007295,0.008899,111693.48,0.001589,1,20,0.0,0.0,0.0,0.0,0.0,0.0,1.0235,20.4706,0.0,0.0
2025-10-16T04:00:00Z,111563.02,111693.48,110968.85,111693.48,111325.49,2219092529508.0,266243550679.0,0.001169,0.006495,111585.59,-0.000966,0,20,0.0,0.0,0.0,0.0,0.0,0.0,0.7726,15.4521,0.0,0.0
2025-10-16T08:00:00Z,110689.07,111585.59,110689.07,111585.59,111082.27,2215869883483.0,272573336212.0,0.008099,0.008099,110648.1,-0.008402,0,20,0.0,0.0,0.0,0.0,0.0,0.0,1.0408,20.816,0.0,0.0
2025-10-16T12:00:00Z,111444.15,111606.05,110648.1,110648.1,111155.14,2216096971995.0,275527762739.0,-0.007143,0.008596,108681.97,-0.017769,0,20,0.0,0.0,0.0,0.0,0.0,0.0,0.9741,19.4819,0.0,0.0
2025-10-16T16:00:00Z,108705.59,108797.49,108351.08,108681.97,108634.03,2165241774182.0,312082178886.0,-0.000217,0.004107,107985.6,-0.006407,0,20,0.0,0.0,0.0,0.0,0.0,0.0,1.1839,23.6784,0.0,0.0
2025-10-16T20:00:00Z,108357.11,108417.82,107808.51,107985.6,108142.26,2155512987956.0,339392621545.0,-0.003428,0.005623,108850.8,0.008012,1,20,0.0,0.0,0.0,0.0,0.0,0.0,1.178,23.5596,0.0,0.0
2025-10-17T00:00:00Z,108168.17,108850.8,108168.17,108850.8,108588.68,2164310393078.0,336814706700.0,0.006311,0.006311,106777.59,-0.019046,0,20,0.0,0.0,0.0,0.0,0.0,0.0,1.2466,24.933,0.0,0.0
2025-10-17T04:00:00Z,109181.01,109181.01,106777.59,106777.59,108305.51,2159716951961.0,336903081745.0,-0.022013,0.022013,104777.54,-0.018731,0,20,0.0,0.0,0.0,0.0,0.0,0.0,1.0634,21.2682,0.0,0.0
2025-10-17T08:00:00Z,105720.55,105720.55,104777.54,104777.54,105098.27,2095714341682.0,365618607645.0,-0.00892,0.00892,105410.36,0.00604,1,20,0.0,0.0,0.0,0.0,0.0,0.0,0.9749,19.4983,0.0,0.0
2025-10-17T12:00:00Z,105637.72,105909.59,105353.87,105410.36,105577.89,2106402454010.0,435768173558.0,-0.002152,0.005261,106637.64,0.011643,1,20,0.0,0.0,0.0,0.0,0.0,0.0,1.2801,25.6014,0.0,0.0
2025-10-17T16:00:00Z,106825.85,106825.85,106436.72,106637.64,106589.73,2123949746476.0,413723019605.0,-0.001762,0.003643,107016.94,0.003557,1,20,0.0,0.0,0.0,0.0,0.0,0.0,1.0508,21.0154,0.0,0.0
2025-10-17T20:00:00Z,106567.25,107429.45,106567.25,107016.94,107030.28,2132952257987.0,385729127399.0,0.00422,0.008091,106609.13,-0.003811,0,19,0.0,0.0,0.0,0.0,0.0,0.0,1.0571,20.0845,0.0,0.0
2025-10-18T00:00:00Z,106443.61,107099.65,106443.61,106609.13,106756.56,2128356781992.0,375842299153.0,0.001555,0.006163,106919.6,0.002912,1,20,0.0,0.0,0.0,0.0,0.0,0.0,1.0583,21.1656,0.0,0.0
2025-10-18T04:00:00Z,107128.72,107128.72,106536.97,106919.6,106845.07,2130253326005.0,370526816536.0,-0.001952,0.005524,106991.11,0.000669,1,20,0.0,0.0,0.0,0.0,0.0,0.0,1.2264,24.5286,0.0,0.0
2025-10-18T08:00:00Z,107022.86,107022.86,106803.87,106991.11,106937.56,2132984173973.0,308948392397.0,-0.000297,0.002046,107011.34,0.000189,1,20,0.0,0.0,0.0,0.0,0.0,0.0,0.8715,17.4295,0.0,0.0
2025-10-18T12:00:00Z,106980.15,107070.93,106968.26,107011.34,107007.67,2133307439382.0,229994690376.0,0.000292,0.00096,106873.62,-0.001287,0,20,0.0,0.0,0.0,0.0,0.0,0.0,0.9468,18.9362,0.0,0.0
2025-10-18T16:00:00Z,106992.63,106992.63,106706.53,106873.62,106867.66,2130376879321.0,170619298168.0,-0.001112,0.002674,107147.82,0.002566,1,20,0.0,0.0,0.0,0.0,0.0,0.0,1.1245,22.4908,0.0,0.0
2025-10-18T20:00:00Z,107094.36,107210.23,107044.77,107147.82,107124.29,2135671796265.0,145896618563.0,0.000499,0.001545,106892.59,-0.002382,0,20,0.0,0.0,0.0,0.0,0.0,0.0,0.8498,16.9968,0.0,0.0
2025-10-19T00:00:00Z,107156.0,107156.0,106892.59,106892.59,106986.85,2132330617599.0,133087053558.0,-0.002458,0.002458,106765.3,-0.001191,0,20,0.0,0.0,0.0,0.0,0.0,0.0,0.9979,19.9573,0.0,0.0
2025-10-19T04:00:00Z,107277.89,107277.89,106765.3,106765.3,107008.69,2133185191241.0,118479839354.0,-0.004778,0.004778,107661.6,0.008395,1,20,0.0,0.0,0.0,0.0,0.0,0.0,0.91,18.2007,0.0,0.0
2025-10-19T08:00:00Z,106815.09,107661.6,106489.79,107661.6,107142.11,2135762751350.0,116853087399.0,0.007925,0.01097,108440.14,0.007231,1,20,0.0,0.0,0.0,0.0,0.0,0.0,1.063,21.2604,0.0,0.0
2025-10-19T12:00:00Z,107804.49,108440.14,107580.78,108440.14,107975.04,2152314356680.0,142676833537.0,0.005896,0.007971,109404.7,0.008895,1,20,0.0,0.0,0.0,0.0,0.0,0.0,1.0027,20.0537,0.0,0.0
2025-10-19T16:00:00Z,108430.33,109404.7,108430.33,109404.7,108933.69,2172461688618.0,160358126573.0,0.008986,0.008986,108976.72,-0.003912,0,20,0.0,0.0,0.0,0.0,0.0,0.0,0.8806,17.6129,0.0,0.0
2025-10-19T20:00:00Z,108953.79,108976.72,108703.12,108976.72,108883.27,2171436031503.0,172855098136.0,0.00021,0.002511,108802.63,-0.001597,0,20,0.0,0.0,0.0,0.0,0.0,0.0,1.1604,23.2085,0.0,0.0
2025-10-20T00:00:00Z,108655.51,108802.63,107984.76,108802.63,108368.7,2160697622349.0,192218857228.0,0.001354,0.007527,111313.87,0.023081,1,20,0.0,0.0,0.0,0.0,0.0,0.0,1.0518,21.0359,0.0,0.0
2025-10-20T04:00:00Z,110213.82,111313.87,110213.82,111313.87,110731.35,2206596166516.0,219125586581.0,0.009981,0.009981,110771.31,-0.004874,0,20,0.0,0.0,0.0,0.0,0.0,0.0,1.2592,25.1846,0.0,0.0
2025-10-20T08:00:00Z,111154.61,111154.61,110771.31,110771.31,110980.01,2212565708304.0,235165521717.0,-0.003448,0.003448,111322.7,0.004978,1,20,0.0,0.0,0.0,0.0,0.0,0.0,0.7738,15.4768,0.0,0.0
2025-10-20T12:00:00Z,111032.34,111322.7,110846.46,111322.7,111064.82,2213784122149.0,225322926737.0,0.002615,0.004289,110880.02,-0.003977,0,20,0.0,0.0,0.0,0.0,0.0,0.0,1.0023,20.0452,0.0,0.0
2025-10-20T16:00:00Z,111427.01,111427.01,110340.15,110880.02,110775.69,2209299554079.0,237463036784.0,-0.004909,0.009754,110836.41,-0.000393,0,20,0.0,0.0,0.0,0.0,0.0,0.0,0.9635,19.2692,0.0,0.0
2025-10-20T20:00:00Z,110828.03,111027.58,110585.69,110836.41,110819.43,2209493000461.0,242756784199.0,7.6e-05,0.003987,109587.66,-0.011267,0,20,0.0,0.0,0.0,0.0,0.0,0.0,0.9184,18.3675,0.0,0.0
2025-10-21T00:00:00Z,110608.57,110608.57,109587.66,109587.66,110180.07,2196838216253.0,234884421647.0,-0.00923,0.00923,107941.29,-0.015023,0,20,0.0,0.0,0.0,0.0,0.0,0.0,1.1732,23.4643,0.0,0.0
2025-10-21T04:00:00Z,109133.49,109133.49,107603.56,107941.29,108101.19,2156813090840.0,237214884776.0,-0.010924,0.014019,108596.11,0.006066,1,20,0.0,0.0,0.0,0.0,0.0,0.0,0.801,16.0197,0.0,0.0
2025-10-21T08:00:00Z,108131.87,108596.11,107763.48,108596.11,108064.45,2154763315426.0,236786036906.0,0.004293,0.0077,111287.68,0.024785,1,20,0.0,0.0,0.0,0.0,0.0,0.0,0.9992,19.984,0.0,0.0
2025-10-21T12:00:00Z,108617.24,111287.68,108309.24,111287.68,109296.47,2177008934986.0,250746588845.0,0.024586,0.027421,112037.0,0.006733,1,20,0.0,0.0,0.0,0.0,0.0,0.0,1.0119,20.2381,0.0,0.0
2025-10-21T16:00:00Z,113348.65,113348.65,112037.0,112037.0,112704.04,2249314271062.0,343015899012.0,-0.011572,0.011572,109054.77,-0.026618,0,20,0.0,0.0,0.0,0.0,0.0,0.0,1.0459,20.9179,0.0,0.0
2025-10-21T20:00:00Z,112007.19,112007.19,109054.77,109054.77,110750.28,2208318652873.0,392117274462.0,-0.026359,0.026359,108351.05,-0.006453,0,20,0.0,0.0,0.0,0.0,0.0,0.0,1.0647,21.2948,0.0,0.0
2025-10-22T00:00:00Z,108486.1,108486.1,108176.85,108351.05,108331.66,2159586826148.0,434662161483.0,-0.001245,0.002851,108032.84,-0.002937,0,20,0.0,0.0,0.0,0.0,0.0,0.0,1.0811,21.6218,0.0,0.0
2025-10-22T04:00:00Z,108232.82,108647.45,108032.84,108032.84,108267.15,2158298551764.0,435236516309.0,-0.001848,0.005679,107750.27,-0.002616,0,20,0.0,0.0,0.0,0.0,0.0,0.0,1.0885,21.7692,0.0,0.0
2025-10-22T08:00:00Z,108275.96,108283.32,107750.27,107750.27,108096.97,2155344782789.0,429354605501.0,-0.004855,0.004923,108333.14,0.005409,1,20,0.0,0.0,0.0,0.0,0.0,0.0,1.1229,22.458,0.0,0.0
2025-10-22T12:00:00Z,107555.82,108357.71,107555.82,108333.14,108088.46,2154419771837.0,440819564326.0,0.007227,0.007455,108023.06,-0.002862,0,20,0.0,0.0,0.0,0.0,0.0,0.0,0.905,18.101,0.0,0.0
2025-10-22T16:00:00Z,108483.4,108483.4,107840.74,108023.06,108193.0,2156233131436.0,392136878800.0,-0.004243,0.005924,107087.57,-0.00866,0,20,0.0,0.0,0.0,0.0,0.0,0.0,0.9543,19.0863,0.0,0.0
2025-10-22T20:00:00Z,108009.98,108009.98,107087.57,107087.57,107491.31,2144129735524.0,357258308676.0,-0.00854,0.00854,108262.87,0.010975,1,20,0.0,0.0,0.0,0.0,0.0,0.0,1.1569,23.1375,0.0,0.0
2025-10-23T00:00:00Z,107591.46,108262.87,107591.46,108262.87,107986.08,2153080732201.0,324869408384.0,0.00624,0.00624,110161.63,0.017538,1,20,0.0,0.0,0.0,0.0,0.0,0.0,0.8434,16.8679,0.0,0.0
2025-10-23T04:00:00Z,108427.32,110161.63,108427.32,110161.63,109062.96,2174277290000.0,308457726499.0,0.015995,0.015995,109478.1,-0.006205,0,20,0.0,0.0,0.0,0.0,0.0,0.0,0.8961,17.9225,0.0,0.0
2025-10-23T08:00:00Z,109330.28,109495.84,109330.28,109478.1,109431.5,2183054069436.0,309393273309.0,0.001352,0.001514,109628.74,0.001376,1,20,0.0,0.0,0.0,0.0,0.0,0.0,0.8919,17.8371,0.0,0.0
2025-10-23T12:00:00Z,109224.38,109628.74,109094.58,109628.74,109385.03,2180014348934.0,283720570428.0,0.003702,0.00489,110608.18,0.008934,1,20,0.0,0.0,0.0,0.0,0.0,0.0,1.196,23.921,0.0,0.0
2025-10-23T16:00:00Z,110010.57,111200.25,110010.57,110608.18,110511.81,2201706946607.0,252848595938.0,0.005432,0.010814,109976.56,-0.00571,0,20,0.0,0.0,0.0,0.0,0.0,0.0,0.9747,19.4937,0.0,0.0
2025-10-23T20:00:00Z,110259.21,110259.21,109694.02,109976.56,109956.15,2192626590922.0,240110585672.0,-0.002563,0.005126,110676.86,0.006368,1,20,0.0,0.0,0.0,0.0,0.0,0.0,1.0747,21.4947,0.0,0.0
2025-10-24T00:00:00Z,110048.52,110676.86,110048.52,110676.86,110471.68,2201647533985.0,223525761993.0,0.00571,0.00571,111455.91,0.007039,1,20,0.0,0.0,0.0,0.0,0.0,0.0,0.9748,19.496,0.0,0.0
2025-10-24T04:00:00Z,110475.28,111455.91,110475.28,111455.91,111125.95,2215238979193.0,217574302455.0,0.008876,0.008876,111213.93,-0.002171,0,20,0.0,0.0,0.0,0.0,0.0,0.0,0.8805,17.6106,0.0,0.0
2025-10-24T08:00:00Z,110990.68,111344.39,110990.68,111213.93,111175.12,2217488987427.0,210584878341.0,0.002011,0.003187,109988.92,-0.011015,0,20,0.0,0.0,0.0,0.0,0.0,0.0,0.9984,19.9672,0.0,0.0
2025-10-24T12:00:00Z,111051.85,111307.26,109988.92,109988.92,110796.72,2208262150750.0,215283995214.0,-0.009571,0.011871,110585.25,0.005422,1,20,0.0,0.0,0.0,0.0,0.0,0.0,0.9712,19.4233,0.0,0.0
2025-10-24T16:00:00Z,110149.04,110585.25,110149.04,110585.25,110323.12,2199453378942.0,213003461115.0,0.00396,0.00396,110995.2,0.003707,1,20,0.0,0.0,0.0,0.0,0.0,0.0,1.0414,20.8274,0.0,0.0
2025-10-24T20:00:00Z,110630.58,111087.74,110630.58,110995.2,110908.23,2211207290289.0,200213741311.0,0.003296,0.004132,111080.28,0.000767,1,20,0.0,0.0,0.0,0.0,0.0,0.0,0.9777,19.5532,0.0,0.0
2025-10-25T00:00:00Z,110997.8,111108.65,110742.4,111080.28,110982.29,2213286735494.0,192003388817.0,0.000743,0.0033,111471.78,0.003524,1,20,0.0,0.0,0.0,0.0,0.0,0.0,0.8812,17.625,0.0,0.0
2025-10-25T04:00:00Z,111036.63,111471.78,111036.63,111471.78,111288.22,2218837225538.0,179543803991.0,0.003919,0.003919,111578.65,0.000959,1,20,0.0,0.0,0.0,0.0,0.0,0.0,1.3359,26.7171,0.0,0.0
2025-10-25T08:00:00Z,111507.89,111738.99,111507.89,111578.65,111596.47,2225359215066.0,167960915549.0,0.000635,0.002072,111587.53,8e-05,1,20,0.0,0.0,0.0,0.0,0.0,0.0,1.1122,22.2434,0.0,0.0
2025-10-25T12:00:00Z,111600.24,111820.39,111587.53,111587.53,111676.22,2226562942219.0,142649796473.0,-0.000114,0.002087,111652.2,0.00058,1,20,0.0,0.0,0.0,0.0,0.0,0.0,0.9828,19.6559,0.0,0.0
2025-10-25T16:00:00Z,111454.49,111652.2,111303.7,111652.2,111448.26,2222897395729.0,112115581936.0,0.001774,0.003127,111688.04,0.000321,1,20,0.0,0.0,0.0,0.0,0.0,0.0,1.0278,20.5568,0.0,0.0
2025-10-25T20:00:00Z,111589.25,111688.04,111397.19,111688.04,111527.86,2223755006182.0,99179354142.0,0.000885,0.002606,111464.86,-0.001998,0,20,0.0,0.0,0.0,0.0,0.0,0.0,0.678,13.5597,0.0,0.0
2025-10-26T00:00:00Z,111620.31,111758.64,111464.86,111464.86,111649.27,2226260644548.0,94221855441.0,-0.001393,0.002632,111614.99,0.001347,1,20,0.0,0.0,0.0,0.0,0.0,0.0,0.9176,18.3514,0.0,0.0
2025-10-26T04:00:00Z,111319.19,111635.5,111319.19,111614.99,111501.44,2223452705316.0,92692181492.0,0.002657,0.002841,112486.22,0.007806,1,20,0.0,0.0,0.0,0.0,0.0,0.0,0.9747,19.4949,0.0,0.0
2025-10-26T08:00:00Z,111714.21,112501.79,111714.21,112486.22,112132.1,2236124856213.0,90905727917.0,0.006911,0.00705,113578.84,0.009713,1,20,0.0,0.0,0.0,0.0,0.0,0.0,1.1219,22.4383,0.0,0.0
2025-10-26T12:00:00Z,113282.59,113635.91,113282.59,113578.84,113521.02,2263334320140.0,116928435535.0,0.002615,0.003119,113659.69,0.000712,1,20,0.0,0.0,0.0,0.0,0.0,0.0,0.5536,11.0723,0.0,0.0
2025-10-26T16:00:00Z,113680.02,113680.02,113484.58,113659.69,113595.47,2266069222287.0,134478590244.0,-0.000179,0.001719,114722.02,0.009347,1,20,0.0,0.0,0.0,0.0,0.0,0.0,0.8473,16.9452,0.0,0.0
2025-10-26T20:00:00Z,113547.68,114722.02,113450.43,114722.02,113805.78,2269479841619.0,144560789787.0,0.010342,0.011199,114916.39,0.001694,1,20,0.0,0.0,0.0,0.0,0.0,0.0,1.1746,23.4926,0.0,0.0
2025-10-27T00:00:00Z,114476.01,115308.5,114476.01,114916.39,114883.53,2290338916127.0,181024298186.0,0.003847,0.007272,115957.34,0.009058,1,20,0.0,0.0,0.0,0.0,0.0,0.0,0.889,17.781,0.0,0.0
2025-10-27T04:00:00Z,114972.26,115957.34,114972.26,115957.34,115427.95,2302171393392.0,201724390349.0,0.008568,0.008568,115473.71,-0.004171,0,20,0.0,0.0,0.0,0.0,0.0,0.0,0.9928,19.8569,0.0,0.0
2025-10-27T08:00:00Z,115579.34,115579.34,115013.8,115473.71,115332.38,2299756414649.0,245144933994.0,-0.000914,0.004893,114727.23,-0.006464,0,20,0.0,0.0,0.0,0.0,0.0,0.0,0.9373,18.7452,0.0,0.0
2025-10-27T12:00:00Z,115358.86,115358.86,114727.23,114727.23,115094.04,2295883027962.0,243481707636.0,-0.005475,0.005475,115351.63,0.005442,1,20,0.0,0.0,0.0,0.0,0.0,0.0,1.1353,22.7051,0.0,0.0
2025-10-27T16:00:00Z,114913.77,115625.97,114913.77,115351.63,115363.21,2300617696882.0,257396992114.0,0.00381,0.006198,114083.62,-0.010993,0,20,0.0,0.0,0.0,0.0,0.0,0.0,1.13,22.5998,0.0,0.0
2025-10-27T20:00:00Z,114851.0,114851.0,114083.62,114083.62,114493.75,2284244159732.0,263029856599.0,-0.006682,0.006682,113915.61,-0.001473,0,20,0.0,0.0,0.0,0.0,0.0,0.0,1.0185,20.371,0.0,0.0
2025-10-28T00:00:00Z,114182.79,114432.66,113915.61,113915.61,114134.63,2276036870119.0,248153487439.0,-0.00234,0.004528,114167.25,0.002209,1,20,0.0,0.0,0.0,0.0,0.0,0.0,0.7271,14.5427,0.0,0.0
2025-10-28T04:00:00Z,113893.6,114167.25,113598.84,114167.25,113918.46,2271947658906.0,239288066026.0,0.002403,0.004991,114582.85,0.00364,1,20,0.0,0.0,0.0,0.0,0.0,0.0,0.9442,18.8831,0.0,0.0
2025-10-28T08:00:00Z,114180.59,114582.85,114180.59,114582.85,114422.57,2282153604392.0,204741620806.0,0.003523,0.003523,115047.92,0.004059,1,20,0.0,0.0,0.0,0.0,0.0,0.0,1.0301,20.6022,0.0,0.0
2025-10-28T12:00:00Z,114330.19,115370.86,114330.19,115047.92,114832.15,2288848053768.0,201936263370.0,0.006278,0.009102,114879.04,-0.001468,0,20,0.0,0.0,0.0,0.0,0.0,0.0,1.0993,21.9857,0.0,0.0
2025-10-28T16:00:00Z,114680.98,115432.21,114680.98,114879.04,115095.62,2296236001908.0,237443568342.0,0.001727,0.006551,113215.04,-0.014485,0,20,0.0,0.0,0.0,0.0,0.0,0.0,1.0384,20.7678,0.0,0.0
2025-10-28T20:00:00Z,113794.77,113794.77,112848.07,113215.04,113213.54,2256633779957.0,254177644537.0,-0.005095,0.008319,112661.34,-0.004891,0,20,0.0,0.0,0.0,0.0,0.0,0.0,1.0735,21.4698,0.0,0.0
2025-10-29T00:00:00Z,112950.35,112950.35,112442.13,112661.34,112668.31,2246363146551.0,270422390689.0,-0.002559,0.004499,113314.76,0.0058,1,20,0.0,0.0,0.0,0.0,0.0,0.0,1.1056,22.1111,0.0,0.0
2025-10-29T04:00:00Z,112553.71,113314.76,112553.71,113314.76,112932.17,2251637694703.0,270525043497.0,0.006762,0.006762,112901.13,-0.00365,0,20,0.0,0.0,0.0,0.0,0.0,0.0,0.9938,19.8762,0.0,0.0
2025-10-29T08:00:00Z,113559.64,113559.64,112901.13,112901.13,113133.52,2255651254887.0,270746959437.0,-0.005799,0.005799,112462.75,-0.003883,0,20,0.0,0.0,0.0,0.0,0.0,0.0,0.8754,17.5085,0.0,0.0
2025-10-29T12:00:00Z,113128.78,113208.25,112462.75,112462.75,112934.17,2251273829995.0,263734252251.0,-0.005887,0.00659,111126.9,-0.011878,0,20,0.0,0.0,0.0,0.0,0.0,0.0,1.002,20.0401,0.0,0.0
2025-10-29T16:00:00Z,111501.31,111896.92,111126.9,111126.9,111438.22,2220057869517.0,255327400486.0,-0.003358,0.006906,111207.38,0.000724,1,20,0.0,0.0,0.0,0.0,0.0,0.0,1.0385,20.7702,0.0,0.0
2025-10-29T20:00:00Z,110741.0,111617.67,110741.0,111207.38,111264.36,2218789671065.0,268256958880.0,0.004211,0.007916,110896.71,-0.002794,0,20,0.0,0.0,0.0,0.0,0.0,0.0,0.6464,12.927,0.0,0.0
2025-10-30T00:00:00Z,110046.67,110896.71,110046.67,110896.71,110482.52,2203842169523.0,252441261009.0,0.007724,0.007724,110931.44,0.000313,1,20,0.0,0.0,0.0,0.0,0.0,0.0,0.8866,17.7319,0.0,0.0
2025-10-30T04:00:00Z,110694.93,110931.44,108604.31,110931.44,110144.87,2196884450993.0,275971840655.0,0.002137,0.021023,110096.71,-0.007525,0,20,0.0,0.0,0.0,0.0,0.0,0.0,1.148,22.9605,0.0,0.0
2025-10-30T08:00:00Z,111315.32,111315.32,110096.71,110096.71,110613.29,2206201440021.0,296954700739.0,-0.010947,0.010947,108244.98,-0.016819,0,20,0.0,0.0,0.0,0.0,0.0,0.0,0.8981,17.962,0.0,0.0
2025-10-30T12:00:00Z,109790.13,109790.13,107908.9,108244.98,108568.88,2165101935856.0,314639045144.0,-0.014074,0.017135,106985.73,-0.011633,0,20,0.0,0.0,0.0,0.0,0.0,0.0,1.0327,20.6548,0.0,0.0
2025-10-30T16:00:00Z,107633.23,108008.58,106985.73,106985.73,107511.44,2145101908601.0,308645444746.0,-0.006016,0.009503,107811.51,0.007719,1,20,0.0,0.0,0.0,0.0,0.0,0.0,1.0311,20.6224,0.0,0.0
2025-10-30T20:00:00Z,106786.3,107854.91,106786.3,107811.51,107505.48,2143456167705.0,291644454569.0,0.009601,0.010007,108900.13,0.010097,1,20,0.0,0.0,0.0,0.0,0.0,0.0,1.1559,23.1182,0.0,0.0
2025-10-31T00:00:00Z,108240.77,109637.17,108240.77,108900.13,109041.4,2173709684164.0,293924146294.0,0.006092,0.012901,109616.79,0.006581,1,20,0.0,0.0,0.0,0.0,0.0,0.0,0.913,18.2597,0.0,0.0
2025-10-31T04:00:00Z,109143.78,110067.0,109143.78,109616.79,109665.12,2187630772451.0,283788800765.0,0.004334,0.008459,109827.01,0.001918,1,20,0.0,0.0,0.0,0.0,0.0,0.0,1.0836,21.6712,0.0,0.0
2025-10-31T08:00:00Z,109368.87,109953.24,109368.87,109827.01,109743.66,2188793775230.0,267283555810.0,0.004189,0.005343,110588.72,0.006935,1,20,0.0,0.0,0.0,0.0,0.0,0.0,0.8965,17.9302,0.0,0.0
2025-10-31T12:00:00Z,110325.27,110588.72,109710.12,110588.72,110171.89,2193655182015.0,258857143627.0,0.002388,0.007964,109297.64,-0.011675,0,20,0.0,0.0,0.0,0.0,0.0,0.0,0.986,19.7205,0.0,0.0
2025-10-31T16:00:00Z,110323.49,110323.49,109076.49,109297.64,109489.65,2183261331182.0,259208881107.0,-0.009299,0.011303,109571.26,0.002503,1,20,0.0,0.0,0.0,0.0,0.0,0.0,1.1224,22.4488,0.0,0.0
2025-10-31T20:00:00Z,109935.67,109935.67,109423.68,109571.26,109621.22,2186670413619.0,246167118871.0,-0.003315,0.004657,109737.31,0.001515,1,20,0.0,0.0,0.0,0.0,0.0,0.0,1.0067,20.1348,0.0,0.0
2025-11-01T00:00:00Z,109573.91,109737.31,109573.91,109737.31,109665.41,2187212324297.0,223889110136.0,0.001491,0.001491,109931.1,0.001766,1,20,0.0,0.0,0.0,0.0,0.0,0.0,0.9371,18.7416,0.0,0.0
2025-11-01T04:00:00Z,110082.94,110129.12,109931.1,109931.1,110066.92,2195739459764.0,202328645094.0,-0.001379,0.001799,110109.54,0.001623,1,20,0.0,0.0,0.0,0.0,0.0,0.0,1.0733,21.4658,0.0,0.0
2025-11-01T08:00:00Z,110017.1,110159.77,109919.6,110109.54,110051.5,2194543269508.0,185272448074.0,0.00084,0.002183,109850.44,-0.002353,0,19,0.0,0.0,0.0,0.0,0.0,0.0,0.8403,15.9661,0.0,0.0
2025-11-01T12:00:00Z,110082.74,110082.74,109850.44,109850.44,109956.99,2192900110328.0,165296822146.0,-0.00211,0.00211,110328.65,0.004353,1,20,0.0,0.0,0.0,0.0,0.0,0.0,0.935,18.6991,0.0,0.0
2025-11-01T16:00:00Z,110123.15,110433.82,110123.15,110328.65,110274.38,2199206727295.0,126203407533.0,0.001866,0.002821,110026.69,-0.002737,0,20,0.0,0.0,0.0,0.0,0.0,0.0,1.122,22.4401,0.0,0.0
2025-11-01T20:00:00Z,110277.99,110387.56,110015.9,110026.69,110177.04,2197047059612.0,103668331689.0,-0.002279,0.00337,109967.14,-0.000541,0,20,0.0,0.0,0.0,0.0,0.0,0.0,1.0968,21.9366,0.0,0.0
2025-11-02T00:00:00Z,110066.94,110066.94,109932.62,109967.14,109980.06,2193302108783.0,99720131090.0,-0.000907,0.00122,110658.14,0.006284,1,20,0.0,0.0,0.0,0.0,0.0,0.0,0.8425,16.8506,0.0,0.0
2025-11-02T04:00:00Z,110006.75,110658.14,110006.75,110658.14,110403.79,2201165545316.0,104126542697.0,0.005921,0.005921,110391.52,-0.002409,0,20,0.0,0.0,0.0,0.0,0.0,0.0,1.2581,25.162,0.0,0.0
2025-11-02T08:00:00Z,110883.21,110883.21,110391.52,110391.52,110662.32,2207199739408.0,119708185771.0,-0.004434,0.004434,110372.82,-0.000169,0,20,0.0,0.0,0.0,0.0,0.0,0.0,0.9443,18.8868,0.0,0.0
2025-11-02T12:00:00Z,111057.65,111057.65,110372.82,110372.82,110650.31,2207200178043.0,132108557192.0,-0.006166,0.006166,110290.61,-0.000745,0,20,0.0,0.0,0.0,0.0,0.0,0.0,0.9209,18.4183,0.0,0.0
2025-11-02T16:00:00Z,110211.23,110290.61,110052.69,110290.61,110157.71,2196625322032.0,134372141813.0,0.00072,0.002159,109715.86,-0.005211,0,20,0.0,0.0,0.0,0.0,0.0,0.0,1.0137,20.2743,0.0,0.0
2025-11-02T20:00:00Z,110153.51,110153.51,109715.86,109715.86,109988.17,2193541773285.0,136068260057.0,-0.003973,0.003973,108986.5,-0.006648,0,20,0.0,0.0,0.0,0.0,0.0,0.0,1.1278,22.5564,0.0,0.0
2025-11-03T00:00:00Z,110650.21,110650.21,108986.5,108986.5,109822.58,2189719022338.0,151054147568.0,-0.015036,0.015036,107421.11,-0.014363,0,20,0.0,0.0,0.0,0.0,0.0,0.0,0.8989,17.9776,0.0,0.0
2025-11-03T04:00:00Z,107960.97,107960.97,107421.11,107421.11,107722.61,2149175944524.0,177086103275.0,-0.005001,0.005001,107221.82,-0.001855,0,20,0.0,0.0,0.0,0.0,0.0,0.0,1.0555,21.1096,0.0,0.0
2025-11-03T08:00:00Z,107533.42,107533.42,107098.28,107221.82,107334.7,2140782199371.0,185079692461.0,-0.002898,0.004047,108030.12,0.007539,1,20,0.0,0.0,0.0,0.0,0.0,0.0,1.0947,21.8934,0.0,0.0
2025-11-03T12:00:00Z,107778.51,108030.12,107778.51,108030.12,107905.31,2151606464626.0,195763804783.0,0.002335,0.002335,106990.16,-0.009627,0,20,0.0,0.0,0.0,0.0,0.0,0.0,1.1221,22.4426,0.0,0.0
2025-11-03T16:00:00Z,105802.32,107516.84,105802.32,106990.16,106721.2,2127733415605.0,254320061119.0,0.011227,0.016205,106436.51,-0.005175,0,20,0.0,0.0,0.0,0.0,0.0,0.0,0.9876,19.751,0.0,0.0
2025-11-03T20:00:00Z,107144.58,107144.58,106434.32,106436.51,106695.84,2128269754696.0,292144681370.0,-0.006609,0.006629,106544.92,0.001019,1,20,0.0,0.0,0.0,0.0,0.0,0.0,0.8644,17.2879,0.0,0.0
2025-11-04T00:00:00Z,106521.09,107031.08,106521.09,106544.92,106655.64,2127034995060.0,301189780328.0,0.000224,0.004788,104662.08,-0.017672,0,20,0.0,0.0,0.0,0.0,0.0,0.0,1.0514,21.0272,0.0,0.0
2025-11-04T04:00:00Z,107006.68,107006.68,104495.1,104662.08,105726.2,2108899459345.0,302145519873.0,-0.021911,0.023471,103878.89,-0.007483,0,20,0.0,0.0,0.0,0.0,0.0,0.0,1.1363,22.726,0.0,0.0
2025-11-04T08:00:00Z,104499.68,104499.68,103683.18,103878.89,104007.5,2074234100857.0,330115827443.0,-0.005941,0.007813,104493.57,0.005917,1,20,0.0,0.0,0.0,0.0,0.0,0.0,0.9453,18.9051,0.0,0.0
2025-11-04T12:00:00Z,104515.63,104515.63,103921.78,104493.57,104229.49,2078123363912.0,345149013620.0,-0.000211,0.005682,101323.62,-0.030336,0,20,0.0,0.0,0.0,0.0,0.0,0.0,1.1191,22.3813,0.0,0.0
2025-11-04T16:00:00Z,103688.16,103688.16,101087.15,101323.62,102074.11,2037628324860.0,358455405295.0,-0.022804,0.025085,101168.08,-0.001535,0,20,0.0,0.0,0.0,0.0,0.0,0.0,1.2944,25.8881,0.0,0.0
2025-11-04T20:00:00Z,100646.68,101168.08,99607.01,101168.08,100514.53,2002736660130.0,414770585191.0,0.00518,0.01551,101388.76,0.002181,1,20,0.0,0.0,0.0,0.0,0.0,0.0,1.0686,21.3711,0.0,0.0
2025-11-05T00:00:00Z,101480.77,101480.77,100550.27,101388.76,101004.39,2011281341889.0,459900995590.0,-0.000907,0.009169,102033.24,0.006357,1,20,0.0,0.0,0.0,0.0,0.0,0.0,1.0018,20.0364,0.0,0.0
2025-11-05T04:00:00Z,102128.21,102128.21,101772.01,102033.24,101975.79,2033517967522.0,491074003913.0,-0.00093,0.003488,101387.26,-0.006331,0,20,0.0,0.0,0.0,0.0,0.0,0.0,1.2266,24.5319,0.0,0.0
2025-11-05T08:00:00Z,101999.46,101999.46,101387.26,101387.26,101773.51,2028843919206.0,460362881558.0,-0.006002,0.006002,103254.86,0.01842,1,20,0.0,0.0,0.0,0.0,0.0,0.0,0.8921,17.8423,0.0,0.0
2025-11-05T12:00:00Z,102042.62,103254.86,102042.62,103254.86,102778.43,2049347517307.0,448441628228.0,0.01188,0.01188,104346.44,0.010572,1,20,0.0,0.0,0.0,0.0,0.0,0.0,0.9467,18.9336,0.0,0.0
2025-11-05T16:00:00Z,103656.47,104346.44,103656.47,104346.44,103932.4,2072811614126.0,417732522339.0,0.006656,0.006656,103731.6,-0.005892,0,20,0.0,0.0,0.0,0.0,0.0,0.0,1.1575,23.1508,0.0,0.0
2025-11-05T20:00:00Z,104037.51,104037.51,103664.7,103731.6,103828.59,2070880166052.0,346182564636.0,-0.00294,0.003583,103356.8,-0.003613,0,20,0.0,0.0,0.0,0.0,0.0,0.0,0.6806,13.6129,0.0,0.0
2025-11-06T00:00:00Z,103877.96,103877.96,103356.8,103356.8,103571.77,2066231791423.0,301588076019.0,-0.005017,0.005017,103321.42,-0.000342,0,20,0.0,0.0,0.0,0.0,0.0,0.0,1.1578,23.1555,0.0,0.0
2025-11-06T04:00:00Z,103654.67,103932.9,103108.69,103321.42,103504.42,2064456795213.0,253154168933.0,-0.003215,0.007951,103157.23,-0.001589,0,20,0.0,0.0,0.0,0.0,0.0,0.0,0.9993,19.9858,0.0,0.0
2025-11-06T08:00:00Z,103076.46,103157.23,102934.66,103157.23,103080.37,2055364348804.0,244419151531.0,0.000784,0.002159,102154.94,-0.009716,0,20,0.0,0.0,0.0,0.0,0.0,0.0,0.5886,11.7727,0.0,0.0
2025-11-06T12:00:00Z,103173.53,103357.39,102154.94,102154.94,102794.27,2052302086439.0,237934544269.0,-0.009873,0.011655,101999.14,-0.001525,0,20,0.0,0.0,0.0,0.0,0.0,0.0,1.1888,23.7751,0.0,0.0
2025-11-06T16:00:00Z,102005.62,102005.62,100982.74,101999.14,101680.59,2027135845755.0,245517335840.0,-6.4e-05,0.010028,101313.85,-0.006719,0,20,0.0,0.0,0.0,0.0,0.0,0.0,1.0678,21.357,0.0,0.0
2025-11-06T20:00:00Z,101276.83,101313.85,100899.82,101313.85,101137.09,2016596193883.0,248934333929.0,0.000366,0.004088,101743.91,0.004245,1,20,0.0,0.0,0.0,0.0,0.0,0.0,0.9231,18.4612,0.0,0.0
2025-11-07T00:00:00Z,101322.64,101743.91,101185.59,101743.91,101427.56,2022194025963.0,260828313770.0,0.004158,0.00551,101828.44,0.000831,1,20,0.0,0.0,0.0,0.0,0.0,0.0,1.0408,20.815,0.0,0.0
2025-11-07T04:00:00Z,101900.48,102379.79,101828.44,101828.44,102025.22,2035179568607.0,275994081125.0,-0.000707,0.005411,100653.82,-0.011535,0,20,0.0,0.0,0.0,0.0,0.0,0.0,1.1874,23.7483,0.0,0.0
2025-11-07T08:00:00Z,101944.91,101944.91,100653.82,100653.82,101221.27,2018592893203.0,290850196611.0,-0.012665,0.012665,100576.82,-0.000765,0,20,0.0,0.0,0.0,0.0,0.0,0.0,0.9295,18.5899,0.0,0.0
2025-11-07T12:00:00Z,100379.85,100576.82,99376.95,100576.82,100170.74,1998261512388.0,330759733664.0,0.001962,0.011953,102500.57,0.019127,1,20,0.0,0.0,0.0,0.0,0.0,0.0,0.993,19.8601,0.0,0.0
2025-11-07T16:00:00Z,100870.55,102500.57,100870.55,102500.57,101590.97,2026296115294.0,353156333419.0,0.01616,0.01616,103679.46,0.011501,1,20,0.0,0.0,0.0,0.0,0.0,0.0,0.8853,17.7063,0.0,0.0
2025-11-07T20:00:00Z,103155.89,103697.34,103155.89,103679.46,103546.71,2064875632630.0,376413799021.0,0.005075,0.005249,102760.77,-0.008861,0,20,0.0,0.0,0.0,0.0,0.0,0.0,0.8198,16.3952,0.0,0.0
2025-11-08T00:00:00Z,103396.08,103396.08,102715.45,102760.77,102963.65,2055951765617.0,370453507587.0,-0.006144,0.006583,102202.78,-0.00543,0,20,0.0,0.0,0.0,0.0,0.0,0.0,1.0177,20.3545,0.0,0.0
2025-11-08T04:00:00Z,102634.83,102634.83,102202.78,102202.78,102382.74,2042940047186.0,356505232594.0,-0.00421,0.00421,102451.77,0.002436,1,20,0.0,0.0,0.0,0.0,0.0,0.0,0.9195,18.3906,0.0,0.0
2025-11-08T08:00:00Z,102297.36,102451.77,102289.86,102451.77,102369.47,2042457588705.0,344778737838.0,0.001509,0.001583,101849.1,-0.005882,0,20,0.0,0.0,0.0,0.0,0.0,0.0,0.9058,18.1151,0.0,0.0
2025-11-08T12:00:00Z,101759.0,101992.15,101759.0,101849.1,101873.29,2032804903047.0,302792669057.0,0.000885,0.002291,102105.2,0.002514,1,20,0.0,0.0,0.0,0.0,0.0,0.0,0.9822,19.6445,0.0,0.0
2025-11-08T16:00:00Z,101704.45,102105.2,101704.45,102105.2,101856.02,2031659711283.0,250154463157.0,0.00394,0.00394,102371.41,0.002607,1,20,0.0,0.0,0.0,0.0,0.0,0.0,1.0325,20.6501,0.0,0.0
2025-11-08T20:00:00Z,101999.93,102371.41,101999.93,102371.41,102170.12,2037882291664.0,215350271116.0,0.003642,0.003642,101712.75,-0.006434,0,20,0.0,0.0,0.0,0.0,0.0,0.0,1.0802,21.6038,0.0,0.0
2025-11-09T00:00:00Z,102290.14,102290.14,101712.75,101712.75,101946.5,2033607246126.0,200645482288.0,-0.005645,0.005645,101744.84,0.000315,1,20,0.0,0.0,0.0,0.0,0.0,0.0,0.9916,19.8312,0.0,0.0
2025-11-09T04:00:00Z,101645.12,101855.42,101645.12,101744.84,101733.41,2029563320318.0,195248251352.0,0.000981,0.002069,101819.95,0.000738,1,20,0.0,0.0,0.0,0.0,0.0,0.0,1.0375,20.7508,0.0,0.0
2025-11-09T08:00:00Z,101900.23,101984.64,101646.15,101819.95,101837.74,2031392127849.0,189789813213.0,-0.000788,0.003322,103002.9,0.011618,1,20,0.0,0.0,0.0,0.0,0.0,0.0,1.057,21.1407,0.0,0.0
2025-11-09T12:00:00Z,102223.99,103002.9,102061.26,103002.9,102523.58,2047095982078.0,194608987812.0,0.00762,0.009212,104475.7,0.014299,1,20,0.0,0.0,0.0,0.0,0.0,0.0,0.6652,13.304,0.0,0.0
2025-11-09T16:00:00Z,103771.94,104475.7,103590.01,104475.7,103911.63,2071981901867.0,210106343473.0,0.006782,0.008535,104752.95,0.002654,1,20,0.0,0.0,0.0,0.0,0.0,0.0,1.1239,22.4783,0.0,0.0
2025-11-09T20:00:00Z,104763.28,104763.28,104492.79,104752.95,104650.27,2086713940049.0,222222788043.0,-9.9e-05,0.002582,105830.74,0.010289,1,20,0.0,0.0,0.0,0.0,0.0,0.0,0.9792,19.5842,0.0,0.0
2025-11-10T00:00:00Z,104709.68,106437.47,104709.68,105830.74,105693.32,2108351624051.0,257921970889.0,0.010706,0.016501,106182.46,0.003323,1,20,0.0,0.0,0.0,0.0,0.0,0.0,0.9452,18.9045,0.0,0.0
2025-11-10T04:00:00Z,106063.26,106182.46,106051.35,106182.46,106108.62,2116239400809.0,271584168663.0,0.001124,0.001236,105974.98,-0.001954,0,20,0.0,0.0,0.0,0.0,0.0,0.0,0.9664,19.3273,0.0,0.0
2025-11-10T08:00:00Z,106389.42,106389.42,105974.98,105974.98,106170.44,2117887588997.0,280717813545.0,-0.003896,0.003896,104886.7,-0.010269,0,20,0.0,0.0,0.0,0.0,0.0,0.0,0.6953,13.9057,0.0,0.0
2025-11-10T12:00:00Z,106217.54,106433.09,104886.7,104886.7,105886.92,2111795321710.0,281155578616.0,-0.012529,0.014559,105749.52,0.008226,1,20,0.0,0.0,0.0,0.0,0.0,0.0,1.2118,24.2368,0.0,0.0
2025-11-10T16:00:00Z,104817.09,105761.8,104817.09,105749.52,105352.47,2103490479423.0,295224066970.0,0.008896,0.009013,105962.38,0.002013,1,20,0.0,0.0,0.0,0.0,0.0,0.0,1.0525,21.0501,0.0,0.0
2025-11-10T20:00:00Z,105980.97,105980.97,105365.65,105962.38,105785.4,2109715246668.0,288887406625.0,-0.000175,0.005806,106562.39,0.005663,1,20,0.0,0.0,0.0,0.0,0.0,0.0,0.5577,11.154,0.0,0.0
2025-11-11T00:00:00Z,105951.5,106562.39,105802.94,106562.39,106181.1,2118397210291.0,267728724901.0,0.005766,0.007168,105125.37,-0.013485,0,20,0.0,0.0,0.0,0.0,0.0,0.0,1.143,22.8592,0.0,0.0
2025-11-11T04:00:00Z,106421.16,106421.16,105125.37,105125.37,105654.68,2107761562843.0,275428451942.0,-0.012176,0.012176,105093.74,-0.000301,0,20,0.0,0.0,0.0,0.0,0.0,0.0,0.9344,18.6871,0.0,0.0
2025-11-11T08:00:00Z,104817.14,105093.74,104817.14,105093.74,104989.95,2094075265209.0,281597163064.0,0.002639,0.002639,104552.35,-0.005151,0,20,0.0,0.0,0.0,0.0,0.0,0.0,1.0174,20.3481,0.0,0.0
2025-11-11T12:00:00Z,105259.74,105259.74,104365.67,104552.35,104698.72,2085938298811.0,286358538464.0,-0.00672,0.008494,103372.68,-0.011283,0,20,0.0,0.0,0.0,0.0,0.0,0.0,1.1683,23.3653,0.0,0.0
2025-11-11T16:00:00Z,103443.41,103443.41,103333.9,103372.68,103374.99,2062260102147.0,286688224355.0,-0.000684,0.001059,103054.47,-0.003078,0,20,0.0,0.0,0.0,0.0,0.0,0.0,1.0636,21.2728,0.0,0.0
2025-11-11T20:00:00Z,103132.13,103132.13,102667.41,103054.47,102914.11,2052660859520.0,283677839956.0,-0.000753,0.004506,103166.96,0.001092,1,20,0.0,0.0,0.0,0.0,0.0,0.0,1.0722,21.4444,0.0,0.0
2025-11-12T00:00:00Z,103112.21,103289.25,102916.57,103166.96,103121.25,2055830187339.0,274637923683.0,0.000531,0.003614,103334.61,0.001625,1,20,0.0,0.0,0.0,0.0,0.0,0.0,0.7456,14.9123,0.0,0.0
2025-11-12T04:00:00Z,103342.08,103342.08,103221.38,103334.61,103309.28,2060652089968.0,246634130405.0,-7.2e-05,0.001168,104863.67,0.014797,1,20,0.0,0.0,0.0,0.0,0.0,0.0,0.9815,19.6291,0.0,0.0
2025-11-12T08:00:00Z,103127.8,104863.67,103127.8,104863.67,104149.44,2077650342019.0,247473740911.0,0.016832,0.016832,104075.71,-0.007514,0,20,0.0,0.0,0.0,0.0,0.0,0.0,0.8904,17.809,0.0,0.0
2025-11-12T12:00:00Z,104954.51,105022.76,104075.71,104075.71,104764.76,2090192217655.0,244191912578.0,-0.008373,0.009023,101504.32,-0.024707,0,20,0.0,0.0,0.0,0.0,0.0,0.0,0.9679,19.3588,0.0,0.0
2025-11-12T16:00:00Z,102145.95,102145.95,101444.68,101504.32,101720.8,2028083057121.0,236876858291.0,-0.006282,0.006865,101913.39,0.00403,1,20,0.0,0.0,0.0,0.0,0.0,0.0,0.961,19.2205,0.0,0.0
2025-11-12T20:00:00Z,101260.94,101913.39,101260.94,101913.39,101651.7,2027880808300.0,250675731746.0,0.006443,0.006443,102054.4,0.001384,1,20,0.0,0.0,0.0,0.0,0.0,0.0,0.9516,19.0321,0.0,0.0
2025-11-13T00:00:00Z,101633.69,102054.4,101633.69,102054.4,101886.57,2031456851724.0,262935818613.0,0.004139,0.004139,103562.66,0.014779,1,20,0.0,0.0,0.0,0.0,0.0,0.0,0.536,10.7207,0.0,0.0
2025-11-13T04:00:00Z,102044.49,103562.66,102044.49,103562.66,102677.52,2047604496478.0,290645310521.0,0.014878,0.014878,102954.65,-0.005871,0,20,0.0,0.0,0.0,0.0,0.0,0.0,1.0835,21.6705,0.0,0.0
2025-11-13T08:00:00Z,103422.5,103690.15,102648.56,102954.65,103178.96,2059061401607.0,299839507302.0,-0.004524,0.010071,102691.14,-0.002559,0,20,0.0,0.0,0.0,0.0,0.0,0.0,1.0192,20.3832,0.0,0.0
2025-11-13T12:00:00Z,103003.95,103114.56,102241.51,102691.14,102762.79,2051571066712.0,302362936721.0,-0.003037,0.008476,98499.59,-0.040817,0,20,0.0,0.0,0.0,0.0,0.0,0.0,1.0758,21.5167,0.0,0.0
2025-11-13T16:00:00Z,101345.79,101345.79,98499.59,98499.59,100066.14,1997264281157.0,324663008512.0,-0.028084,0.028084,99564.32,0.010809,1,20,0.0,0.0,0.0,0.0,0.0,0.0,0.916,18.321,0.0,0.0
2025-11-13T20:00:00Z,98471.7,99564.32,98191.19,99564.32,98761.83,1970725397251.0,389348033057.0,0.011096,0.013944,99577.62,0.000134,1,20,0.0,0.0,0.0,0.0,0.0,0.0,1.0546,21.0912,0.0,0.0
2025-11-14T00:00:00Z,99480.31,99577.62,98848.8,99577.62,99336.68,1981341452555.0,415941747115.0,0.000978,0.007326,96564.42,-0.03026,0,20,0.0,0.0,0.0,0.0,0.0,0.0,1.1899,23.7987,0.0,0.0
2025-11-14T04:00:00Z,99036.19,99036.19,96564.42,96564.42,97724.04,1948631064752.0,431575176012.0,-0.024958,0.024958,96920.29,0.003685,1,20,0.0,0.0,0.0,0.0,0.0,0.0,1.2093,24.1868,0.0,0.0
2025-11-14T08:00:00Z,97079.07,97312.9,96795.18,96920.29,97026.86,1936465932939.0,457606782239.0,-0.001636,0.005333,96362.59,-0.005754,0,20,0.0,0.0,0.0,0.0,0.0,0.0,1.1436,22.8724,0.0,0.0
2025-11-14T12:00:00Z,95819.69,96362.59,95241.06,96362.59,95679.98,1908307560437.0,492754009303.0,0.005666,0.011705,94949.48,-0.014665,0,20,0.0,0.0,0.0,0.0,0.0,0.0,1.0517,21.0339,0.0,0.0
2025-11-14T16:00:00Z,96819.65,96955.42,94949.48,94949.48,96161.12,1919391310858.0,502038377016.0,-0.019316,0.020718,95035.7,0.000908,1,20,0.0,0.0,0.0,0.0,0.0,0.0,0.7528,15.0566,0.0,0.0
2025-11-14T20:00:00Z,95680.16,95680.16,94283.32,95035.7,94995.93,1894853551088.0,462078133213.0,-0.006736,0.014599,96031.13,0.010474,1,20,0.0,0.0,0.0,0.0,0.0,0.0,1.1705,23.4105,0.0,0.0
2025-11-15T00:00:00Z,94456.39,96031.13,94456.39,96031.13,95243.93,1901379163553.0,448245850259.0,0.016672,0.016672,95977.5,-0.000558,0,20,0.0,0.0,0.0,0.0,0.0,0.0,0.9205,18.4094,0.0,0.0
2025-11-15T04:00:00Z,96298.38,96298.38,95977.5,95977.5,96147.15,1919086915108.0,426818463833.0,-0.003332,0.003332,95927.02,-0.000526,0,20,0.0,0.0,0.0,0.0,0.0,0.0,0.8601,17.2019,0.0,0.0
2025-11-15T08:00:00Z,96254.51,96254.51,95694.22,95927.02,95905.41,1913509145199.0,388490611018.0,-0.003402,0.005821,96169.9,0.002532,1,20,0.0,0.0,0.0,0.0,0.0,0.0,0.9617,19.2339,0.0,0.0
2025-11-15T12:00:00Z,95592.62,96169.9,95592.62,96169.9,95918.86,1912130627515.0,336303449277.0,0.006039,0.006039,95967.57,-0.002104,0,20,0.0,0.0,0.0,0.0,0.0,0.0,1.0104,20.2073,0.0,0.0
2025-11-15T16:00:00Z,96286.04,96286.04,95967.57,95967.57,96117.47,1917690445864.0,272105804735.0,-0.003308,0.003308,95462.1,-0.005267,0,20,0.0,0.0,0.0,0.0,0.0,0.0,1.0658,21.3158,0.0,0.0
2025-11-15T20:00:00Z,95953.59,95953.59,95120.47,95462.1,95423.32,1904041983882.0,237307926097.0,-0.005122,0.008683,95798.17,0.00352,1,20,0.0,0.0,0.0,0.0,0.0,0.0,0.9997,19.9938,0.0,0.0
2025-11-16T00:00:00Z,95508.31,95798.17,95283.11,95798.17,95520.27,1905366714621.0,180631538435.0,0.003035,0.005393,95880.54,0.00086,1,20,0.0,0.0,0.0,0.0,0.0,0.0,1.053,21.061,0.0,0.0
2025-11-16T04:00:00Z,95719.7,95883.93,95719.7,95880.54,95805.41,1910897394178.0,200353245321.0,0.00168,0.001716,96389.55,0.005309,1,20,0.0,0.0,0.0,0.0,0.0,0.0,1.0244,20.4881,0.0,0.0
2025-11-16T08:00:00Z,95960.56,96389.55,95960.56,96389.55,96192.23,1918616288677.0,193953495527.0,0.00447,0.00447,95509.26,-0.009133,0,20,0.0,0.0,0.0,0.0,0.0,0.0,1.1046,22.0919,0.0,0.0
2025-11-16T12:00:00Z,95583.82,95761.65,95295.38,95509.26,95537.53,1906038406719.0,203388695902.0,-0.00078,0.004878,94075.75,-0.015009,0,20,0.0,0.0,0.0,0.0,0.0,0.0,1.1532,23.0643,0.0,0.0
2025-11-16T16:00:00Z,94432.59,94494.05,94075.75,94075.75,94318.48,1881379172036.0,225897491729.0,-0.003779,0.00443,93901.72,-0.00185,0,20,0.0,0.0,0.0,0.0,0.0,0.0,0.8727,17.4549,0.0,0.0
2025-11-16T20:00:00Z,93965.58,94163.53,93433.67,93901.72,93866.13,1874788592845.0,262770417595.0,-0.00068,0.007767,94883.09,0.010451,1,20,0.0,0.0,0.0,0.0,0.0,0.0,1.1861,23.7225,0.0,0.0
2025-11-17T00:00:00Z,94411.33,95018.71,94411.33,94883.09,94764.21,1889336357834.0,298049288377.0,0.004997,0.006433,95112.64,0.002419,1,20,0.0,0.0,0.0,0.0,0.0,0.0,0.9033,18.0651,0.0,0.0
2025-11-17T04:00:00Z,95410.21,95410.21,95029.56,95112.64,95165.69,1897962796019.0,309640478914.0,-0.003119,0.00399,95591.41,0.005034,1,20,0.0,0.0,0.0,0.0,0.0,0.0,0.9415,18.8309,0.0,0.0
2025-11-17T08:00:00Z,95608.14,95608.14,95539.04,95591.41,95580.99,1907072302573.0,320088534119.0,-0.000175,0.000723,94710.62,-0.009214,0,20,0.0,0.0,0.0,0.0,0.0,0.0,1.0819,21.6386,0.0,0.0
2025-11-17T12:00:00Z,95469.75,95469.75,93588.8,94710.62,94763.38,1889347257615.0,317447812252.0,-0.007951,0.019702,92535.85,-0.022962,0,20,0.0,0.0,0.0,0.0,0.0,0.0,0.9295,18.5891,0.0,0.0
2025-11-17T16:00:00Z,94051.61,94211.88,92535.85,92535.85,93373.12,1863676634749.0,351831693659.0,-0.016116,0.01782,92134.04,-0.004342,0,20,0.0,0.0,0.0,0.0,0.0,0.0,1.2769,25.5371,0.0,0.0
2025-11-17T20:00:00Z,91640.15,92134.04,91640.15,92134.04,91840.19,1832344174183.0,380027380499.0,0.005389,0.005389,91092.77,-0.011302,0,20,0.0,0.0,0.0,0.0,0.0,0.0,1.1548,23.0961,0.0,0.0
2025-11-18T00:00:00Z,92036.73,92036.73,91092.77,91092.77,91677.49,1829168321096.0,391906188470.0,-0.010256,0.010256,89621.24,-0.016154,0,20,0.0,0.0,0.0,0.0,0.0,0.0,1.0038,20.0752,0.0,0.0
2025-11-18T04:00:00Z,90652.61,90652.61,89455.5,89621.24,89933.36,1794396393333.0,443239130040.0,-0.011377,0.013205,91317.66,0.018929,1,20,0.0,0.0,0.0,0.0,0.0,0.0,1.036,20.7192,0.0,0.0
2025-11-18T08:00:00Z,90365.88,91317.66,90365.88,91317.66,91009.1,1815981144874.0,473817370424.0,0.010533,0.010533,91339.44,0.000238,1,20,0.0,0.0,0.0,0.0,0.0,0.0,1.0881,21.7628,0.0,0.0
2025-11-18T12:00:00Z,91530.58,91530.58,91339.44,91339.44,91444.97,1824626532342.0,489783438711.0,-0.002088,0.002088,93403.71,0.0226,1,20,0.0,0.0,0.0,0.0,0.0,0.0,1.0736,21.471,0.0,0.0
2025-11-18T16:00:00Z,92822.48,93403.71,92822.48,93403.71,93189.93,1859680658693.0,492094569883.0,0.006262,0.006262,93145.76,-0.002762,0,20,0.0,0.0,0.0,0.0,0.0,0.0,1.1899,23.7988,0.0,0.0
2025-11-18T20:00:00Z,92981.44,93145.76,92515.37,93145.76,92855.05,1852804517801.0,436977746338.0,0.001767,0.00678,92658.36,-0.005233,0,20,0.0,0.0,0.0,0.0,0.0,0.0,1.0654,21.3077,0.0,0.0
2025-11-19T00:00:00Z,92819.76,92819.76,92268.61,92658.36,92536.73,1846207864613.0,402626661827.0,-0.001739,0.005938,90908.6,-0.018884,0,20,0.0,0.0,0.0,0.0,0.0,0.0,0.9655,19.3091,0.0,0.0
2025-11-19T04:00:00Z,91770.49,91770.49,90291.88,90908.6,91038.0,1816435593525.0,344973006801.0,-0.009392,0.016112,91261.52,0.003882,1,20,0.0,0.0,0.0,0.0,0.0,0.0,1.0355,20.71,0.0,0.0
2025-11-19T08:00:00Z,91807.78,91807.78,91261.52,91261.52,91481.4,1824968805246.0,317902815386.0,-0.00595,0.00595,91639.43,0.004141,1,20,0.0,0.0,0.0,0.0,0.0,0.0,1.0775,21.5494,0.0,0.0
2025-11-19T12:00:00Z,91350.22,91665.73,91286.76,91639.43,91485.54,1825236988265.0,294131080440.0,0.003166,0.004148,89019.22,-0.028593,0,20,0.0,0.0,0.0,0.0,0.0,0.0,1.1889,23.7772,0.0,0.0
2025-11-19T16:00:00Z,90038.01,90038.01,89019.22,89019.22,89452.89,1783232945373.0,286583520375.0,-0.011315,0.011315,90392.7,0.015429,1,20,0.0,0.0,0.0,0.0,0.0,0.0,1.1192,22.3831,0.0,0.0
2025-11-19T20:00:00Z,88762.89,90565.05,88762.89,90392.7,89783.45,1791010660347.0,316799973884.0,0.018361,0.020303,92531.9,0.023666,1,20,0.0,0.0,0.0,0.0,0.0,0.0,1.1156,22.3114,0.0,0.0
2025-11-20T00:00:00Z,91408.36,92531.9,91408.36,92531.9,92056.07,1836589756478.0,330699801003.0,0.012292,0.012292,91755.99,-0.008385,0,20,0.0,0.0,0.0,0.0,0.0,0.0,1.0852,21.705,0.0,0.0
2025-11-20T04:00:00Z,92385.46,92570.05,91755.99,91755.99,92319.46,1840775779172.0,333630160990.0,-0.006813,0.008811,91718.6,-0.000408,0,20,0.0,0.0,0.0,0.0,0.0,0.0,0.9753,19.5062,0.0,0.0
2025-11-20T08:00:00Z,92166.87,92166.87,91718.6,91718.6,91934.11,1833259785351.0,334263637449.0,-0.004864,0.004864,90911.42,-0.008801,0,20,0.0,0.0,0.0,0.0,0.0,0.0,0.9883,19.7651,0.0,0.0
2025-11-20T12:00:00Z,91901.94,91901.94,90911.42,90911.42,91519.14,1826896770607.0,349807055355.0,-0.010778,0.010778,86381.81,-0.049824,0,20,0.0,0.0,0.0,0.0,0.0,0.0,0.9959,19.9189,0.0,0.0
2025-11-20T16:00:00Z,90092.1,90092.1,86381.81,86381.81,87870.78,1753105109450.0,371176100564.0,-0.041183,0.041183,87734.7,0.015662,1,20,0.0,0.0,0.0,0.0,0.0,0.0,0.9781,19.562,0.0,0.0
2025-11-20T20:00:00Z,86519.07,87734.7,86400.94,87734.7,87023.3,1736841277833.0,401445548036.0,0.01405,0.015416,85432.58,-0.02624,0,20,0.0,0.0,0.0,0.0,0.0,0.0,1.061,21.2204,0.0,0.0
2025-11-21T00:00:00Z,86649.97,87272.32,85432.58,85432.58,86574.42,1727914763661.0,398629021018.0,-0.01405,0.021232,85514.46,0.000958,1,20,0.0,0.0,0.0,0.0,0.0,0.0,1.123,22.4603,0.0,0.0
2025-11-21T04:00:00Z,85723.3,86049.26,85514.46,85514.46,85816.35,1712794874678.0,405831339755.0,-0.002436,0.006239,82615.08,-0.033905,0,20,0.0,0.0,0.0,0.0,0.0,0.0,1.1372,22.7441,0.0,0.0
2025-11-21T08:00:00Z,83851.28,83851.28,82175.4,82615.08,83058.11,1657330797073.0,475561870092.0,-0.014743,0.019986,84511.74,0.022958,1,20,0.0,0.0,0.0,0.0,0.0,0.0,0.983,19.6593,0.0,0.0
2025-11-21T12:00:00Z,82221.74,84511.74,82221.74,84511.74,83470.96,1667192870714.0,560787401187.0,0.027851,0.027851,84641.61,0.001537,1,20,0.0,0.0,0.0,0.0,0.0,0.0,1.1408,22.8169,0.0,0.0
2025-11-21T16:00:00Z,82884.31,84913.07,82884.31,84641.61,84294.66,1682757767894.0,560917855885.0,0.021202,0.024477,84164.15,-0.005641,0,20,0.0,0.0,0.0,0.0,0.0,0.0,1.2407,24.8148,0.0,0.0
2025-11-21T20:00:00Z,84168.35,85208.56,84164.15,84164.15,84497.01,1687247351338.0,542651923388.0,-5e-05,0.012409,84411.5,0.002939,1,20,0.0,0.0,0.0,0.0,0.0,0.0,1.0186,20.3717,0.0,0.0
2025-11-22T00:00:00Z,85087.95,85087.95,84411.5,84411.5,84801.43,1692092487690.0,532809918018.0,-0.00795,0.00795,84608.18,0.00233,1,20,0.0,0.0,0.0,0.0,0.0,0.0,1.221,24.4208,0.0,0.0
2025-11-22T04:00:00Z,84440.46,84608.18,84171.03,84608.18,84350.91,1681458244631.0,507219839779.0,0.001986,0.005177,83573.95,-0.012224,0,20,0.0,0.0,0.0,0.0,0.0,0.0,1.0296,20.5914,0.0,0.0
2025-11-22T08:00:00Z,84520.6,84520.6,83573.95,83573.95,83989.59,1675128426443.0,415419818101.0,-0.0112,0.0112,84424.11,0.010173,1,20,0.0,0.0,0.0,0.0,0.0,0.0,0.9835,19.6696,0.0,0.0
2025-11-22T12:00:00Z,84136.62,84424.11,83811.12,84424.11,84090.33,1677348205478.0,319269944267.0,0.003417,0.007286,84547.89,0.001466,1,20,0.0,0.0,0.0,0.0,0.0,0.0,1.3015,26.0296,0.0,0.0
2025-11-22T16:00:00Z,84087.08,84589.42,84087.08,84547.89,84425.09,1684919256380.0,230550223892.0,0.00548,0.005974,85095.9,0.006482,1,20,0.0,0.0,0.0,0.0,0.0,0.0,1.0921,21.8426,0.0,0.0
2025-11-22T20:00:00Z,84585.5,85095.9,84388.39,85095.9,84615.61,1686528863297.0,184049828387.0,0.006034,0.008364,86048.77,0.011198,1,20,0.0,0.0,0.0,0.0,0.0,0.0,1.2419,24.8381,0.0,0.0
2025-11-23T00:00:00Z,84675.51,86048.77,84675.51,86048.77,85363.79,1704348988597.0,171058806654.0,0.016218,0.016218,85877.59,-0.001989,0,20,0.0,0.0,0.0,0.0,0.0,0.0,0.9851,19.7027,0.0,0.0
2025-11-23T04:00:00Z,86218.87,86493.01,85877.59,85877.59,86198.86,1720656867136.0,176799162107.0,-0.003958,0.007138,86026.92,0.001739,1,20,0.0,0.0,0.0,0.0,0.0,0.0,0.97,19.3997,0.0,0.0
2025-11-23T08:00:00Z,85644.69,86351.28,85644.69,86026.92,86030.85,1717590176480.0,176778402057.0,0.004463,0.00825,86513.36,0.005655,1,20,0.0,0.0,0.0,0.0,0.0,0.0,1.2155,24.3105,0.0,0.0
2025-11-23T12:00:00Z,86243.92,86934.68,86243.92,86513.36,86569.68,1726790340431.0,180143692414.0,0.003124,0.008009,86981.94,0.005416,1,20,0.0,0.0,0.0,0.0,0.0,0.0,1.0782,21.5644,0.0,0.0
2025-11-23T16:00:00Z,87226.48,87226.48,86838.44,86981.94,87035.94,1735823241713.0,204316501037.0,-0.002803,0.004449,87854.92,0.010036,1,20,0.0,0.0,0.0,0.0,0.0,0.0,0.7696,15.3914,0.0,0.0
2025-11-23T20:00:00Z,87381.62,87856.91,87381.62,87854.92,87638.11,1748001437443.0,228734268307.0,0.005416,0.005439,87498.46,-0.004057,0,20,0.0,0.0,0.0,0.0,0.0,0.0,0.8888,17.7768,0.0,0.0
2025-11-24T00:00:00Z,86783.85,87498.46,86628.25,87498.46,86939.77,1734736063076.0,237341148392.0,0.008234,0.010027,86844.71,-0.007472,0,20,0.0,0.0,0.0,0.0,0.0,0.0,1.0716,21.4327,0.0,0.0
2025-11-24T04:00:00Z,87280.46,87387.46,86752.7,86844.71,87066.33,1736868294083.0,261737671311.0,-0.004993,0.007273,86001.79,-0.009706,0,20,0.0,0.0,0.0,0.0,0.0,0.0,1.074,21.4793,0.0,0.0
2025-11-24T08:00:00Z,87075.75,87075.75,85953.92,86001.79,86449.1,1725590295669.0,274700987869.0,-0.012334,0.012883,86192.31,0.002215,1,20,0.0,0.0,0.0,0.0,0.0,0.0,1.1712,23.4231,0.0,0.0
2025-11-24T12:00:00Z,86268.29,86269.67,85957.05,86192.31,86171.83,1719093045187.0,277625182745.0,-0.000881,0.003624,88599.03,0.027923,1,20,0.0,0.0,0.0,0.0,0.0,0.0,1.0374,20.7486,0.0,0.0
2025-11-24T16:00:00Z,86425.73,88599.03,86425.73,88599.03,87668.13,1750129412770.0,299599769415.0,0.025147,0.025147,88631.71,0.000369,1,20,0.0,0.0,0.0,0.0,0.0,0.0,1.1024,22.0474,0.0,0.0
2025-11-24T20:00:00Z,88356.83,89111.75,88356.83,88631.71,88712.52,1769740821161.0,317225554877.0,0.003111,0.008544,87759.24,-0.009844,0,20,0.0,0.0,0.0,0.0,0.0,0.0,0.9274,18.5475,0.0,0.0
2025-11-25T00:00:00Z,88229.36,88229.36,87759.24,87759.24,87989.4,1755894149389.0,302760234106.0,-0.005328,0.005328,87851.68,0.001053,1,20,0.0,0.0,0.0,0.0,0.0,0.0,0.9615,19.2295,0.0,0.0
2025-11-25T04:00:00Z,87710.53,88416.27,87710.53,87851.68,88019.81,1754957949795.0,290239065194.0,0.001609,0.008046,87349.32,-0.005718,0,20,0.0,0.0,0.0,0.0,0.0,0.0,1.09,21.8006,0.0,0.0
2025-11-25T08:00:00Z,87385.49,87385.49,87035.35,87349.32,87224.26,1741344050901.0,286811174325.0,-0.000414,0.004007,86396.68,-0.010906,0,20,0.0,0.0,0.0,0.0,0.0,0.0,0.9296,18.5917,0.0,0.0
2025-11-25T12:00:00Z,87368.7,87488.66,86396.68,86396.68,87038.1,1736898230748.0,285987798053.0,-0.011125,0.012498,87228.89,0.009632,1,20,0.0,0.0,0.0,0.0,0.0,0.0,1.1189,22.3781,0.0,0.0
2025-11-25T16:00:00Z,86910.96,87515.42,86910.96,87228.89,87183.42,1740528932066.0,279391791906.0,0.003658,0.006955,87594.72,0.004194,1,20,0.0,0.0,0.0,0.0,0.0,0.0,1.0004,20.007,0.0,0.0
2025-11-25T20:00:00Z,86826.84,87594.72,86826.84,87594.72,87185.0,1739034268035.0,269810138622.0,0.008844,0.008844,87758.17,0.001866,1,20,0.0,0.0,0.0,0.0,0.0,0.0,1.0765,21.531,0.0,0.0
2025-11-26T00:00:00Z,87310.33,87884.06,87310.33,87758.17,87618.08,1748692849707.0,268387121553.0,0.005129,0.006571,87794.92,0.000419,1,20,0.0,0.0,0.0,0.0,0.0,0.0,1.1012,22.0233,0.0,0.0
2025-11-26T04:00:00Z,87091.72,87794.92,87091.72,87794.92,87404.54,1742879855294.0,265321150847.0,0.008074,0.008074,86942.32,-0.009711,0,20,0.0,0.0,0.0,0.0,0.0,0.0,0.973,19.4591,0.0,0.0
2025-11-26T08:00:00Z,87888.59,87888.59,86805.57,86942.32,87256.12,1740990234136.0,254043561651.0,-0.010767,0.012323,86938.44,-4.5e-05,0,20,0.0,0.0,0.0,0.0,0.0,0.0,1.2442,24.8834,0.0,0.0
2025-11-26T12:00:00Z,87016.31,87032.22,86597.45,86938.44,86896.11,1734845652575.0,246831668255.0,-0.000895,0.004996,90135.46,0.036773,1,20,0.0,0.0,0.0,0.0,0.0,0.0,1.1992,23.9834,0.0,0.0
2025-11-26T16:00:00Z,86900.39,90135.46,86900.39,90135.46,88633.11,1768112124429.0,253628195977.0,0.037227,0.037227,90249.97,0.00127,1,19,0.0,0.0,0.0,0.0,0.0,0.0,1.1802,22.4229,0.0,0.0
2025-11-26T20:00:00Z,89974.73,90249.97,89892.71,90249.97,90073.75,1797277430793.0,260309648527.0,0.003059,0.003971,91587.22,0.014817,1,20,0.0,0.0,0.0,0.0,0.0,0.0,0.8815,17.6297,0.0,0.0
2025-11-27T00:00:00Z,90474.23,91587.22,90444.0,91587.22,90794.52,1813355043043.0,285562113695.0,0.012302,0.012636,91200.43,-0.004223,0,19,0.0,0.0,0.0,0.0,0.0,0.0,1.1362,21.5884,0.0,0.0
2025-11-27T04:00:00Z,91164.98,91263.34,90939.97,91200.43,91142.18,1818453798483.0,302797788955.0,0.000389,0.003547,91598.34,0.004363,1,20,0.0,0.0,0.0,0.0,0.0,0.0,0.9631,19.2624,0.0,0.0
2025-11-27T08:00:00Z,91381.44,91598.34,91381.44,91598.34,91508.61,1826120518293.0,307126082733.0,0.002374,0.002374,90761.68,-0.009134,0,20,0.0,0.0,0.0,0.0,0.0,0.0,1.0226,20.4527,0.0,0.0
2025-11-27T12:00:00Z,91376.71,91376.71,90761.68,90761.68,91007.82,1816437230269.0,307652581524.0,-0.006731,0.006731,91804.82,0.011493,1,20,0.0,0.0,0.0,0.0,0.0,0.0,0.5522,11.0434,0.0,0.0
2025-11-27T16:00:00Z,90920.43,91804.82,90920.43,91804.82,91406.82,1823854797851.0,284566596299.0,0.009727,0.009727,91312.77,-0.00536,0,20,0.0,0.0,0.0,0.0,0.0,0.0,0.9569,19.1378,0.0,0.0
2025-11-27T20:00:00Z,91539.37,91539.37,91312.77,91312.77,91452.89,1824402481480.0,249944133664.0,-0.002475,0.002475,91023.52,-0.003168,0,20,0.0,0.0,0.0,0.0,0.0,0.0,0.9866,19.732,0.0,0.0
2025-11-28T00:00:00Z,91323.63,91323.63,90811.07,91023.52,91072.56,1817889458922.0,229032456440.0,-0.003286,0.005613,91357.4,0.003668,1,20,0.0,0.0,0.0,0.0,0.0,0.0,0.9474,18.9488,0.0,0.0
2025-11-28T04:00:00Z,91194.97,91622.81,91194.97,91357.4,91400.56,1823810363609.0,208715414702.0,0.001781,0.004691,91827.77,0.005149,1,20,0.0,0.0,0.0,0.0,0.0,0.0,1.1639,23.278,0.0,0.0
2025-11-28T08:00:00Z,90914.79,91827.77,90914.79,91827.77,91476.1,1824537916426.0,207668348390.0,0.010042,0.010042,92202.86,0.004085,1,20,0.0,0.0,0.0,0.0,0.0,0.0,0.8815,17.6296,0.0,0.0
2025-11-28T12:00:00Z,91427.3,92329.75,91427.3,92202.86,91865.32,1832947643208.0,212708742586.0,0.008483,0.009871,90875.03,-0.014401,0,20,0.0,0.0,0.0,0.0,0.0,0.0,1.0472,20.9438,0.0,0.0
2025-11-28T16:00:00Z,92346.35,92346.35,90669.96,90875.03,91201.85,1820062501487.0,240380869133.0,-0.015933,0.018153,91127.21,0.002775,1,20,0.0,0.0,0.0,0.0,0.0,0.0,1.2312,24.6247,0.0,0.0
2025-11-28T20:00:00Z,91073.48,91214.68,91004.25,91127.21,91104.9,1818580382240.0,253285896296.0,0.00059,0.002311,90729.95,-0.004359,0,20,0.0,0.0,0.0,0.0,0.0,0.0,0.8855,17.7098,0.0,0.0
2025-11-29T00:00:00Z,90904.87,90915.54,90729.95,90729.95,90863.47,1812912432020.0,248184555627.0,-0.001924,0.002042,90577.3,-0.001682,0,20,0.0,0.0,0.0,0.0,0.0,0.0,0.9405,18.8106,0.0,0.0
2025-11-29T04:00:00Z,90703.32,90832.41,90577.3,90577.3,90718.37,1810175790750.0,239650279365.0,-0.001389,0.002813,90570.9,-7.1e-05,0,20,0.0,0.0,0.0,0.0,0.0,0.0,1.0115,20.2294,0.0,0.0
2025-11-29T08:00:00Z,90566.65,90656.69,90566.65,90570.9,90591.27,1807335822053.0,230838509173.0,4.7e-05,0.000994,90657.76,0.000959,1,20,0.0,0.0,0.0,0.0,0.0,0.0,1.0038,20.0768,0.0,0.0
2025-11-29T12:00:00Z,90682.39,90792.78,90643.84,90657.76,90694.19,1810015272841.0,212394390851.0,-0.000272,0.001642,90712.0,0.000598,1,20,0.0,0.0,0.0,0.0,0.0,0.0,1.1854,23.709,0.0,0.0
2025-11-29T16:00:00Z,91040.55,91040.55,90475.98,90712.0,90809.85,1811854423974.0,174070845828.0,-0.003609,0.006201,90788.76,0.000846,1,20,0.0,0.0,0.0,0.0,0.0,0.0,1.1527,23.0531,0.0,0.0
2025-11-29T20:00:00Z,90673.15,91032.1,90673.15,90788.76,90860.26,1812965911155.0,159579536602.0,0.001275,0.003959,90802.76,0.000154,1,20,0.0,0.0,0.0,0.0,0.0,0.0,1.0876,21.752,0.0,0.0
2025-11-30T00:00:00Z,90841.45,90938.31,90802.76,90802.76,90863.05,1813212040081.0,154664776253.0,-0.000426,0.001492,90901.61,0.001089,1,20,0.0,0.0,0.0,0.0,0.0,0.0,0.8367,16.7347,0.0,0.0
2025-11-30T04:00:00Z,90892.9,90901.61,90820.87,90901.61,90868.39,1813326130303.0,154950714866.0,9.6e-05,0.000888,91250.36,0.003837,1,20,0.0,0.0,0.0,0.0,0.0,0.0,0.9693,19.3855,0.0,0.0
2025-11-30T08:00:00Z,90980.08,91415.6,90980.08,91250.36,91222.89,1820632809464.0,153778230333.0,0.002971,0.004787,91446.99,0.002155,1,20,0.0,0.0,0.0,0.0,0.0,0.0,0.9566,19.1318,0.0,0.0
2025-11-30T12:00:00Z,91080.51,91751.82,91080.51,91446.99,91428.79,1824469417990.0,161516794648.0,0.004024,0.00737,91455.11,8.9e-05,1,20,0.0,0.0,0.0,0.0,0.0,0.0,0.8099,16.1974,0.0,0.0
2025-11-30T16:00:00Z,91475.59,91814.62,91455.11,91455.11,91555.72,1827055450352.0,163928758298.0,-0.000224,0.00393,91159.28,-0.003235,0,20,0.0,0.0,0.0,0.0,0.0,0.0,1.1433,22.8669,0.0,0.0
2025-11-30T20:00:00Z,91440.21,91440.21,91159.28,91159.28,91272.58,1821237772176.0,157515133769.0,-0.003072,0.003072,86607.96,-0.049927,0,20,0.0,0.0,0.0,0.0,0.0,0.0,1.0126,20.2528,0.0,0.0
2025-12-01T00:00:00Z,90359.87,90359.87,86607.96,86607.96,87821.18,1753310659791.0,193546759606.0,-0.041522,0.041522,86248.97,-0.004145,0,20,0.0,0.0,0.0,0.0,0.0,0.0,1.0397,20.7938,0.0,0.0
2025-12-01T04:00:00Z,86347.62,86347.62,85788.16,86248.97,86095.33,1717530665218.0,243070501790.0,-0.001143,0.006479,86632.28,0.004444,1,20,0.0,0.0,0.0,0.0,0.0,0.0,0.9017,18.0337,0.0,0.0
2025-12-01T08:00:00Z,86509.67,86828.87,86509.67,86632.28,86670.47,1729776486852.0,264605403937.0,0.001417,0.00369,86023.91,-0.007022,0,20,0.0,0.0,0.0,0.0,0.0,0.0,0.5932,11.8631,0.0,0.0
2025-12-01T12:00:00Z,86262.53,86262.53,85452.87,86023.91,85932.96,1713991381090.0,285237640236.0,-0.002766,0.009386,85230.9,-0.009219,0,20,0.0,0.0,0.0,0.0,0.0,0.0,0.9776,19.5513,0.0,0.0
2025-12-01T16:00:00Z,84634.95,85230.9,84553.52,85230.9,84844.57,1694218673386.0,331345834334.0,0.007041,0.008004,86642.18,0.016558,1,20,0.0,0.0,0.0,0.0,0.0,0.0,0.948,18.959,0.0,0.0
2025-12-01T20:00:00Z,85003.07,86642.18,85003.07,86642.18,85919.75,1713712254885.0,360040284233.0,0.019283,0.019283,86639.72,-2.8e-05,0,20,0.0,0.0,0.0,0.0,0.0,0.0,0.9436,18.8715,0.0,0.0
2025-12-02T00:00:00Z,86281.5,86639.72,86281.5,86639.72,86485.31,1725808700314.0,347845296170.0,0.004152,0.004152,87094.36,0.005247,1,20,0.0,0.0,0.0,0.0,0.0,0.0,0.6725,13.4496,0.0,0.0
2025-12-02T04:00:00Z,86979.24,87094.36,86979.24,87094.36,87020.67,1736114739216.0,311965538941.0,0.001323,0.001323,87283.42,0.002171,1,20,0.0,0.0,0.0,0.0,0.0,0.0,1.0738,21.4755,0.0,0.0
2025-12-02T08:00:00Z,87032.33,87283.42,86418.62,87283.42,86881.0,1733960831441.0,300780508832.0,0.002885,0.009936,89212.57,0.022102,1,20,0.0,0.0,0.0,0.0,0.0,0.0,0.8098,16.1967,0.0,0.0
2025-12-02T12:00:00Z,87372.15,89212.57,87310.29,89212.57,87892.82,1752679639259.0,300431656254.0,0.021064,0.021772,92003.15,0.03128,1,20,0.0,0.0,0.0,0.0,0.0,0.0,0.8842,17.6845,0.0,0.0
2025-12-02T16:00:00Z,90929.17,92003.15,90929.17,92003.15,91359.29,1822971169938.0,322800535879.0,0.011811,0.011811,91972.85,-0.000329,0,20,0.0,0.0,0.0,0.0,0.0,0.0,1.0989,21.9777,0.0,0.0
2025-12-02T20:00:00Z,91925.77,91972.85,91006.6,91972.85,91636.87,1828860733375.0,330290282111.0,0.000512,0.010511,92804.99,0.009048,1,20,0.0,0.0,0.0,0.0,0.0,0.0,0.9728,19.4564,0.0,0.0
2025-12-03T00:00:00Z,91320.08,92804.99,91320.08,92804.99,92004.5,1835546639210.0,335234528196.0,0.016261,0.016261,93405.41,0.00647,1,20,0.0,0.0,0.0,0.0,0.0,0.0,0.9523,19.0469,0.0,0.0
2025-12-03T04:00:00Z,92694.94,93673.51,92694.94,93405.41,93230.52,1859884289885.0,350338551159.0,0.007665,0.010557,92967.95,-0.004683,0,20,0.0,0.0,0.0,0.0,0.0,0.0,1.0613,21.2251,0.0,0.0
2025-12-03T08:00:00Z,92997.38,93187.76,92758.95,92967.95,92978.01,1855723446230.0,362205492753.0,-0.000316,0.004611,92689.18,-0.002999,0,20,0.0,0.0,0.0,0.0,0.0,0.0,1.0516,21.0311,0.0,0.0
2025-12-03T12:00:00Z,93014.56,93155.57,92689.18,92689.18,92953.83,1855012255468.0,360028483906.0,-0.003498,0.005014,92701.02,0.000128,1,20,0.0,0.0,0.0,0.0,0.0,0.0,1.1105,22.2107,0.0,0.0
2025-12-03T16:00:00Z,92462.71,92991.34,92358.91,92701.02,92628.5,1848435438427.0,338158229862.0,0.002577,0.00684,93717.47,0.010965,1,20,0.0,0.0,0.0,0.0,0.0,0.0,1.3009,26.0178,0.0,0.0
2025-12-03T20:00:00Z,93042.76,93748.59,92956.22,93717.47,93366.26,1863693500023.0,325816404760.0,0.007252,0.008516,93855.84,0.001476,1,20,0.0,0.0,0.0,0.0,0.0,0.0,1.3123,26.2455,0.0,0.0
2025-12-04T00:00:00Z,93428.59,93855.84,93035.41,93855.84,93378.68,1864232632995.0,322608349944.0,0.004573,0.008781,93124.72,-0.00779,0,20,0.0,0.0,0.0,0.0,0.0,0.0,1.1528,23.0555,0.0,0.0
2025-12-04T04:00:00Z,93567.33,93567.33,92899.66,93124.72,93238.25,1861180756480.0,312024387962.0,-0.00473,0.007136,93249.9,0.001344,1,20,0.0,0.0,0.0,0.0,0.0,0.0,0.9305,18.6096,0.0,0.0
2025-12-04T08:00:00Z,93344.22,93576.36,93162.3,93249.9,93333.19,1862150602958.0,301278932100.0,-0.001011,0.004436,92053.42,-0.012831,0,20,0.0,0.0,0.0,0.0,0.0,0.0,0.9055,18.1098,0.0,0.0
2025-12-04T12:00:00Z,92962.29,92982.89,92053.42,92053.42,92632.66,1849934784743.0,291676628688.0,-0.009777,0.009998,92131.17,0.000845,1,20,0.0,0.0,0.0,0.0,0.0,0.0,1.1493,22.9854,0.0,0.0
2025-12-04T16:00:00Z,92596.48,92596.48,92131.17,92131.17,92381.24,1844296107648.0,280876305497.0,-0.005025,0.005025,92349.58,0.002371,1,20,0.0,0.0,0.0,0.0,0.0,0.0,1.0524,21.0471,0.0,0.0
2025-12-04T20:00:00Z,92068.63,92469.36,92068.63,92349.58,92270.59,1841835807489.0,283729942971.0,0.003052,0.004353,92527.83,0.00193,1,20,0.0,0.0,0.0,0.0,0.0,0.0,1.038,20.7603,0.0,0.0
2025-12-05T00:00:00Z,92140.7,92527.83,92140.7,92527.83,92335.21,1842839227533.0,263769619860.0,0.004201,0.004201,92263.33,-0.002859,0,20,0.0,0.0,0.0,0.0,0.0,0.0,1.0456,20.9112,0.0,0.0
2025-12-05T04:00:00Z,92302.36,92302.36,91921.18,92263.33,92139.34,1839373975657.0,181967546101.0,-0.000423,0.00413,91321.14,-0.010212,0,20,0.0,0.0,0.0,0.0,0.0,0.0,0.8946,17.8914,0.0,0.0
2025-12-05T08:00:00Z,92244.85,92244.85,91133.25,91321.14,91703.56,1830143361163.0,177381282235.0,-0.010014,0.012051,90239.62,-0.011843,0,20,0.0,0.0,0.0,0.0,0.0,0.0,0.845,16.9002,0.0,0.0
2025-12-05T12:00:00Z,91367.32,91367.32,90239.62,90239.62,90841.14,1813019601447.0,178916382700.0,-0.012342,0.012342,88971.14,-0.014057,0,20,0.0,0.0,0.0,0.0,0.0,0.0,1.136,22.721,0.0,0.0
2025-12-05T16:00:00Z,90691.06,90691.06,88838.81,88971.14,89455.42,1787374618912.0,196911055038.0,-0.018965,0.020424,89246.76,0.003098,1,20,0.0,0.0,0.0,0.0,0.0,0.0,0.9974,19.948,0.0,0.0
2025-12-05T20:00:00Z,89661.01,89661.01,89168.62,89246.76,89348.89,1783897765769.0,200182257076.0,-0.00462,0.005492,89404.65,0.001769,1,20,0.0,0.0,0.0,0.0,0.0,0.0,0.9909,19.8179,0.0,0.0
2025-12-06T00:00:00Z,89307.09,89411.87,89307.09,89404.65,89359.15,1783617447143.0,200255620862.0,0.001092,0.001173,89700.05,0.003304,1,20,0.0,0.0,0.0,0.0,0.0,0.0,1.009,20.1808,0.0,0.0
2025-12-06T04:00:00Z,89659.76,89700.05,89596.54,89700.05,89656.68,1789624973911.0,194633132122.0,0.000449,0.001154,89523.29,-0.001971,0,20,0.0,0.0,0.0,0.0,0.0,0.0,1.2544,25.089,0.0,0.0
2025-12-06T08:00:00Z,89610.68,89610.68,89322.01,89523.29,89511.64,1786804442263.0,188503982229.0,-0.000975,0.003221,90081.81,0.006239,1,20,0.0,0.0,0.0,0.0,0.0,0.0,1.2958,25.9163,0.0,0.0
2025-12-06T12:00:00Z,89626.22,90081.81,89598.53,90081.81,89748.15,1791546242913.0,177185478231.0,0.005083,0.005392,89594.49,-0.00541,0,20,0.0,0.0,0.0,0.0,0.0,0.0,1.0896,21.7926,0.0,0.0
2025-12-06T16:00:00Z,89791.27,89791.27,89594.49,89594.49,89696.4,1790663719038.0,132481094580.0,-0.002192,0.002192,89301.79,-0.003267,0,20,0.0,0.0,0.0,0.0,0.0,0.0,1.1433,22.8662,0.0,0.0
2025-12-06T20:00:00Z,89463.07,89554.87,89301.79,89301.79,89441.88,1785410915278.0,103423766012.0,-0.001803,0.002829,89591.4,0.003243,1,20,0.0,0.0,0.0,0.0,0.0,0.0,1.085,21.7003,0.0,0.0
2025-12-07T00:00:00Z,89244.76,89591.4,89244.76,89591.4,89414.71,1785043234746.0,97788739084.0,0.003884,0.003884,89592.79,1.5e-05,1,20,0.0,0.0,0.0,0.0,0.0,0.0,1.003,20.0598,0.0,0.0
2025-12-07T04:00:00Z,89728.68,89728.68,89501.47,89592.79,89594.02,1788282662634.0,92599447751.0,-0.001514,0.002532,89260.11,-0.003713,0,20,0.0,0.0,0.0,0.0,0.0,0.0,1.0045,20.0898,0.0,0.0
2025-12-07T08:00:00Z,89375.83,89428.99,89125.87,89260.11,89297.7,1782508239196.0,89626798138.0,-0.001295,0.003392,88202.39,-0.01185,0,20,0.0,0.0,0.0,0.0,0.0,0.0,0.6677,13.3539,0.0,0.0
2025-12-07T12:00:00Z,89179.22,89481.72,88202.39,88202.39,88981.39,1776233458938.0,89345315502.0,-0.010954,0.014346,91404.67,0.036306,1,20,0.0,0.0,0.0,0.0,0.0,0.0,0.7876,15.753,0.0,0.0
2025-12-07T16:00:00Z,89472.58,91404.67,89472.58,91404.67,90391.83,1804014543483.0,112468932047.0,0.021594,0.021594,89669.56,-0.018983,0,20,0.0,0.0,0.0,0.0,0.0,0.0,1.1495,22.9894,0.0,0.0
2025-12-07T20:00:00Z,91348.92,91432.39,89669.56,89669.56,90617.18,1811593608117.0,127552950307.0,-0.018384,0.019298,91393.19,0.019222,1,20,0.0,0.0,0.0,0.0,0.0,0.0,0.9437,18.873,0.0,0.0
2025-12-08T00:00:00Z,90398.45,91393.19,90398.45,91393.19,90828.4,1812452311144.0,145872033211.0,0.011004,0.011004,91579.99,0.002044,1,20,0.0,0.0,0.0,0.0,0.0,0.0,0.5302,10.6046,0.0,0.0
2025-12-08T04:00:00Z,91038.86,91579.99,91038.86,91579.99,91291.82,1822433176187.0,159332529569.0,0.005944,0.005944,92130.3,0.006009,1,20,0.0,0.0,0.0,0.0,0.0,0.0,0.7289,14.5783,0.0,0.0
2025-12-08T08:00:00Z,91541.16,92130.3,91541.16,92130.3,91861.77,1832971836336.0,169749242636.0,0.006436,0.006436,90883.16,-0.013537,0,20,0.0,0.0,0.0,0.0,0.0,0.0,1.1355,22.7104,0.0,0.0
2025-12-08T12:00:00Z,91970.4,91970.4,90883.16,90883.16,91540.55,1829327809046.0,180521062926.0,-0.011822,0.011822,89888.91,-0.01094,0,20,0.0,0.0,0.0,0.0,0.0,0.0,1.0094,20.1878,0.0,0.0
2025-12-08T16:00:00Z,90114.81,90114.81,89841.06,89888.91,89961.55,1795345734719.0,189871490711.0,-0.002507,0.003038,90858.05,0.010782,1,20,0.0,0.0,0.0,0.0,0.0,0.0,1.1494,22.9875,0.0,0.0
2025-12-08T20:00:00Z,90295.9,91353.08,90295.9,90858.05,90820.35,1812419025796.0,188098434868.0,0.006226,0.011708,90153.54,-0.007754,0,20,0.0,0.0,0.0,0.0,0.0,0.0,0.8973,17.9463,0.0,0.0
2025-12-09T00:00:00Z,90626.04,90626.04,90059.54,90153.54,90310.38,1802733851720.0,176617028692.0,-0.005214,0.006251,90178.85,0.000281,1,20,0.0,0.0,0.0,0.0,0.0,0.0,1.0087,20.1736,0.0,0.0
2025-12-09T04:00:00Z,90420.22,90420.22,89908.33,90178.85,90107.61,1797651776244.0,178616771290.0,-0.002669,0.005661,90245.24,0.000736,1,20,0.0,0.0,0.0,0.0,0.0,0.0,0.9972,19.9442,0.0,0.0
2025-12-09T08:00:00Z,90482.49,90482.49,90171.75,90245.24,90344.73,1803507318979.0,177521083956.0,-0.002622,0.003434,90284.16,0.000431,1,20,0.0,0.0,0.0,0.0,0.0,0.0,1.0662,21.3247,0.0,0.0
2025-12-09T12:00:00Z,90398.46,90550.6,90284.16,90284.16,90421.13,1804670822285.0,175253363181.0,-0.001264,0.002947,93920.24,0.040274,1,20,0.0,0.0,0.0,0.0,0.0,0.0,1.0793,21.5863,0.0,0.0
2025-12-09T16:00:00Z,93103.99,94267.18,93103.99,93920.24,93803.08,1872270884866.0,198936934699.0,0.008767,0.012494,92790.2,-0.012032,0,20,0.0,0.0,0.0,0.0,0.0,0.0,0.9668,19.3362,0.0,0.0
2025-12-09T20:00:00Z,93881.99,93881.99,92711.4,92790.2,93112.2,1857055549013.0,215216959994.0,-0.011629,0.012469,92484.68,-0.003293,0,20,0.0,0.0,0.0,0.0,0.0,0.0,0.9949,19.898,0.0,0.0
2025-12-10T00:00:00Z,92686.1,92686.1,92157.39,92484.68,92413.27,1843990495442.0,220066328882.0,-0.002173,0.005704,92688.73,0.002206,1,20,0.0,0.0,0.0,0.0,0.0,0.0,1.3238,26.4754,0.0,0.0
2025-12-10T04:00:00Z,92410.13,92688.73,92410.13,92688.73,92555.15,1847659374946.0,213694617977.0,0.003015,0.003015,92302.25,-0.00417,0,20,0.0,0.0,0.0,0.0,0.0,0.0,1.09,21.7991,0.0,0.0
2025-12-10T08:00:00Z,92700.84,92865.56,92302.25,92302.25,92623.09,1848596490828.0,212909993751.0,-0.0043,0.006077,91801.72,-0.005423,0,20,0.0,0.0,0.0,0.0,0.0,0.0,1.183,23.6592,0.0,0.0
2025-12-10T12:00:00Z,92098.54,92098.54,91801.72,91801.72,91984.49,1835286730478.0,219127676413.0,-0.003223,0.003223,92452.99,0.007094,1,20,0.0,0.0,0.0,0.0,0.0,0.0,0.7132,14.2634,0.0,0.0
2025-12-10T16:00:00Z,91925.01,92452.99,91925.01,92452.99,92224.74,1842195275096.0,181525151848.0,0.005744,0.005744,92541.98,0.000963,1,20,0.0,0.0,0.0,0.0,0.0,0.0,1.0386,20.7712,0.0,0.0
2025-12-10T20:00:00Z,92991.95,92991.95,92378.77,92541.98,92621.01,1847991801938.0,205171314731.0,-0.004839,0.006594,90010.48,-0.027355,0,20,0.0,0.0,0.0,0.0,0.0,0.0,0.9696,19.3923,0.0,0.0
2025-12-11T00:00:00Z,92005.14,92005.14,90010.48,90010.48,90957.9,1817009848330.0,214917569263.0,-0.02168,0.02168,90297.96,0.003194,1,20,0.0,0.0,0.0,0.0,0.0,0.0,1.0696,21.391,0.0,0.0
2025-12-11T04:00:00Z,89847.75,90429.3,89847.75,90297.96,90225.4,1800833540418.0,229507586355.0,0.005011,0.006473,90311.07,0.000145,1,20,0.0,0.0,0.0,0.0,0.0,0.0,0.8882,17.7643,0.0,0.0
2025-12-11T08:00:00Z,90254.8,90311.07,90177.63,90311.07,90251.2,1801194649873.0,231333016456.0,0.000624,0.001479,89463.23,-0.009388,0,20,0.0,0.0,0.0,0.0,0.0,0.0,0.8959,17.9173,0.0,0.0
2025-12-11T12:00:00Z,90243.2,90243.2,89463.23,89463.23,89999.42,1797429009339.0,221132496267.0,-0.008643,0.008643,90606.41,0.012778,1,20,0.0,0.0,0.0,0.0,0.0,0.0,1.0354,20.7076,0.0,0.0
2025-12-11T16:00:00Z,89858.1,90606.41,89798.28,90606.41,90056.51,1797929296755.0,229365629188.0,0.008328,0.008993,92243.54,0.018069,1,20,0.0,0.0,0.0,0.0,0.0,0.0,0.9035,18.0693,0.0,0.0
2025-12-11T20:00:00Z,90856.51,93042.44,90856.51,92243.54,91949.28,1835278743736.0,208043667905.0,0.015266,0.024059,92584.47,0.003696,1,19,0.0,0.0,0.0,0.0,0.0,0.0,0.7046,13.3872,0.0,0.0
2025-12-12T00:00:00Z,92494.18,92584.47,92136.18,92584.47,92351.69,1843958430770.0,205803946444.0,0.000976,0.004847,92520.58,-0.00069,0,20,0.0,0.0,0.0,0.0,0.0,0.0,0.9753,19.5053,0.0,0.0
2025-12-12T04:00:00Z,92300.73,92520.58,92300.73,92520.58,92412.2,1844353437548.0,186176044710.0,0.002382,0.002382,92414.53,-0.001146,0,20,0.0,0.0,0.0,0.0,0.0,0.0,0.9502,19.0042,0.0,0.0
2025-12-12T08:00:00Z,92446.83,92446.83,92265.0,92414.53,92379.58,1844548912101.0,202149264242.0,-0.000349,0.001967,92510.95,0.001043,1,20,0.0,0.0,0.0,0.0,0.0,0.0,0.9999,19.9985,0.0,0.0
2025-12-12T12:00:00Z,92405.03,92510.95,92280.63,92510.95,92398.31,1843894937596.0,223448171832.0,0.001146,0.002493,90587.54,-0.020791,0,20,0.0,0.0,0.0,0.0,0.0,0.0,1.1803,23.6052,0.0,0.0
2025-12-12T16:00:00Z,89947.36,90587.54,89947.36,90587.54,90166.0,1799502089599.0,264577893580.0,0.007117,0.007117,90323.07,-0.002919,0,20,0.0,0.0,0.0,0.0,0.0,0.0,0.7036,14.073,0.0,0.0
2025-12-12T20:00:00Z,90195.25,90323.07,90195.25,90323.07,90258.78,1802026720498.0,276410401624.0,0.001417,0.001417,90233.37,-0.000993,0,19,0.0,0.0,0.0,0.0,0.0,0.0,1.0427,19.8112,0.0,0.0
2025-12-13T00:00:00Z,90307.26,90333.81,90219.7,90233.37,90273.54,1801988117585.0,271293452947.0,-0.000818,0.001264,90358.64,0.001388,1,20,0.0,0.0,0.0,0.0,0.0,0.0,0.8976,17.951,0.0,0.0
2025-12-13T04:00:00Z,90362.5,90366.89,90284.23,90358.64,90343.06,1803329526683.0,276188307161.0,-4.3e-05,0.000915,90601.32,0.002686,1,20,0.0,0.0,0.0,0.0,0.0,0.0,0.7533,15.0655,0.0,0.0
2025-12-13T08:00:00Z,90332.55,90601.32,90332.55,90601.32,90455.51,1805909984875.0,259396123997.0,0.002975,0.002975,90105.01,-0.005478,0,20,0.0,0.0,0.0,0.0,0.0,0.0,1.0174,20.347,0.0,0.0
2025-12-13T12:00:00Z,90350.92,90350.92,90105.01,90105.01,90256.04,1802029174596.0,209371643171.0,-0.002722,0.002722,90119.9,0.000165,1,20,0.0,0.0,0.0,0.0,0.0,0.0,0.8918,17.8353,0.0,0.0
2025-12-13T16:00:00Z,90097.47,90119.9,90056.96,90119.9,90092.57,1798335975077.0,162503686376.0,0.000249,0.000699,90170.69,0.000564,1,20,0.0,0.0,0.0,0.0,0.0,0.0,0.5667,11.3346,0.0,0.0
2025-12-13T20:00:00Z,90189.91,90189.91,90067.13,90170.69,90139.99,1799314393393.0,142530055352.0,-0.000213,0.001361,90288.07,0.001302,1,20,0.0,0.0,0.0,0.0,0.0,0.0,1.0711,21.4213,0.0,0.0
2025-12-14T00:00:00Z,90253.12,90357.27,90253.12,90288.07,90299.12,1802607831287.0,142520885810.0,0.000387,0.001154,90151.98,-0.001507,0,20,0.0,0.0,0.0,0.0,0.0,0.0,0.9851,19.7028,0.0,0.0
2025-12-14T04:00:00Z,90251.74,90251.74,90151.98,90151.98,90200.51,1800599664337.0,188559026132.0,-0.001105,0.001105,89840.81,-0.003452,0,20,0.0,0.0,0.0,0.0,0.0,0.0,1.0602,21.2038,0.0,0.0
2025-12-14T08:00:00Z,90235.19,90235.19,89840.81,89840.81,90065.26,1797996908127.0,155270394308.0,-0.004371,0.004371,89020.13,-0.009135,0,20,0.0,0.0,0.0,0.0,0.0,0.0,1.0428,20.8562,0.0,0.0
2025-12-14T12:00:00Z,89231.75,89395.71,89020.13,89020.13,89239.72,1782246989629.0,176846682545.0,-0.002372,0.004209,88998.91,-0.000238,0,20,0.0,0.0,0.0,0.0,0.0,0.0,1.2664,25.3285,0.0,0.0
2025-12-14T16:00:00Z,89009.26,89009.26,88809.28,88998.91,88906.8,1774273156260.0,143845407764.0,-0.000116,0.002247,88291.27,-0.007951,0,20,0.0,0.0,0.0,0.0,0.0,0.0,0.7346,14.6929,0.0,0.0
2025-12-14T20:00:00Z,88674.6,88674.6,88291.27,88291.27,88505.18,1766493087961.0,140167561058.0,-0.004323,0.004323,89310.04,0.011539,1,20,0.0,0.0,0.0,0.0,0.0,0.0,0.9449,18.8977,0.0,0.0
2025-12-15T00:00:00Z,88230.77,89310.04,88230.77,89310.04,88826.03,1773142442309.0,143879972496.0,0.012232,0.012232,89811.24,0.005612,1,20,0.0,0.0,0.0,0.0,0.0,0.0,0.7838,15.6756,0.0,0.0
2025-12-15T04:00:00Z,89297.37,89811.24,89297.37,89811.24,89585.36,1788424968462.0,148052369349.0,0.005755,0.005755,89869.02,0.000643,1,20,0.0,0.0,0.0,0.0,0.0,0.0,1.1692,23.3838,0.0,0.0
2025-12-15T08:00:00Z,89714.61,89869.02,89714.61,89869.02,89811.55,1793357892109.0,140468763247.0,0.001721,0.001721,87975.79,-0.021067,0,20,0.0,0.0,0.0,0.0,0.0,0.0,0.8795,17.5901,0.0,0.0
2025-12-15T12:00:00Z,89640.5,89699.67,87975.79,87975.79,89188.73,1781042155779.0,132632470667.0,-0.018571,0.019231,86173.55,-0.020486,0,20,0.0,0.0,0.0,0.0,0.0,0.0,1.1246,22.4914,0.0,0.0
2025-12-15T16:00:00Z,86944.64,86944.64,85704.71,86173.55,86299.85,1722265612289.0,178045055216.0,-0.008869,0.014261,86115.31,-0.000676,0,20,0.0,0.0,0.0,0.0,0.0,0.0,0.9406,18.8129,0.0,0.0
2025-12-15T20:00:00Z,86025.87,86217.69,85803.52,86115.31,86040.6,1718326485423.0,202790815154.0,0.00104,0.004815,85950.11,-0.001918,0,20,0.0,0.0,0.0,0.0,0.0,0.0,0.5677,11.3539,0.0,0.0
2025-12-16T00:00:00Z,86413.22,86413.22,85814.25,85950.11,86019.45,1717266903363.0,198246127684.0,-0.005359,0.006931,86515.59,0.006579,1,20,0.0,0.0,0.0,0.0,0.0,0.0,1.2098,24.1954,0.0,0.0
2025-12-16T04:00:00Z,85848.7,86515.59,85830.93,86515.59,86058.01,1717296936764.0,198318498721.0,0.007768,0.007975,86969.78,0.00525,1,20,0.0,0.0,0.0,0.0,0.0,0.0,0.9153,18.3054,0.0,0.0
2025-12-16T08:00:00Z,86036.32,86969.78,86036.32,86969.78,86388.77,1724320379412.0,207792627461.0,0.01085,0.01085,87253.23,0.003259,1,20,0.0,0.0,0.0,0.0,0.0,0.0,1.0233,20.4655,0.0,0.0
2025-12-16T12:00:00Z,87273.02,87273.02,86587.05,87253.23,87069.73,1738511356429.0,223241732994.0,-0.000227,0.00786,87813.41,0.00642,1,20,0.0,0.0,0.0,0.0,0.0,0.0,1.1268,22.5355,0.0,0.0
2025-12-16T16:00:00Z,87882.79,87882.79,87208.39,87813.41,87627.29,1748343720302.0,215649560766.0,-0.00079,0.007674,87752.71,-0.000691,0,19,0.0,0.0,0.0,0.0,0.0,0.0,1.002,19.0383,0.0,0.0
2025-12-16T20:00:00Z,87655.3,87760.14,87597.61,87752.71,87691.44,1751552139079.0,200583697063.0,0.001111,0.001854,87463.04,-0.003301,0,20,0.0,0.0,0.0,0.0,0.0,0.0,0.8869,17.7384,0.0,0.0
2025-12-17T00:00:00Z,87719.68,87719.68,87463.04,87463.04,87560.74,1748284702789.0,185832258847.0,-0.002926,0.002926,86752.67,-0.008122,0,20,0.0,0.0,0.0,0.0,0.0,0.0,1.0545,21.0897,0.0,0.0
2025-12-17T04:00:00Z,87201.55,87201.55,86611.41,86752.67,86820.89,1733518253105.0,180381596669.0,-0.005148,0.006768,86599.01,-0.001771,0,20,0.0,0.0,0.0,0.0,0.0,0.0,1.1597,23.1944,0.0,0.0
2025-12-17T08:00:00Z,86962.89,86962.89,86403.64,86599.01,86594.95,1728065583725.0,173952999822.0,-0.004184,0.006431,89605.99,0.034723,1,20,0.0,0.0,0.0,0.0,0.0,0.0,1.0761,21.5226,0.0,0.0
2025-12-17T12:00:00Z,86981.0,89605.99,86981.0,89605.99,87774.69,1750486547888.0,166538446785.0,0.030179,0.030179,85809.17,-0.042372,0,20,0.0,0.0,0.0,0.0,0.0,0.0,1.0484,20.968,0.0,0.0
2025-12-17T16:00:00Z,87208.74,87208.74,85809.17,85809.17,86575.66,1729718569819.0,185245778848.0,-0.016049,0.016049,86219.03,0.004776,1,20,0.0,0.0,0.0,0.0,0.0,0.0,0.7008,14.0159,0.0,0.0
2025-12-17T20:00:00Z,85988.59,86219.03,85879.53,86219.03,85999.17,1716872838538.0,195193103665.0,0.00268,0.003948,86691.71,0.005482,1,20,0.0,0.0,0.0,0.0,0.0,0.0,0.9732,19.4636,0.0,0.0
2025-12-18T00:00:00Z,86196.82,86691.71,86089.48,86691.71,86304.78,1722286672347.0,195481689766.0,0.005741,0.006987,86587.31,-0.001204,0,20,0.0,0.0,0.0,0.0,0.0,0.0,1.0974,21.947,0.0,0.0
2025-12-18T04:00:00Z,86582.85,86731.73,86384.93,86587.31,86571.71,1728560648919.0,196071276806.0,5.2e-05,0.004005,87240.39,0.007542,1,20,0.0,0.0,0.0,0.0,0.0,0.0,0.9753,19.5053,0.0,0.0
2025-12-18T08:00:00Z,86789.31,87250.01,86789.31,87240.39,87053.89,1737611858861.0,199084963849.0,0.005197,0.005308,88384.71,0.013117,1,20,0.0,0.0,0.0,0.0,0.0,0.0,1.0762,21.5241,0.0,0.0
2025-12-18T12:00:00Z,87244.89,88864.61,87244.89,88384.71,87957.79,1754534598709.0,204157733039.0,0.013065,0.018565,85627.02,-0.031201,0,20,0.0,0.0,0.0,0.0,0.0,0.0,1.0227,20.4537,0.0,0.0
2025-12-18T16:00:00Z,88388.27,88388.27,85627.02,85627.02,87046.95,1738085461238.0,202921819836.0,-0.03124,0.03124,85515.31,-0.001305,0,20,0.0,0.0,0.0,0.0,0.0,0.0,0.8922,17.8437,0.0,0.0
2025-12-18T20:00:00Z,84581.28,85579.63,84581.28,85515.31,85139.76,1700095601433.0,232419188682.0,0.011043,0.011803,85620.56,0.001231,1,20,0.0,0.0,0.0,0.0,0.0,0.0,0.9749,19.4971,0.0,0.0
2025-12-19T00:00:00Z,85450.33,85620.56,85260.29,85620.56,85468.05,1706074240233.0,235081728597.0,0.001992,0.004216,87354.91,0.020256,1,20,0.0,0.0,0.0,0.0,0.0,0.0,1.0662,21.3246,0.0,0.0
2025-12-19T04:00:00Z,86800.34,87354.91,86800.34,87354.91,87046.64,1737398423714.0,250432056359.0,0.006389,0.006389,88212.86,0.009822,1,20,0.0,0.0,0.0,0.0,0.0,0.0,0.9895,19.7904,0.0,0.0
2025-12-19T08:00:00Z,87893.9,88212.86,87893.9,88212.86,88058.37,1757789069366.0,259319712377.0,0.003629,0.003629,88146.41,-0.000753,0,20,0.0,0.0,0.0,0.0,0.0,0.0,1.1445,22.89,0.0,0.0
2025-12-19T12:00:00Z,88155.57,88155.57,87890.46,88146.41,88024.85,1757556388126.0,257287640888.0,-0.000104,0.003007,87199.02,-0.010748,0,20,0.0,0.0,0.0,0.0,0.0,0.0,1.1192,22.384,0.0,0.0
2025-12-19T16:00:00Z,87941.94,88056.98,87199.02,87199.02,87621.86,1748874391700.0,245827884509.0,-0.008448,0.009756,88241.7,0.011957,1,20,0.0,0.0,0.0,0.0,0.0,0.0,1.2064,24.1272,0.0,0.0
2025-12-19T20:00:00Z,87835.8,88241.7,87799.01,88241.7,87956.02,1755824031908.0,211407717892.0,0.004621,0.00504,88170.42,-0.000808,0,20,0.0,0.0,0.0,0.0,0.0,0.0,1.1234,22.4676,0.0,0.0
2025-12-20T00:00:00Z,88103.86,88170.42,87944.88,88170.42,88063.41,1758235558306.0,203390106472.0,0.000755,0.00256,88263.9,0.00106,1,20,0.0,0.0,0.0,0.0,0.0,0.0,0.8951,17.902,0.0,0.0
2025-12-20T04:00:00Z,88181.97,88275.06,88181.97,88263.9,88236.27,1761992833159.0,177788015896.0,0.000929,0.001056,88120.59,-0.001624,0,20,0.0,0.0,0.0,0.0,0.0,0.0,0.8954,17.9072,0.0,0.0
2025-12-20T08:00:00Z,88189.68,88211.49,88120.59,88120.59,88176.35,1760473594467.0,157832238569.0,-0.000783,0.001031,88207.48,0.000986,1,20,0.0,0.0,0.0,0.0,0.0,0.0,1.0057,20.1141,0.0,0.0
2025-12-20T12:00:00Z,88236.72,88236.72,88132.97,88207.48,88196.36,1760943050291.0,141950248488.0,-0.000331,0.001176,88208.8,1.5e-05,1,20,0.0,0.0,0.0,0.0,0.0,0.0,1.0547,21.0946,0.0,0.0
2025-12-20T16:00:00Z,88148.41,88208.8,88102.96,88208.8,88151.58,1759644412063.0,100781487171.0,0.000685,0.001201,88288.46,0.000903,1,20,0.0,0.0,0.0,0.0,0.0,0.0,0.9967,19.9331,0.0,0.0
2025-12-20T20:00:00Z,88197.2,88288.46,88183.68,88288.46,88223.57,1760852385226.0,73567584193.0,0.001035,0.001188,87902.53,-0.004371,0,20,0.0,0.0,0.0,0.0,0.0,0.0,0.9721,19.4424,0.0,0.0
2025-12-21T00:00:00Z,88347.94,88347.94,87902.53,87902.53,88163.95,1759772658097.0,67262273288.0,-0.005042,0.005042,88067.81,0.00188,1,20,0.0,0.0,0.0,0.0,0.0,0.0,1.0411,20.8219,0.0,0.0
2025-12-21T04:00:00Z,88026.57,88096.92,88026.57,88067.81,88057.71,1758110303714.0,66533238919.0,0.000469,0.000799,88630.32,0.006387,1,20,0.0,0.0,0.0,0.0,0.0,0.0,0.9867,19.7344,0.0,0.0
2025-12-21T08:00:00Z,88096.04,88948.66,88096.04,88630.32,88545.59,1767503161602.0,68389594749.0,0.006065,0.009678,88027.29,-0.006804,0,20,0.0,0.0,0.0,0.0,0.0,0.0,0.8294,16.5885,0.0,0.0
2025-12-21T12:00:00Z,88565.64,88565.64,87655.16,88027.29,88202.52,1761120743309.0,75362638367.0,-0.006079,0.01028,88427.25,0.004544,1,20,0.0,0.0,0.0,0.0,0.0,0.0,1.037,20.7396,0.0,0.0
2025-12-21T16:00:00Z,88082.42,88427.25,88082.42,88427.25,88283.91,1761829257089.0,82267642568.0,0.003915,0.003915,88466.39,0.000443,1,20,0.0,0.0,0.0,0.0,0.0,0.0,1.2544,25.0877,0.0,0.0
2025-12-21T20:00:00Z,88459.81,88466.39,88106.67,88466.39,88307.51,1763137773272.0,85519394290.0,7.4e-05,0.004067,88434.57,-0.00036,0,20,0.0,0.0,0.0,0.0,0.0,0.0,0.9988,19.9756,0.0,0.0
2025-12-22T00:00:00Z,88672.33,88672.33,88434.57,88434.57,88584.61,1769780417637.0,98024913202.0,-0.002681,0.002681,88944.8,0.00577,1,20,0.0,0.0,0.0,0.0,0.0,0.0,1.0807,21.6136,0.0,0.0
2025-12-22T04:00:00Z,88683.96,88944.8,88683.96,88944.8,88828.99,1773618892540.0,108434617074.0,0.002941,0.002941,89719.55,0.00871,1,20,0.0,0.0,0.0,0.0,0.0,0.0,1.0758,21.5153,0.0,0.0
2025-12-22T08:00:00Z,89102.18,89759.27,89102.18,89719.55,89466.81,1786069331740.0,118735718581.0,0.006929,0.007375,90069.33,0.003899,1,20,0.0,0.0,0.0,0.0,0.0,0.0,1.1382,22.7631,0.0,0.0
2025-12-22T12:00:00Z,89932.45,90168.94,89882.06,90069.33,90013.2,1797181482715.0,129532520302.0,0.001522,0.00319,89141.17,-0.010305,0,20,0.0,0.0,0.0,0.0,0.0,0.0,0.8333,16.6651,0.0,0.0
2025-12-22T16:00:00Z,89748.71,89748.71,89141.17,89141.17,89409.75,1786051564102.0,150066154484.0,-0.006769,0.006769,88604.75,-0.006018,0,20,0.0,0.0,0.0,0.0,0.0,0.0,1.0377,20.754,0.0,0.0
2025-12-22T20:00:00Z,88035.96,88604.75,88035.96,88604.75,88309.67,1763591578745.0,165035573583.0,0.006461,0.006461,88176.44,-0.004834,0,20,0.0,0.0,0.0,0.0,0.0,0.0,0.9989,19.9773,0.0,0.0
2025-12-23T00:00:00Z,88491.12,88741.54,88176.44,88176.44,88469.81,1766726107561.0,161659165346.0,-0.003556,0.006386,87408.0,-0.008715,0,20,0.0,0.0,0.0,0.0,0.0,0.0,1.1147,22.2932,0.0,0.0
2025-12-23T04:00:00Z,88197.33,88197.33,87408.0,87408.0,87811.64,1752977507511.0,160661531711.0,-0.00895,0.00895,87527.84,0.001371,1,20,0.0,0.0,0.0,0.0,0.0,0.0,1.0585,21.1691,0.0,0.0
2025-12-23T08:00:00Z,87541.13,87541.13,87411.24,87527.84,87486.06,1747046210072.0,193325639103.0,-0.000152,0.001484,87152.74,-0.004286,0,20,0.0,0.0,0.0,0.0,0.0,0.0,0.8654,17.307,0.0,0.0
2025-12-23T12:00:00Z,87792.52,87792.52,87152.74,87152.74,87561.46,1747809805134.0,167710703168.0,-0.007287,0.007287,87941.59,0.009051,1,20,0.0,0.0,0.0,0.0,0.0,0.0,0.9677,19.3547,0.0,0.0
2025-12-23T16:00:00Z,87356.97,87964.31,87356.97,87941.59,87663.63,1750787453185.0,170275434192.0,0.006692,0.006952,87350.52,-0.006721,0,20,0.0,0.0,0.0,0.0,0.0,0.0,0.9929,19.8578,0.0,0.0
2025-12-23T20:00:00Z,87711.62,87711.62,87350.52,87350.52,87611.88,1749672270157.0,171093151561.0,-0.004117,0.004117,87098.64,-0.002884,0,20,0.0,0.0,0.0,0.0,0.0,0.0,1.0166,20.3325,0.0,0.0
2025-12-24T00:00:00Z,87496.15,87576.76,87098.64,87098.64,87434.97,1745260437127.0,192077120874.0,-0.004543,0.005464,86953.96,-0.001661,0,20,0.0,0.0,0.0,0.0,0.0,0.0,1.0716,21.4326,0.0,0.0
2025-12-24T04:00:00Z,87287.04,87287.04,86901.83,86953.96,87061.45,1738757281843.0,186609156151.0,-0.003816,0.004413,87032.39,0.000902,1,20,0.0,0.0,0.0,0.0,0.0,0.0,0.8939,17.8787,0.0,0.0
2025-12-24T08:00:00Z,86897.94,87032.39,86744.95,87032.39,86857.64,1734967502711.0,151232117312.0,0.001547,0.003308,87021.17,-0.000129,0,20,0.0,0.0,0.0,0.0,0.0,0.0,0.8958,17.9159,0.0,0.0
2025-12-24T12:00:00Z,87167.51,87377.76,87021.17,87021.17,87205.02,1741381758773.0,145106101107.0,-0.001679,0.004091,87423.5,0.004623,1,20,0.0,0.0,0.0,0.0,0.0,0.0,1.1887,23.7745,0.0,0.0
2025-12-24T16:00:00Z,86946.66,87423.5,86946.66,87423.5,87212.4,1741763820519.0,136628185314.0,0.005484,0.005484,87941.71,0.005928,1,20,0.0,0.0,0.0,0.0,0.0,0.0,0.9543,19.0857,0.0,0.0
2025-12-24T20:00:00Z,87498.39,87941.71,87498.39,87941.71,87644.22,1749892211192.0,120661007349.0,0.005067,0.005067,87826.55,-0.00131,0,20,0.0,0.0,0.0,0.0,0.0,0.0,1.1158,22.3151,0.0,0.0
2025-12-25T00:00:00Z,87589.02,87826.55,87504.67,87826.55,87636.21,1749996586545.0,110364440170.0,0.002712,0.003675,87745.16,-0.000927,0,20,0.0,0.0,0.0,0.0,0.0,0.0,0.7519,15.0387,0.0,0.0
2025-12-25T04:00:00Z,87787.45,87787.45,87695.31,87745.16,87738.61,1752005826124.0,102266014144.0,-0.000482,0.00105,87352.87,-0.004471,0,20,0.0,0.0,0.0,0.0,0.0,0.0,1.088,21.7591,0.0,0.0
2025-12-25T08:00:00Z,87792.01,87792.01,87352.87,87352.87,87528.49,1747534588037.0,97859360733.0,-0.005002,0.005002,87688.24,0.003839,1,19,0.0,0.0,0.0,0.0,0.0,0.0,0.9501,18.0513,0.0,0.0
2025-12-25T12:00:00Z,87471.53,87688.24,87471.53,87688.24,87563.99,1748203174406.0,94681997986.0,0.002478,0.002478,88180.4,0.005613,1,20,0.0,0.0,0.0,0.0,0.0,0.0,0.9307,18.6149,0.0,0.0
2025-12-25T16:00:00Z,88309.94,88309.94,88032.85,88180.4,88160.06,1760218783659.0,87787884583.0,-0.001467,0.003138,87535.28,-0.007316,0,20,0.0,0.0,0.0,0.0,0.0,0.0,1.018,20.3599,0.0,0.0
2025-12-25T20:00:00Z,88087.48,88087.48,87535.28,87535.28,87819.84,1753535168772.0,84871856494.0,-0.006269,0.006269,89180.44,0.018794,1,20,0.0,0.0,0.0,0.0,0.0,0.0,0.9679,19.3584,0.0,0.0
2025-12-26T00:00:00Z,87192.23,89180.44,87065.34,89180.44,87702.12,1751028586298.0,99813664179.0,0.022803,0.024258,89107.92,-0.000813,0,20,0.0,0.0,0.0,0.0,0.0,0.0,0.9586,19.1712,0.0,0.0
2025-12-26T04:00:00Z,88731.57,89107.92,88731.57,89107.92,88931.16,1775358791087.0,131774338596.0,0.004241,0.004241,88688.99,-0.004701,0,20,0.0,0.0,0.0,0.0,0.0,0.0,0.7774,15.547,0.0,0.0
2025-12-26T08:00:00Z,88520.98,88758.12,88520.98,88688.99,88657.64,1770407751291.0,148846820337.0,0.001898,0.002679,87522.07,-0.013157,0,20,0.0,0.0,0.0,0.0,0.0,0.0,1.016,20.3193,0.0,0.0
2025-12-26T12:00:00Z,88518.4,88950.88,87522.07,87522.07,88404.03,1765479386704.0,154199051541.0,-0.011256,0.016141,87232.24,-0.003312,0,20,0.0,0.0,0.0,0.0,0.0,0.0,0.8159,16.3187,0.0,0.0
2025-12-26T16:00:00Z,87068.9,87246.35,87068.9,87232.24,87181.01,1740041028983.0,186826068948.0,0.001876,0.002038,87457.38,0.002581,1,20,0.0,0.0,0.0,0.0,0.0,0.0,1.065,21.3002,0.0,0.0
2025-12-26T20:00:00Z,87455.09,87541.23,87447.21,87457.38,87475.23,1746281063459.0,193522351815.0,2.6e-05,0.001075,87385.78,-0.000819,0,20,0.0,0.0,0.0,0.0,0.0,0.0,1.046,20.9201,0.0,0.0
2025-12-27T00:00:00Z,87305.96,87410.6,87305.96,87385.78,87358.54,1744183851886.0,179511468645.0,0.000914,0.001199,87412.25,0.000303,1,20,0.0,0.0,0.0,0.0,0.0,0.0,0.978,19.5604,0.0,0.0
2025-12-27T04:00:00Z,87449.49,87449.56,87412.25,87412.25,87431.18,1745735398398.0,147274377607.0,-0.000426,0.000427,87450.21,0.000434,1,20,0.0,0.0,0.0,0.0,0.0,0.0,1.0687,21.374,0.0,0.0
2025-12-27T08:00:00Z,87500.56,87561.28,87450.21,87450.21,87509.72,1747408808442.0,126531178874.0,-0.000575,0.001269,87492.23,0.000481,1,20,0.0,0.0,0.0,0.0,0.0,0.0,1.2163,24.3264,0.0,0.0
2025-12-27T12:00:00Z,87441.65,87492.23,87414.05,87492.23,87444.33,1746034759746.0,118972816882.0,0.000579,0.000894,87426.16,-0.000755,0,20,0.0,0.0,0.0,0.0,0.0,0.0,1.0072,20.1432,0.0,0.0
2025-12-27T16:00:00Z,87522.28,87522.28,87426.16,87426.16,87481.97,1746783955118.0,74086940680.0,-0.001098,0.001098,87534.31,0.001237,1,20,0.0,0.0,0.0,0.0,0.0,0.0,0.9161,18.3226,0.0,0.0
2025-12-27T20:00:00Z,87521.26,87610.05,87501.81,87534.31,87541.85,1747989676804.0,62503899911.0,0.000149,0.001237,87754.76,0.002518,1,20,0.0,0.0,0.0,0.0,0.0,0.0,0.9238,18.4761,0.0,0.0
2025-12-28T00:00:00Z,87807.0,87807.0,87723.84,87754.76,87771.93,1752754551272.0,62964051741.0,-0.000595,0.000947,87670.63,-0.000959,0,20,0.0,0.0,0.0,0.0,0.0,0.0,0.9607,19.2147,0.0,0.0
2025-12-28T04:00:00Z,87667.95,87670.63,87591.9,87670.63,87648.28,1750395315229.0,63530357093.0,3.1e-05,0.000898,87814.34,0.001639,1,20,0.0,0.0,0.0,0.0,0.0,0.0,0.9896,19.7918,0.0,0.0
2025-12-28T08:00:00Z,87671.89,87814.34,87671.89,87814.34,87740.36,1751907246749.0,61834047229.0,0.001625,0.001625,87838.5,0.000275,1,20,0.0,0.0,0.0,0.0,0.0,0.0,1.0812,21.6237,0.0,0.0
2025-12-28T12:00:00Z,87815.49,87838.5,87772.48,87838.5,87813.7,1753653106360.0,62182068057.0,0.000262,0.000752,87544.32,-0.003349,0,20,0.0,0.0,0.0,0.0,0.0,0.0,1.0294,20.5889,0.0,0.0
2025-12-28T16:00:00Z,87785.47,87785.47,87544.32,87544.32,87696.29,1751277657330.0,63836566696.0,-0.002747,0.002747,87873.96,0.003765,1,20,0.0,0.0,0.0,0.0,0.0,0.0,0.9329,18.6585,0.0,0.0
2025-12-28T20:00:00Z,87478.52,87873.96,87464.64,87873.96,87581.45,1748832303944.0,68306610809.0,0.00452,0.004679,89102.95,0.013986,1,20,0.0,0.0,0.0,0.0,0.0,0.0,1.1135,22.2697,0.0,0.0
2025-12-29T00:00:00Z,87867.04,89102.95,87867.04,89102.95,88398.5,1765369285089.0,78103830194.0,0.014066,0.014066,89708.93,0.006801,1,20,0.0,0.0,0.0,0.0,0.0,0.0,1.0034,20.069,0.0,0.0
2025-12-29T04:00:00Z,90018.72,90064.22,89708.93,89708.93,89920.37,1795747510538.0,118161758822.0,-0.003441,0.003947,87694.99,-0.02245,0,20,0.0,0.0,0.0,0.0,0.0,0.0,0.9952,19.9042,0.0,0.0
2025-12-29T08:00:00Z,89526.09,89526.09,87694.99,87694.99,88662.01,1769952242556.0,148540049548.0,-0.020453,0.020453,87325.36,-0.004215,0,20,0.0,0.0,0.0,0.0,0.0,0.0,0.7457,14.9145,0.0,0.0
2025-12-29T12:00:00Z,87483.28,87483.28,87241.81,87325.36,87348.3,1744357182167.0,178395798296.0,-0.001805,0.00276,87356.67,0.000359,1,20,0.0,0.0,0.0,0.0,0.0,0.0,1.1219,22.4378,0.0,0.0
2025-12-29T16:00:00Z,87596.13,87722.49,87356.67,87356.67,87560.85,1748380328703.0,204118109358.0,-0.002734,0.004176,87283.31,-0.00084,0,20,0.0,0.0,0.0,0.0,0.0,0.0,0.8229,16.4578,0.0,0.0
2025-12-29T20:00:00Z,87250.67,87283.31,87165.57,87283.31,87230.1,1741827464069.0,213855261313.0,0.000374,0.001349,86979.26,-0.003483,0,20,0.0,0.0,0.0,0.0,0.0,0.0,1.0424,20.8471,0.0,0.0
2025-12-30T00:00:00Z,87154.68,87177.58,86979.26,86979.26,87113.74,1739530054476.0,207157844408.0,-0.002013,0.002275,87304.98,0.003745,1,20,0.0,0.0,0.0,0.0,0.0,0.0,0.9296,18.592,0.0,0.0
2025-12-30T04:00:00Z,87265.17,87304.98,87121.05,87304.98,87225.1,1741975216299.0,176857628525.0,0.000456,0.002108,87819.06,0.005888,1,20,0.0,0.0,0.0,0.0,0.0,0.0,0.9329,18.658,0.0,0.0
2025-12-30T08:00:00Z,87385.2,87961.62,87385.2,87819.06,87726.75,1751688820831.0,160671539974.0,0.004965,0.006596,88830.02,0.011512,1,20,0.0,0.0,0.0,0.0,0.0,0.0,1.1134,22.2689,0.0,0.0
2025-12-30T12:00:00Z,87856.12,88830.02,87856.12,88830.02,88129.9,1759504862453.0,144810621501.0,0.011085,0.011085,88222.78,-0.006836,0,20,0.0,0.0,0.0,0.0,0.0,0.0,1.0518,21.037,0.0,0.0
2025-12-30T16:00:00Z,88957.44,88957.44,88222.78,88222.78,88534.89,1767898061112.0,157249985959.0,-0.008259,0.008259,88352.7,0.001473,1,20,0.0,0.0,0.0,0.0,0.0,0.0,0.9576,19.151,0.0,0.0
2025-12-30T20:00:00Z,88144.66,88352.7,87820.99,88352.7,88123.78,1759720984809.0,159197259962.0,0.00236,0.006032,88621.11,0.003038,1,20,0.0,0.0,0.0,0.0,0.0,0.0,1.0278,20.5551,0.0,0.0
2025-12-31T00:00:00Z,88363.72,88621.11,88155.44,88621.11,88421.0,1765867212416.0,160167148093.0,0.002913,0.00527,88401.76,-0.002475,0,20,0.0,0.0,0.0,0.0,0.0,0.0,0.9409,18.8186,0.0,0.0
2025-12-31T04:00:00Z,88333.36,88401.76,88272.11,88401.76,88340.55,1764370730165.0,156052836478.0,0.000774,0.001468,88627.58,0.002554,1,20,0.0,0.0,0.0,0.0,0.0,0.0,1.0412,20.8243,0.0,0.0
2025-12-31T08:00:00Z,88536.64,88627.58,88322.59,88627.58,88517.8,1767531129664.0,149608804113.0,0.001027,0.003445,88341.78,-0.003225,0,20,0.0,0.0,0.0,0.0,0.0,0.0,0.8434,16.8673,0.0,0.0
2025-12-31T12:00:00Z,88880.01,88880.01,88341.78,88341.78,88691.61,1771020363685.0,150890645269.0,-0.006056,0.006056,87611.88,-0.008262,0,20,0.0,0.0,0.0,0.0,0.0,0.0,0.9854,19.7084,0.0,0.0
2025-12-31T16:00:00Z,87934.37,87934.37,87526.24,87611.88,87654.96,1750363013073.0,146686224433.0,-0.003667,0.004641,87568.19,-0.000499,0,20,0.0,0.0,0.0,0.0,0.0,0.0,0.9626,19.2516,0.0,0.0
2025-12-31T20:00:00Z,87409.56,87688.6,87409.56,87568.19,87548.82,1748577514051.0,148567071439.0,0.001815,0.003192,87762.44,0.002218,1,20,0.0,0.0,0.0,0.0,0.0,0.0,1.3889,27.7789,0.0,0.0
2026-01-01T00:00:00Z,87517.27,87805.11,87517.27,87762.44,87690.79,1751454311222.0,147351427748.0,0.002801,0.003289,87519.95,-0.002763,0,20,0.0,0.0,0.0,0.0,0.0,0.0,0.8728,17.4555,0.0,0.0
2026-01-01T04:00:00Z,87707.35,87707.35,87483.9,87519.95,87568.52,1748632175636.0,143601123162.0,-0.002137,0.002548,87725.97,0.002354,1,20,0.0,0.0,0.0,0.0,0.0,0.0,0.9262,18.5233,0.0,0.0
2026-01-01T08:00:00Z,87491.83,87741.73,87491.83,87725.97,87647.41,1750225081242.0,139576911029.0,0.002676,0.002856,87843.34,0.001338,1,20,0.0,0.0,0.0,0.0,0.0,0.0,1.2403,24.8052,0.0,0.0
2026-01-01T12:00:00Z,87884.2,87884.2,87773.23,87843.34,87824.75,1753775099466.0,126110047509.0,-0.000465,0.001263,88064.16,0.002514,1,20,0.0,0.0,0.0,0.0,0.0,0.0,1.2237,24.4747,0.0,0.0
2026-01-01T16:00:00Z,87902.03,88226.77,87874.08,88064.16,88016.76,1757600435708.0,98703660312.0,0.001844,0.004012,88587.35,0.005941,1,20,0.0,0.0,0.0,0.0,0.0,0.0,1.111,22.2197,0.0,0.0
2026-01-01T20:00:00Z,88231.04,88587.35,88150.35,88587.35,88309.22,1763405088037.0,85066138537.0,0.004038,0.004953,88496.25,-0.001028,0,20,0.0,0.0,0.0,0.0,0.0,0.0,1.1399,22.7981,0.0,0.0
2026-01-02T00:00:00Z,88727.67,88737.78,88496.25,88496.25,88622.05,1769468666903.0,86225230856.0,-0.002608,0.002722,88861.21,0.004124,1,20,0.0,0.0,0.0,0.0,0.0,0.0,0.9829,19.6583,0.0,0.0
2026-01-02T04:00:00Z,88979.05,88979.05,88532.36,88861.21,88752.63,1772913117299.0,93256429121.0,-0.001324,0.00502,89510.66,0.007309,1,20,0.0,0.0,0.0,0.0,0.0,0.0,0.849,16.9806,0.0,0.0
2026-01-02T08:00:00Z,88765.51,89510.66,88765.51,89510.66,89155.6,1780346599802.0,103956925780.0,0.008395,0.008395,89598.28,0.000979,1,20,0.0,0.0,0.0,0.0,0.0,0.0,1.0093,20.1854,0.0,0.0
2026-01-02T12:00:00Z,89400.12,89598.28,89325.1,89598.28,89435.24,1786817665930.0,126968712998.0,0.002217,0.003056,89625.92,0.000308,1,20,0.0,0.0,0.0,0.0,0.0,0.0,1.1137,22.2746,0.0,0.0
2026-01-02T16:00:00Z,89512.15,90290.53,89512.15,89625.92,89896.9,1794116547415.0,177680997833.0,0.001271,0.008696,90225.0,0.006684,1,20,0.0,0.0,0.0,0.0,0.0,0.0,1.1522,23.0434,0.0,0.0
2026-01-02T20:00:00Z,89894.28,90225.0,89615.76,90225.0,89945.78,1796727771974.0,203322565237.0,0.003679,0.006777,90293.92,0.000764,1,20,0.0,0.0,0.0,0.0,0.0,0.0,0.8853,17.7053,0.0,0.0
2026-01-03T00:00:00Z,89926.28,90293.92,89926.28,90293.92,90116.66,1799996772593.0,201695195307.0,0.004088,0.004088,89823.97,-0.005205,0,20,0.0,0.0,0.0,0.0,0.0,0.0,1.0188,20.377,0.0,0.0
2026-01-03T04:00:00Z,90284.78,90284.78,89823.97,89823.97,90048.21,1798226070998.0,191790719206.0,-0.005104,0.005104,89769.02,-0.000612,0,20,0.0,0.0,0.0,0.0,0.0,0.0,1.0613,21.2266,0.0,0.0
2026-01-03T08:00:00Z,89537.63,89804.08,89537.63,89769.02,89696.48,1791420269986.0,196625382032.0,0.002584,0.002976,90039.77,0.003016,1,20,0.0,0.0,0.0,0.0,0.0,0.0,0.6047,12.0948,0.0,0.0
2026-01-03T12:00:00Z,89687.82,90039.77,89687.82,90039.77,89897.78,1795466242378.0,177315720015.0,0.003924,0.003924,90090.62,0.000565,1,20,0.0,0.0,0.0,0.0,0.0,0.0,1.2547,25.0945,0.0,0.0
2026-01-03T16:00:00Z,89924.09,90109.36,89924.09,90090.62,90041.06,1798259635222.0,124531619159.0,0.001852,0.00206,90546.23,0.005057,1,20,0.0,0.0,0.0,0.0,0.0,0.0,1.0471,20.9412,0.0,0.0
2026-01-03T20:00:00Z,90070.79,90546.23,90070.79,90546.23,90341.91,1803979584954.0,96193747468.0,0.005279,0.005279,91087.99,0.005983,1,20,0.0,0.0,0.0,0.0,0.0,0.0,0.9153,18.3053,0.0,0.0
2026-01-04T00:00:00Z,90593.85,91321.03,90593.85,91087.99,91031.65,1817277241810.0,103012787504.0,0.005454,0.008027,91311.35,0.002452,1,20,0.0,0.0,0.0,0.0,0.0,0.0,0.6688,13.3757,0.0,0.0
2026-01-04T04:00:00Z,91203.93,91391.95,91203.93,91311.35,91324.75,1824321970466.0,107376863842.0,0.001178,0.002061,91537.89,0.002481,1,20,0.0,0.0,0.0,0.0,0.0,0.0,0.6525,13.0504,0.0,0.0
2026-01-04T08:00:00Z,91426.51,91537.89,91330.2,91537.89,91416.08,1825280154353.0,111169877873.0,0.001218,0.002272,91288.03,-0.00273,0,20,0.0,0.0,0.0,0.0,0.0,0.0,0.8423,16.8466,0.0,0.0
2026-01-04T12:00:00Z,91213.1,91288.03,91113.96,91288.03,91206.46,1821445219180.0,119119932449.0,0.000821,0.001908,91143.35,-0.001585,0,20,0.0,0.0,0.0,0.0,0.0,0.0,0.9481,18.9618,0.0,0.0
2026-01-04T16:00:00Z,91264.45,91324.95,91143.35,91143.35,91253.55,1822656073196.0,122446089712.0,-0.001327,0.00199,91138.84,-5e-05,0,20,0.0,0.0,0.0,0.0,0.0,0.0,0.9306,18.6123,0.0,0.0
2026-01-04T20:00:00Z,91104.38,91276.91,91104.38,91138.84,91185.11,1821306780066.0,126084958028.0,0.000378,0.001894,92999.33,0.020414,1,20,0.0,0.0,0.0,0.0,0.0,0.0,0.9464,18.9283,0.0,0.0
2026-01-05T00:00:00Z,91373.22,92999.33,91373.22,92999.33,92400.25,1845361868089.0,135905491756.0,0.017796,0.017796,92474.87,-0.005639,0,20,0.0,0.0,0.0,0.0,0.0,0.0,1.1513,23.0258,0.0,0.0
2026-01-05T04:00:00Z,92857.97,92857.97,92320.3,92474.87,92549.66,1848464246456.0,151796894635.0,-0.004126,0.00579,93060.23,0.00633,1,20,0.0,0.0,0.0,0.0,0.0,0.0,1.0857,21.7143,0.0,0.0
2026-01-05T08:00:00Z,92481.03,93060.23,92433.95,93060.23,92654.25,1850327798283.0,149981604618.0,0.006263,0.006772,93404.61,0.003701,1,20,0.0,0.0,0.0,0.0,0.0,0.0,0.9439,18.878,0.0,0.0
2026-01-05T12:00:00Z,93082.76,93404.61,92718.95,93404.61,93005.96,1856603733452.0,157575323831.0,0.003458,0.007366,94420.78,0.010879,1,20,0.0,0.0,0.0,0.0,0.0,0.0,1.0818,21.6363,0.0,0.0
2026-01-05T16:00:00Z,93824.83,94420.78,93681.98,94420.78,94025.49,1878118319051.0,201629103694.0,0.006352,0.007874,94172.17,-0.002633,0,20,0.0,0.0,0.0,0.0,0.0,0.0,1.0036,20.0726,0.0,0.0
2026-01-05T20:00:00Z,94264.92,94264.92,94154.53,94172.17,94186.75,1880668853083.0,231680658752.0,-0.000984,0.001171,93608.49,-0.005986,0,20,0.0,0.0,0.0,0.0,0.0,0.0,0.9741,19.4823,0.0,0.0
2026-01-06T00:00:00Z,93864.98,93864.98,93608.49,93608.49,93765.64,1872740726110.0,219190812089.0,-0.002733,0.002733,93735.11,0.001353,1,20,0.0,0.0,0.0,0.0,0.0,0.0,1.0294,20.5878,0.0,0.0
2026-01-06T04:00:00Z,93753.71,93780.68,93569.03,93735.11,93709.63,1871893308211.0,204619514388.0,-0.000198,0.002258,93537.21,-0.002111,0,20,0.0,0.0,0.0,0.0,0.0,0.0,1.0385,20.7691,0.0,0.0
2026-01-06T08:00:00Z,93211.38,93537.21,93205.3,93537.21,93356.27,1864477708775.0,205206094614.0,0.003496,0.003561,93752.27,0.002299,1,20,0.0,0.0,0.0,0.0,0.0,0.0,1.174,23.4794,0.0,0.0
2026-01-06T12:00:00Z,93805.62,93805.62,93698.28,93752.27,93763.83,1871896667454.0,200268811900.0,-0.000569,0.001144,91970.91,-0.019001,0,20,0.0,0.0,0.0,0.0,0.0,0.0,1.0154,20.309,0.0,0.0
2026-01-06T16:00:00Z,93430.08,93430.08,91544.95,91970.91,92391.45,1844755433507.0,209576958120.0,-0.015618,0.020177,93215.18,0.013529,1,20,0.0,0.0,0.0,0.0,0.0,0.0,1.0122,20.2448,0.0,0.0
2026-01-06T20:00:00Z,92063.89,93250.31,92063.89,93215.18,92743.26,1852443998776.0,220930319529.0,0.012505,0.012887,92911.47,-0.003258,0,20,0.0,0.0,0.0,0.0,0.0,0.0,1.1095,22.1909,0.0,0.0
2026-01-07T00:00:00Z,93646.72,93646.72,92383.71,92911.47,92925.25,1855864924154.0,236071697141.0,-0.007851,0.013487,92593.31,-0.003424,0,20,0.0,0.0,0.0,0.0,0.0,0.0,1.0525,21.05,0.0,0.0
2026-01-07T04:00:00Z,92753.62,92753.62,92479.14,92593.31,92607.64,1850108292623.0,243319184077.0,-0.001728,0.002959,91889.4,-0.007602,0,20,0.0,0.0,0.0,0.0,0.0,0.0,0.9746,19.4922,0.0,0.0
2026-01-07T08:00:00Z,92820.22,92820.22,91646.64,91889.4,92249.05,1842436279985.0,239880046718.0,-0.010028,0.012644,91913.84,0.000266,1,20,0.0,0.0,0.0,0.0,0.0,0.0,1.0805,21.6102,0.0,0.0
2026-01-07T12:00:00Z,92090.67,92090.67,91913.84,91913.84,91987.92,1837848734021.0,246718382672.0,-0.00192,0.00192,90795.42,-0.012168,0,20,0.0,0.0,0.0,0.0,0.0,0.0,0.97,19.4007,0.0,0.0
2026-01-07T16:00:00Z,91327.46,91327.46,90795.42,90795.42,91132.32,1821291307003.0,223636577698.0,-0.005826,0.005826,91109.2,0.003456,1,20,0.0,0.0,0.0,0.0,0.0,0.0,0.6058,12.1157,0.0,0.0
2026-01-07T20:00:00Z,91112.86,91112.86,90942.82,91109.2,91041.06,1818602616689.0,198307735298.0,-4e-05,0.001866,90851.58,-0.002828,0,20,0.0,0.0,0.0,0.0,0.0,0.0,0.9829,19.6588,0.0,0.0
2026-01-08T00:00:00Z,91279.57,91326.28,90851.58,90851.58,91192.72,1821508402327.0,181550996633.0,-0.004689,0.0052,89801.88,-0.011554,0,20,0.0,0.0,0.0,0.0,0.0,0.0,0.9214,18.427,0.0,0.0
2026-01-08T04:00:00Z,90651.93,90908.12,89801.88,89801.88,90517.96,1808850399216.0,177075664594.0,-0.009377,0.012203,90336.85,0.005957,1,20,0.0,0.0,0.0,0.0,0.0,0.0,0.9172,18.3444,0.0,0.0
2026-01-08T08:00:00Z,90436.9,90436.9,89953.97,90336.85,90210.21,1801550336537.0,190740716130.0,-0.001106,0.00534,89832.69,-0.005581,0,20,0.0,0.0,0.0,0.0,0.0,0.0,0.9487,18.9731,0.0,0.0
2026-01-08T12:00:00Z,90102.42,90102.42,89799.63,89832.69,89899.3,1795665076694.0,192970827690.0,-0.002994,0.003361,90971.51,0.012677,1,20,0.0,0.0,0.0,0.0,0.0,0.0,0.6565,13.1294,0.0,0.0
2026-01-08T16:00:00Z,90756.33,91280.78,90756.33,90971.51,90960.99,1816174149894.0,195479926715.0,0.002371,0.005779,91144.09,0.001897,1,20,0.0,0.0,0.0,0.0,0.0,0.0,1.1775,23.5501,0.0,0.0
2026-01-08T20:00:00Z,90778.54,91186.03,90778.54,91144.09,90988.67,1817627519587.0,194779956719.0,0.004027,0.004489,90994.72,-0.001639,0,20,0.0,0.0,0.0,0.0,0.0,0.0,1.0205,20.4108,0.0,0.0
2026-01-09T00:00:00Z,91006.18,91191.15,90958.34,90994.72,91037.6,1818315176939.0,192956437845.0,-0.000126,0.002558,91008.34,0.00015,1,20,0.0,0.0,0.0,0.0,0.0,0.0,0.9862,19.7249,0.0,0.0
2026-01-09T04:00:00Z,91102.68,91102.68,90914.96,91008.34,90989.37,1817398749546.0,183817917380.0,-0.001036,0.002061,90415.79,-0.006511,0,20,0.0,0.0,0.0,0.0,0.0,0.0,0.9964,19.9281,0.0,0.0
2026-01-09T08:00:00Z,90671.47,90671.47,89875.94,90415.79,90295.28,1803258814994.0,173419245379.0,-0.00282,0.008774,90014.43,-0.004439,0,20,0.0,0.0,0.0,0.0,0.0,0.0,1.1031,22.0613,0.0,0.0
2026-01-09T12:00:00Z,90375.88,90523.67,90014.43,90014.43,90317.65,1804460311571.0,169717680664.0,-0.003999,0.005635,90576.41,0.006243,1,20,0.0,0.0,0.0,0.0,0.0,0.0,1.0728,21.4569,0.0,0.0
2026-01-09T16:00:00Z,91106.58,91516.65,90576.41,90576.41,91128.89,1820553886928.0,178861691328.0,-0.005819,0.01032,90501.13,-0.000831,0,20,0.0,0.0,0.0,0.0,0.0,0.0,1.1225,22.4501,0.0,0.0
2026-01-09T20:00:00Z,90184.18,90501.13,90181.27,90501.13,90312.16,1804203931561.0,176809040339.0,0.003514,0.003547,90563.21,0.000686,1,19,0.0,0.0,0.0,0.0,0.0,0.0,1.0334,19.6343,0.0,0.0
2026-01-10T00:00:00Z,90513.11,90584.38,90479.05,90563.21,90534.94,1808058078008.0,168746378029.0,0.000553,0.001164,90411.41,-0.001676,0,20,0.0,0.0,0.0,0.0,0.0,0.0,0.6478,12.9553,0.0,0.0
2026-01-10T04:00:00Z,90516.42,90516.42,90337.11,90411.41,90435.51,1806338355443.0,159582765664.0,-0.00116,0.001981,90706.43,0.003263,1,20,0.0,0.0,0.0,0.0,0.0,0.0,0.9164,18.3281,0.0,0.0
2026-01-10T08:00:00Z,90550.13,90706.43,90536.31,90706.43,90604.84,1809680818631.0,146468833190.0,0.001726,0.001879,90457.59,-0.002743,0,20,0.0,0.0,0.0,0.0,0.0,0.0,1.0215,20.4308,0.0,0.0
2026-01-10T12:00:00Z,90610.95,90615.83,90457.59,90457.59,90554.95,1808702069308.0,127069527341.0,-0.001692,0.001746,90467.63,0.000111,1,20,0.0,0.0,0.0,0.0,0.0,0.0,1.0665,21.3296,0.0,0.0
2026-01-10T16:00:00Z,90543.9,90562.08,90435.07,90467.63,90502.17,1807786763985.0,81328353345.0,-0.000842,0.001403,90363.86,-0.001147,0,20,0.0,0.0,0.0,0.0,0.0,0.0,1.0121,20.2424,0.0,0.0
2026-01-10T20:00:00Z,90510.83,90510.83,90363.86,90363.86,90428.2,1806283031964.0,59603863546.0,-0.001624,0.001624,90592.97,0.002535,1,20,0.0,0.0,0.0,0.0,0.0,0.0,1.017,20.3404,0.0,0.0
2026-01-11T00:00:00Z,90442.02,90592.97,90442.02,90592.97,90512.09,1807889126962.0,54891547618.0,0.001669,0.001669,90629.49,0.000403,1,20,0.0,0.0,0.0,0.0,0.0,0.0,0.9608,19.2162,0.0,0.0
2026-01-11T04:00:00Z,90606.46,90671.41,90606.46,90629.49,90638.67,1810443141092.0,54260438256.0,0.000254,0.000717,90609.86,-0.000217,0,20,0.0,0.0,0.0,0.0,0.0,0.0,0.9676,19.3519,0.0,0.0
2026-01-11T08:00:00Z,90591.02,90667.37,90591.02,90609.86,90621.63,1810110563561.0,55343119726.0,0.000208,0.000843,90965.75,0.003928,1,20,0.0,0.0,0.0,0.0,0.0,0.0,0.9065,18.1291,0.0,0.0
2026-01-11T12:00:00Z,90594.03,90965.75,90594.03,90965.75,90781.94,1813607320943.0,57649216174.0,0.004103,0.004103,90765.54,-0.002201,0,20,0.0,0.0,0.0,0.0,0.0,0.0,0.872,17.4402,0.0,0.0
2026-01-11T16:00:00Z,90683.21,90910.27,90683.21,90765.54,90801.03,1813497358462.0,64052083796.0,0.000908,0.002504,90438.21,-0.003606,0,20,0.0,0.0,0.0,0.0,0.0,0.0,0.9338,18.6766,0.0,0.0
2026-01-11T20:00:00Z,90568.91,90568.91,90438.21,90438.21,90524.43,1808912331897.0,72903785709.0,-0.001443,0.001443,92107.88,0.018462,1,20,0.0,0.0,0.0,0.0,0.0,0.0,0.6595,13.1891,0.0,0.0
2026-01-12T00:00:00Z,90819.37,92107.88,90819.37,92107.88,91341.65,1824758217504.0,91562910535.0,0.014188,0.014188,91685.53,-0.004585,0,20,0.0,0.0,0.0,0.0,0.0,0.0,1.1248,22.4967,0.0,0.0
2026-01-12T04:00:00Z,91817.82,92050.8,91685.53,91685.53,91888.68,1835456167914.0,116142120324.0,-0.001441,0.003978,90321.6,-0.014876,0,20,0.0,0.0,0.0,0.0,0.0,0.0,0.9017,18.0333,0.0,0.0
2026-01-12T08:00:00Z,91286.86,91286.86,90321.6,90321.6,90702.11,1811178510846.0,132740216805.0,-0.010574,0.010574,90777.48,0.005047,1,20,0.0,0.0,0.0,0.0,0.0,0.0,0.696,13.9204,0.0,0.0
2026-01-12T12:00:00Z,90520.63,90777.48,90520.63,90777.48,90620.72,1810694705072.0,147272433317.0,0.002837,0.002837,91555.82,0.008574,1,20,0.0,0.0,0.0,0.0,0.0,0.0,1.1985,23.9709,0.0,0.0
2026-01-12T16:00:00Z,91573.11,92067.65,91432.2,91555.82,91657.2,1830848522858.0,177227757210.0,-0.000189,0.006939,91152.85,-0.004401,0,20,0.0,0.0,0.0,0.0,0.0,0.0,1.0257,20.5144,0.0,0.0
2026-01-12T20:00:00Z,91771.06,91771.06,91101.08,91152.85,91354.5,1823729242763.0,191661829382.0,-0.006736,0.007301,91030.84,-0.001339,0,20,0.0,0.0,0.0,0.0,0.0,0.0,1.0672,21.3443,0.0,0.0
2026-01-13T00:00:00Z,91134.97,91292.39,91030.84,91030.84,91130.3,1820759888347.0,181427152095.0,-0.001143,0.00287,92041.39,0.011101,1,20,0.0,0.0,0.0,0.0,0.0,0.0,0.492,9.841,0.0,0.0
2026-01-13T04:00:00Z,91287.11,92041.39,91287.11,92041.39,91653.18,1830983133592.0,167414584624.0,0.008263,0.008263,91991.89,-0.000538,0,20,0.0,0.0,0.0,0.0,0.0,0.0,0.8805,17.6109,0.0,0.0
2026-01-13T08:00:00Z,91845.55,92142.92,91845.55,91991.89,92012.25,1838007243199.0,179958165334.0,0.001593,0.003238,92439.18,0.004862,1,20,0.0,0.0,0.0,0.0,0.0,0.0,1.0537,21.0739,0.0,0.0
2026-01-13T12:00:00Z,91920.04,92439.18,91920.04,92439.18,92109.15,1839453081297.0,186346305121.0,0.005648,0.005648,93573.87,0.012275,1,20,0.0,0.0,0.0,0.0,0.0,0.0,1.2091,24.1814,0.0,0.0
2026-01-13T16:00:00Z,93202.18,93623.54,93202.18,93573.87,93402.33,1863821329660.0,198778130712.0,0.003988,0.004521,95724.32,0.022981,1,20,0.0,0.0,0.0,0.0,0.0,0.0,1.0793,21.5854,0.0,0.0
2026-01-13T20:00:00Z,94135.52,95724.32,94070.58,95724.32,94590.12,1888786629411.0,229232016801.0,0.016878,0.017568,95281.6,-0.004625,0,20,0.0,0.0,0.0,0.0,0.0,0.0,0.9655,19.3095,0.0,0.0
2026-01-14T00:00:00Z,95260.44,95281.6,95214.28,95281.6,95247.03,1902412056056.0,274119365817.0,0.000222,0.000707,94919.47,-0.003801,0,20,0.0,0.0,0.0,0.0,0.0,0.0,0.9868,19.7369,0.0,0.0
2026-01-14T04:00:00Z,95671.12,95671.12,94919.47,94919.47,95180.84,1901037349017.0,273039439249.0,-0.007857,0.007857,95117.49,0.002086,1,20,0.0,0.0,0.0,0.0,0.0,0.0,1.0527,21.0539,0.0,0.0
2026-01-14T08:00:00Z,95174.5,95174.5,94872.55,95117.49,95053.27,1898643431820.0,272925714966.0,-0.000599,0.003173,96447.19,0.013979,1,20,0.0,0.0,0.0,0.0,0.0,0.0,0.9638,19.2752,0.0,0.0
2026-01-14T12:00:00Z,94736.56,96447.19,94736.56,96447.19,95288.79,1903083546151.0,271321679607.0,0.018057,0.018057,96770.23,0.003349,1,20,0.0,0.0,0.0,0.0,0.0,0.0,0.6417,12.8347,0.0,0.0
2026-01-14T16:00:00Z,96740.64,97258.43,96740.64,96770.23,96928.31,1936640510282.0,300829891447.0,0.000306,0.005352,96918.07,0.001528,1,20,0.0,0.0,0.0,0.0,0.0,0.0,1.1927,23.8532,0.0,0.0
2026-01-14T20:00:00Z,97243.4,97538.1,96918.07,96918.07,97302.74,1944087013966.0,300521526331.0,-0.003346,0.006376,96316.17,-0.00621,0,20,0.0,0.0,0.0,0.0,0.0,0.0,1.04,20.7992,0.0,0.0
2026-01-15T00:00:00Z,96933.53,96933.53,96316.17,96316.17,96597.74,1929254796921.0,270395466637.0,-0.006369,0.006369,96266.24,-0.000518,0,20,0.0,0.0,0.0,0.0,0.0,0.0,1.0846,21.6912,0.0,0.0
2026-01-15T04:00:00Z,95934.03,96404.04,95934.03,96266.24,96248.81,1921078361029.0,269697320633.0,0.003463,0.004899,96798.16,0.005526,1,20,0.0,0.0,0.0,0.0,0.0,0.0,0.9931,19.8616,0.0,0.0
2026-01-15T08:00:00Z,96544.38,96990.85,96544.38,96798.16,96734.39,1932576602457.0,267436443034.0,0.002629,0.004624,96203.14,-0.006147,0,20,0.0,0.0,0.0,0.0,0.0,0.0,0.9252,18.5046,0.0,0.0
2026-01-15T12:00:00Z,96532.65,96937.8,96203.14,96203.14,96637.15,1929900514616.0,266281807976.0,-0.003413,0.007611,95812.02,-0.004066,0,20,0.0,0.0,0.0,0.0,0.0,0.0,1.0518,21.0362,0.0,0.0
2026-01-15T16:00:00Z,95648.34,96711.7,95648.34,95812.02,96181.63,1921278564776.0,251562306578.0,0.001711,0.011117,95576.1,-0.002462,0,20,0.0,0.0,0.0,0.0,0.0,0.0,0.9984,19.968,0.0,0.0
2026-01-15T20:00:00Z,95447.66,95576.1,95250.98,95576.1,95456.13,1906745041103.0,246252872136.0,0.001346,0.003406,95496.63,-0.000831,0,20,0.0,0.0,0.0,0.0,0.0,0.0,0.9589,19.1788,0.0,0.0
2026-01-16T00:00:00Z,95584.83,95616.39,95496.63,95496.63,95572.95,1909370767409.0,232428504704.0,-0.000923,0.001253,95702.9,0.00216,1,20,0.0,0.0,0.0,0.0,0.0,0.0,0.9647,19.2939,0.0,0.0
2026-01-16T04:00:00Z,95312.14,95702.9,95293.86,95702.9,95482.89,1906363050186.0,222150654865.0,0.0041,0.004292,95259.49,-0.004633,0,20,0.0,0.0,0.0,0.0,0.0,0.0,0.91,18.1999,0.0,0.0
2026-01-16T08:00:00Z,95615.73,95649.48,95259.49,95259.49,95528.67,1908624373628.0,214805849292.0,-0.003726,0.004079,95197.56,-0.00065,0,20,0.0,0.0,0.0,0.0,0.0,0.0,0.9667,19.3348,0.0,0.0
2026-01-16T12:00:00Z,95391.15,95408.76,95197.56,95197.56,95349.77,1905137156275.0,205685920168.0,-0.002029,0.002214,94931.61,-0.002794,0,20,0.0,0.0,0.0,0.0,0.0,0.0,1.2889,25.7773,0.0,0.0
2026-01-16T16:00:00Z,94564.22,94942.2,94564.22,94931.61,94803.18,1893637295623.0,178157572359.0,0.003885,0.003997,95457.21,0.005537,1,20,0.0,0.0,0.0,0.0,0.0,0.0,0.8151,16.3027,0.0,0.0
2026-01-16T20:00:00Z,94928.2,95498.9,94928.2,95457.21,95332.21,1904371762446.0,150422204190.0,0.005573,0.006012,95324.29,-0.001393,0,20,0.0,0.0,0.0,0.0,0.0,0.0,0.9913,19.8269,0.0,0.0
2026-01-17T00:00:00Z,95519.8,95519.8,95324.29,95324.29,95406.41,1906093849516.0,145234207899.0,-0.002047,0.002047,95178.15,-0.001533,0,20,0.0,0.0,0.0,0.0,0.0,0.0,0.917,18.3408,0.0,0.0
2026-01-17T04:00:00Z,95339.46,95339.46,95178.15,95178.15,95265.0,1903217873127.0,132582840481.0,-0.001692,0.001692,95059.78,-0.001244,0,20,0.0,0.0,0.0,0.0,0.0,0.0,1.0215,20.4297,0.0,0.0
2026-01-17T08:00:00Z,95020.14,95213.04,95020.14,95059.78,95125.77,1900682432799.0,119084446664.0,0.000417,0.00203,95399.81,0.003577,1,20,0.0,0.0,0.0,0.0,0.0,0.0,0.9584,19.1672,0.0,0.0
2026-01-17T12:00:00Z,95274.04,95399.81,95212.45,95399.81,95319.48,1903935989664.0,109221287678.0,0.00132,0.001967,95381.74,-0.000189,0,20,0.0,0.0,0.0,0.0,0.0,0.0,1.2006,24.0122,0.0,0.0
2026-01-17T16:00:00Z,95484.19,95484.19,95270.64,95381.74,95363.81,1905362891865.0,87384119084.0,-0.001073,0.002237,95136.15,-0.002575,0,20,0.0,0.0,0.0,0.0,0.0,0.0,1.1463,22.9252,0.0,0.0
2026-01-17T20:00:00Z,95254.87,95334.33,95136.15,95136.15,95247.37,1902596779916.0,74589921236.0,-0.001246,0.002081,94994.31,-0.001491,0,20,0.0,0.0,0.0,0.0,0.0,0.0,1.0318,20.6369,0.0,0.0
2026-01-18T00:00:00Z,95096.89,95096.89,94923.58,94994.31,95016.24,1898112664203.0,72343005254.0,-0.001079,0.001823,95124.29,0.001368,1,20,0.0,0.0,0.0,0.0,0.0,0.0,1.0155,20.3103,0.0,0.0
2026-01-18T04:00:00Z,95151.8,95151.8,95053.75,95124.29,95115.13,1899962325121.0,73762909704.0,-0.000289,0.00103,95133.79,0.0001,1,20,0.0,0.0,0.0,0.0,0.0,0.0,0.9242,18.4833,0.0,0.0
2026-01-18T08:00:00Z,94995.6,95229.22,94995.6,95133.79,95124.34,1900434754056.0,75219374287.0,0.001455,0.002459,94939.09,-0.002047,0,20,0.0,0.0,0.0,0.0,0.0,0.0,0.7885,15.7694,0.0,0.0
2026-01-18T12:00:00Z,95116.31,95116.31,94939.09,94939.09,95053.44,1898812724572.0,77756115914.0,-0.001863,0.001863,95414.26,0.005005,1,20,0.0,0.0,0.0,0.0,0.0,0.0,1.0834,21.6681,0.0,0.0
2026-01-18T16:00:00Z,95078.28,95414.26,95078.28,95414.26,95202.22,1901951867030.0,73979575838.0,0.003534,0.003534,95419.05,5e-05,1,20,0.0,0.0,0.0,0.0,0.0,0.0,0.881,17.6196,0.0,0.0
2026-01-18T20:00:00Z,95323.01,95419.05,95264.04,95419.05,95347.8,1905073189140.0,77479765538.0,0.001007,0.001626,92557.75,-0.029987,0,20,0.0,0.0,0.0,0.0,0.0,0.0,1.1854,23.7087,0.0,0.0
2026-01-19T00:00:00Z,93635.81,93635.81,92527.66,92557.75,92834.73,1854582108232.0,121507349854.0,-0.011513,0.011835,92535.42,-0.000241,0,20,0.0,0.0,0.0,0.0,0.0,0.0,0.9624,19.2478,0.0,0.0
2026-01-19T04:00:00Z,92635.37,92635.37,92489.45,92535.42,92573.79,1849690015460.0,147039228447.0,-0.001079,0.001575,92997.86,0.004997,1,20,0.0,0.0,0.0,0.0,0.0,0.0,1.018,20.3606,0.0,0.0
2026-01-19T08:00:00Z,92766.66,93242.7,92766.66,92997.86,92985.31,1857373737983.0,160747941033.0,0.002492,0.005132,92762.5,-0.002531,0,20,0.0,0.0,0.0,0.0,0.0,0.0,0.9022,18.0445,0.0,0.0
2026-01-19T12:00:00Z,93052.24,93052.24,92762.5,92762.5,92944.74,1856891685560.0,169205999487.0,-0.003114,0.003114,93034.39,0.002931,1,20,0.0,0.0,0.0,0.0,0.0,0.0,0.7874,15.7478,0.0,0.0
2026-01-19T16:00:00Z,92989.44,93252.36,92989.44,93034.39,93114.95,1859760649820.0,177521725513.0,0.000483,0.002827,92565.41,-0.005041,0,20,0.0,0.0,0.0,0.0,0.0,0.0,1.0649,21.2972,0.0,0.0
2026-01-19T20:00:00Z,93044.67,93176.97,92565.41,92565.41,92934.64,1856822804310.0,180299998045.0,-0.005151,0.006573,92496.32,-0.000746,0,20,0.0,0.0,0.0,0.0,0.0,0.0,0.9057,18.1138,0.0,0.0
2026-01-20T00:00:00Z,92558.76,92755.66,92496.32,92496.32,92617.23,1850320063426.0,145464924400.0,-0.000675,0.002802,90765.58,-0.018711,0,20,0.0,0.0,0.0,0.0,0.0,0.0,0.8848,17.6962,0.0,0.0
2026-01-20T04:00:00Z,92365.76,92365.76,90765.58,90765.58,91703.49,1832617798082.0,140783106935.0,-0.017324,0.017324,91178.05,0.004544,1,20,0.0,0.0,0.0,0.0,0.0,0.0,1.0556,21.113,0.0,0.0
2026-01-20T08:00:00Z,91140.45,91178.05,90880.61,91178.05,91041.52,1818889280456.0,157582455022.0,0.000413,0.003263,90465.36,-0.007816,0,20,0.0,0.0,0.0,0.0,0.0,0.0,1.053,21.0607,0.0,0.0
2026-01-20T12:00:00Z,91131.66,91178.39,90465.36,90465.36,90913.15,1816851923863.0,163687662765.0,-0.007311,0.007824,89450.17,-0.011222,0,20,0.0,0.0,0.0,0.0,0.0,0.0,1.1451,22.902,0.0,0.0
2026-01-20T16:00:00Z,90345.38,90345.38,89450.17,89450.17,89864.54,1794852906052.0,199871924244.0,-0.009909,0.009909,88348.44,-0.012317,0,20,0.0,0.0,0.0,0.0,0.0,0.0,0.9421,18.8427,0.0,0.0
2026-01-20T20:00:00Z,89569.05,89569.05,88348.44,88348.44,89193.7,1782164611044.0,228001012968.0,-0.013628,0.013628,88946.88,0.006774,1,20,0.0,0.0,0.0,0.0,0.0,0.0,1.0727,21.454,0.0,0.0
2026-01-21T00:00:00Z,88312.84,88946.88,88312.84,88946.88,88753.74,1773068848515.0,247953876631.0,0.007179,0.007179,89532.41,0.006583,1,20,0.0,0.0,0.0,0.0,0.0,0.0,1.0229,20.4576,0.0,0.0
2026-01-21T04:00:00Z,89329.2,89878.01,89329.2,89532.41,89525.33,1788457485586.0,247506042016.0,0.002275,0.006144,89165.58,-0.004097,0,20,0.0,0.0,0.0,0.0,0.0,0.0,0.6199,12.3978,0.0,0.0
2026-01-21T08:00:00Z,89095.3,89165.58,89065.36,89165.58,89107.41,1781143045391.0,232810927199.0,0.000789,0.001125,89733.05,0.006364,1,20,0.0,0.0,0.0,0.0,0.0,0.0,1.0874,21.7477,0.0,0.0
2026-01-21T12:00:00Z,88716.44,89733.05,88596.06,89733.05,88925.01,1777536637620.0,238236492188.0,0.011459,0.012816,88466.45,-0.014115,0,20,0.0,0.0,0.0,0.0,0.0,0.0,0.962,19.239,0.0,0.0
2026-01-21T16:00:00Z,90213.56,90213.56,87653.05,88466.45,88544.01,1768039985980.0,246760378747.0,-0.019366,0.028383,89724.2,0.014217,1,0,0.0,0.0,0.0,0.0,0.0,0.0,0.0,0.0,0.0,0.0
2026-01-21T20:00:00Z,90203.6,90203.6,89724.2,89724.2,90038.11,1799095427931.0,264438191689.0,-0.005315,0.005315,89867.28,0.001595,1,19,0.0,0.0,0.0,0.0,0.0,0.0,1.094,20.7861,0.0,0.0
2026-01-22T00:00:00Z,89398.24,90019.26,89398.24,89867.28,89768.73,1793565761664.0,243152745419.0,0.005247,0.006947,90091.9,0.002499,1,20,0.0,0.0,0.0,0.0,0.0,0.0,1.0347,20.6949,0.0,0.0
2026-01-22T04:00:00Z,89782.42,90091.9,89782.42,90091.9,89914.45,1796292751433.0,232925606332.0,0.003447,0.003447,90003.76,-0.000978,0,20,0.0,0.0,0.0,0.0,0.0,0.0,0.9478,18.9555,0.0,0.0
2026-01-22T08:00:00Z,89751.98,90003.76,89751.98,90003.76,89887.4,1795932678013.0,223194907011.0,0.002805,0.002805,89265.6,-0.008201,0,20,0.0,0.0,0.0,0.0,0.0,0.0,1.0174,20.3474,0.0,0.0
2026-01-22T12:00:00Z,89845.21,89910.79,89265.6,89265.6,89622.06,1791524292584.0,216394495988.0,-0.006451,0.007181,89329.3,0.000714,1,20,0.0,0.0,0.0,0.0,0.0,0.0,0.9154,18.3079,0.0,0.0
2026-01-22T16:00:00Z,88928.45,89392.79,88877.12,89329.3,89131.91,1782942987010.0,197460625249.0,0.004508,0.005799,89260.53,-0.00077,0,20,0.0,0.0,0.0,0.0,0.0,0.0,1.1107,22.2146,0.0,0.0
2026-01-22T20:00:00Z,89689.47,89689.47,89260.53,89260.53,89396.43,1786669727640.0,164518492366.0,-0.004782,0.004782,89551.92,0.003264,1,20,0.0,0.0,0.0,0.0,0.0,0.0,0.9692,19.3848,0.0,0.0
2026-01-23T00:00:00Z,89459.27,89823.32,89459.27,89551.92,89581.89,1789799779621.0,154879001568.0,0.001036,0.004069,89414.12,-0.001539,0,20,0.0,0.0,0.0,0.0,0.0,0.0,1.1507,23.0146,0.0,0.0
2026-01-23T04:00:00Z,89816.42,89848.62,89414.12,89414.12,89640.73,1791063109495.0,152401453393.0,-0.004479,0.004838,88916.02,-0.005571,0,19,0.0,0.0,0.0,0.0,0.0,0.0,0.8618,16.3739,0.0,0.0
2026-01-23T08:00:00Z,89400.67,89400.67,88854.26,88916.02,89074.88,1779788868465.0,159208446836.0,-0.005421,0.006112,88936.33,0.000228,1,20,0.0,0.0,0.0,0.0,0.0,0.0,1.1187,22.3749,0.0,0.0
2026-01-23T12:00:00Z,89100.46,89196.29,88936.33,88936.33,89104.1,1780156784662.0,156209191967.0,-0.001842,0.002918,90427.45,0.016766,1,20,0.0,0.0,0.0,0.0,0.0,0.0,1.0783,21.5664,0.0,0.0
2026-01-23T16:00:00Z,89648.47,90475.02,89648.47,90427.45,90144.19,1801013923501.0,157433549839.0,0.008689,0.00922,89487.84,-0.010391,0,20,0.0,0.0,0.0,0.0,0.0,0.0,1.0801,21.6026,0.0,0.0
2026-01-23T20:00:00Z,89818.94,89818.94,89236.67,89487.84,89474.65,1787524150160.0,173570753699.0,-0.003686,0.006483,89566.38,0.000878,1,20,0.0,0.0,0.0,0.0,0.0,0.0,1.02,20.3999,0.0,0.0
2026-01-24T00:00:00Z,89481.2,89566.38,89334.75,89566.38,89449.6,1787090534093.0,170450289273.0,0.000952,0.002589,89500.22,-0.000739,0,20,0.0,0.0,0.0,0.0,0.0,0.0,0.9603,19.2068,0.0,0.0
2026-01-24T04:00:00Z,89638.36,89710.02,89500.22,89500.22,89625.13,1790623727945.0,163042954553.0,-0.001541,0.00234,89484.79,-0.000172,0,20,0.0,0.0,0.0,0.0,0.0,0.0,1.0905,21.8095,0.0,0.0
2026-01-24T08:00:00Z,89478.75,89523.78,89455.6,89484.79,89485.73,1787949166418.0,148312139995.0,6.8e-05,0.000762,89310.03,-0.001953,0,20,0.0,0.0,0.0,0.0,0.0,0.0,1.0743,21.4858,0.0,0.0
2026-01-24T12:00:00Z,89448.85,89448.85,89135.99,89310.03,89320.95,1785950372969.0,135381426225.0,-0.001552,0.003498,89255.22,-0.000614,0,20,0.0,0.0,0.0,0.0,0.0,0.0,1.1763,23.5269,0.0,0.0
2026-01-24T16:00:00Z,89139.95,89255.22,89137.8,89255.22,89195.05,1781993023581.0,103261360663.0,0.001293,0.001317,89294.13,0.000436,1,20,0.0,0.0,0.0,0.0,0.0,0.0,0.9546,19.0916,0.0,0.0
2026-01-24T20:00:00Z,89185.72,89294.13,89185.72,89294.13,89239.14,1782679050164.0,70818946089.0,0.001216,0.001216,88995.39,-0.003346,0,20,0.0,0.0,0.0,0.0,0.0,0.0,0.9857,19.7146,0.0,0.0
2026-01-25T00:00:00Z,89096.86,89168.24,88995.39,88995.39,89072.42,1779862268858.0,64609306981.0,-0.001139,0.00194,88705.86,-0.003253,0,20,0.0,0.0,0.0,0.0,0.0,0.0,1.0163,20.3263,0.0,0.0
2026-01-25T04:00:00Z,88824.89,88902.32,88705.86,88705.86,88820.94,1774875052809.0,68190245385.0,-0.00134,0.002212,88493.9,-0.002389,0,20,0.0,0.0,0.0,0.0,0.0,0.0,0.8215,16.4306,0.0,0.0
2026-01-25T08:00:00Z,88542.65,88542.65,88160.16,88493.9,88364.2,1765647510715.0,74038110634.0,-0.000551,0.00432,88575.81,0.000926,1,20,0.0,0.0,0.0,0.0,0.0,0.0,1.0391,20.7811,0.0,0.0
2026-01-25T12:00:00Z,88393.36,88786.1,88393.36,88575.81,88600.74,1770361483299.0,80348703948.0,0.002064,0.004443,87305.51,-0.014341,0,20,0.0,0.0,0.0,0.0,0.0,0.0,0.9844,19.688,0.0,0.0
2026-01-25T16:00:00Z,88316.56,88316.56,87305.51,87305.51,87825.93,1753776155209.0,98891458157.0,-0.011448,0.011448,86319.21,-0.011297,0,20,0.0,0.0,0.0,0.0,0.0,0.0,0.9689,19.3771,0.0,0.0
2026-01-25T20:00:00Z,86392.13,86635.05,86319.21,86319.21,86459.46,1726791822346.0,140459783368.0,-0.000844,0.003656,87451.2,0.013114,1,20,0.0,0.0,0.0,0.0,0.0,0.0,1.0524,21.047,0.0,0.0
2026-01-26T00:00:00Z,86563.19,87561.08,86563.19,87451.2,87080.33,1740090424798.0,168720982649.0,0.010259,0.011528,87817.45,0.004188,1,20,0.0,0.0,0.0,0.0,0.0,0.0,1.0386,20.7727,0.0,0.0
2026-01-26T04:00:00Z,87170.46,87817.45,87170.46,87817.45,87603.63,1750113057743.0,197760564647.0,0.007422,0.007422,87820.32,3.3e-05,1,20,0.0,0.0,0.0,0.0,0.0,0.0,1.1374,22.748,0.0,0.0
2026-01-26T08:00:00Z,87907.32,87907.32,87563.61,87820.32,87792.03,1754184306493.0,210815602170.0,-0.00099,0.00391,88110.31,0.003302,1,20,0.0,0.0,0.0,0.0,0.0,0.0,1.0571,21.1411,0.0,0.0
2026-01-26T12:00:00Z,87754.54,88110.31,87714.72,88110.31,87857.61,1755470958877.0,217387499691.0,0.004054,0.004508,88146.73,0.000413,1,20,0.0,0.0,0.0,0.0,0.0,0.0,1.0878,21.7565,0.0,0.0
2026-01-26T16:00:00Z,87581.75,88146.73,87563.39,88146.73,87722.2,1752964659420.0,236758717304.0,0.006451,0.006661,88019.52,-0.001443,0,20,0.0,0.0,0.0,0.0,0.0,0.0,1.0477,20.9532,0.0,0.0
2026-01-26T20:00:00Z,87955.7,88019.52,87520.84,88019.52,87866.4,1755387749519.0,212410012823.0,0.000726,0.00567,88661.53,0.007294,1,20,0.0,0.0,0.0,0.0,0.0,0.0,1.0217,20.4338,0.0,0.0
2026-01-27T00:00:00Z,88220.24,88661.53,88220.24,88661.53,88403.5,1766712687635.0,194279933283.0,0.005002,0.005002,88213.01,-0.005059,0,20,0.0,0.0,0.0,0.0,0.0,0.0,1.2354,24.7076,0.0,0.0
2026-01-27T04:00:00Z,88650.49,88650.49,88213.01,88213.01,88417.89,1766617198468.0,174597047409.0,-0.004935,0.004935,87674.71,-0.006102,0,20,0.0,0.0,0.0,0.0,0.0,0.0,0.8402,16.8031,0.0,0.0
2026-01-27T08:00:00Z,88220.82,88220.82,87674.71,87674.71,87939.56,1757207581047.0,160929616451.0,-0.00619,0.00619,87639.4,-0.000403,0,20,0.0,0.0,0.0,0.0,0.0,0.0,0.9881,19.7622,0.0,0.0
2026-01-27T12:00:00Z,87892.82,87892.82,87639.4,87639.4,87815.27,1754978415582.0,160758550429.0,-0.002883,0.002883,88153.6,0.005867,1,20,0.0,0.0,0.0,0.0,0.0,0.0,1.0695,21.3905,0.0,0.0
2026-01-27T16:00:00Z,87924.61,88534.71,87435.12,88153.6,88012.01,1759088395889.0,156063036483.0,0.002604,0.012506,89119.68,0.010959,1,20,0.0,0.0,0.0,0.0,0.0,0.0,0.7379,14.7579,0.0,0.0
2026-01-27T20:00:00Z,88287.19,89269.21,88287.19,89119.68,88913.6,1776482534859.0,170079442053.0,0.009429,0.011123,89153.87,0.000384,1,20,0.0,0.0,0.0,0.0,0.0,0.0,1.023,20.4606,0.0,0.0
2026-01-28T00:00:00Z,89204.22,89316.54,89153.87,89153.87,89230.99,1782715639705.0,175075256783.0,-0.000564,0.001824,89223.36,0.000779,1,20,0.0,0.0,0.0,0.0,0.0,0.0,0.9404,18.8084,0.0,0.0
2026-01-28T04:00:00Z,89007.48,89223.36,88907.5,89223.36,89035.14,1778687679990.0,172747029593.0,0.002425,0.003549,89293.44,0.000785,1,20,0.0,0.0,0.0,0.0,0.0,0.0,0.598,11.9597,0.0,0.0
2026-01-28T08:00:00Z,89039.39,89293.44,88938.69,89293.44,89128.62,1781058921278.0,176525719040.0,0.002853,0.003984,89511.63,0.002444,1,20,0.0,0.0,0.0,0.0,0.0,0.0,1.26,25.1991,0.0,0.0
2026-01-28T12:00:00Z,89953.35,90117.42,89511.63,89511.63,89863.34,1795424854078.0,190759420719.0,-0.004911,0.006735,89355.29,-0.001747,0,20,0.0,0.0,0.0,0.0,0.0,0.0,0.917,18.3398,0.0,0.0
2026-01-28T16:00:00Z,89395.34,90031.13,89355.29,89355.29,89594.0,1790432168170.0,184560840013.0,-0.000448,0.00756,89259.32,-0.001074,0,20,0.0,0.0,0.0,0.0,0.0,0.0,0.9275,18.551,0.0,0.0
2026-01-28T20:00:00Z,89347.78,89347.78,89024.74,89259.32,89230.02,1783685491986.0,188477585790.0,-0.00099,0.003615,87653.21,-0.017994,0,20,0.0,0.0,0.0,0.0,0.0,0.0,0.9878,19.7565,0.0,0.0
2026-01-29T00:00:00Z,89173.21,89173.21,87653.21,87653.21,88573.59,1769988789517.0,185119252630.0,-0.017046,0.017046,88157.57,0.005754,1,20,0.0,0.0,0.0,0.0,0.0,0.0,1.0523,21.0454,0.0,0.0
2026-01-29T04:00:00Z,87921.17,88177.05,87921.17,88157.57,88076.12,1759680810358.0,194661764850.0,0.002689,0.00291,87845.64,-0.003538,0,20,0.0,0.0,0.0,0.0,0.0,0.0,0.9516,19.0325,0.0,0.0
2026-01-29T08:00:00Z,88269.37,88269.37,87747.57,87845.64,87944.0,1756802211137.0,198633036355.0,-0.004801,0.005911,86955.0,-0.010139,0,20,0.0,0.0,0.0,0.0,0.0,0.0,0.9749,19.4987,0.0,0.0
2026-01-29T12:00:00Z,87659.21,87969.1,86955.0,86955.0,87622.08,1750972598326.0,188646725687.0,-0.008034,0.011569,83407.63,-0.040795,0,20,0.0,0.0,0.0,0.0,0.0,0.0,1.1281,22.5629,0.0,0.0
2026-01-29T16:00:00Z,84643.77,85127.74,83407.63,83407.63,84341.78,1684888317674.0,235719385325.0,-0.014604,0.020322,84419.97,0.012137,1,20,0.0,0.0,0.0,0.0,0.0,0.0,1.1997,23.9939,0.0,0.0
2026-01-29T20:00:00Z,83859.73,84419.97,83859.73,84419.97,84183.07,1683088296333.0,274617324841.0,0.006681,0.006681,82005.64,-0.028599,0,20,0.0,0.0,0.0,0.0,0.0,0.0,1.0064,20.1276,0.0,0.0
2026-01-30T00:00:00Z,84570.41,84570.41,82005.64,82005.64,83223.15,1663205034193.0,302942095173.0,-0.030327,0.030327,82491.57,0.005926,1,20,0.0,0.0,0.0,0.0,0.0,0.0,0.8581,17.1616,0.0,0.0
2026-01-30T04:00:00Z,82557.83,82959.58,82491.57,82491.57,82701.16,1652685802263.0,340466917653.0,-0.000803,0.005669,82666.73,0.002123,1,20,0.0,0.0,0.0,0.0,0.0,0.0,0.9725,19.4507,0.0,0.0
2026-01-30T08:00:00Z,82694.41,82694.41,82225.86,82666.73,82534.76,1649332915449.0,359785854731.0,-0.000335,0.005666,82948.93,0.003414,1,20,0.0,0.0,0.0,0.0,0.0,0.0,1.1963,23.9251,0.0,0.0
2026-01-30T12:00:00Z,83059.42,83059.42,82617.91,82948.93,82815.83,1653741470644.0,368420803250.0,-0.00133,0.005315,83826.73,0.010582,1,20,0.0,0.0,0.0,0.0,0.0,0.0,1.0764,21.5288,0.0,0.0
2026-01-30T16:00:00Z,82762.54,83826.73,82762.54,83826.73,83109.08,1661025629839.0,324890250932.0,0.012858,0.012858,84022.42,0.002334,1,20,0.0,0.0,0.0,0.0,0.0,0.0,1.326,26.5201,0.0,0.0
2026-01-30T20:00:00Z,84128.56,84177.33,83788.09,84022.42,84029.1,1679215759951.0,321223606122.0,-0.001262,0.004627,84015.98,-7.7e-05,0,20,0.0,0.0,0.0,0.0,0.0,0.0,0.9767,19.5346,0.0,0.0
2026-01-31T00:00:00Z,84121.73,84121.73,83873.38,84015.98,83988.24,1678475964976.0,293383051917.0,-0.001257,0.002952,83637.65,-0.004503,0,20,0.0,0.0,0.0,0.0,0.0,0.0,0.9637,19.2746,0.0,0.0
2026-01-31T04:00:00Z,83894.1,83894.1,83637.65,83637.65,83811.86,1674828160329.0,241537846696.0,-0.003057,0.003057,82985.77,-0.007794,0,20,0.0,0.0,0.0,0.0,0.0,0.0,0.9549,19.0974,0.0,0.0
2026-01-31T08:00:00Z,83426.28,83426.28,82961.42,82985.77,83093.65,1659630824628.0,222248188326.0,-0.00528,0.005572,81202.92,-0.021484,0,20,0.0,0.0,0.0,0.0,0.0,0.0,1.0846,21.6927,0.0,0.0
2026-01-31T12:00:00Z,82807.69,82807.69,81202.92,81202.92,82322.24,1646179956195.0,217613956800.0,-0.019379,0.019379,77976.06,-0.039738,0,20,0.0,0.0,0.0,0.0,0.0,0.0,1.0037,20.0735,0.0,0.0
2026-01-31T16:00:00Z,81212.1,81212.1,77976.06,77976.06,79588.19,1588772229207.0,259586956488.0,-0.039847,0.039847,78078.55,0.001314,1,20,0.0,0.0,0.0,0.0,0.0,0.0,1.2555,25.1095,0.0,0.0
2026-01-31T20:00:00Z,77690.91,78213.31,77690.91,78078.55,77991.67,1558627926578.0,300543029180.0,0.004989,0.006724,78852.68,0.009915,1,20,0.0,0.0,0.0,0.0,0.0,0.0,1.114,22.2799,0.0,0.0
2026-02-01T00:00:00Z,78641.51,78852.68,78446.45,78852.68,78693.16,1573065960778.0,318937498788.0,0.002685,0.005166,78249.02,-0.007655,0,20,0.0,0.0,0.0,0.0,0.0,0.0,1.0607,21.2132,0.0,0.0
2026-02-01T04:00:00Z,78767.62,78912.8,78249.02,78249.02,78617.25,1571110249308.0,329875761871.0,-0.006584,0.008427,78190.06,-0.000754,0,20,0.0,0.0,0.0,0.0,0.0,0.0,1.0434,20.867,0.0,0.0
2026-02-01T08:00:00Z,78306.03,78943.28,78190.06,78190.06,78485.63,1567653358976.0,332471313584.0,-0.001481,0.009619,78153.43,-0.000468,0,20,0.0,0.0,0.0,0.0,0.0,0.0,0.9887,19.7743,0.0,0.0
2026-02-01T12:00:00Z,78674.55,78674.55,78153.43,78153.43,78368.52,1565972754154.0,328759401235.0,-0.006624,0.006624,77896.36,-0.003289,0,20,0.0,0.0,0.0,0.0,0.0,0.0,1.1136,22.2713,0.0,0.0
2026-02-01T16:00:00Z,77544.74,77896.36,77393.56,77896.36,77632.67,1550810648164.0,281141820353.0,0.004534,0.006484,77145.44,-0.00964,0,20,0.0,0.0,0.0,0.0,0.0,0.0,1.0242,20.4846,0.0,0.0
2026-02-01T20:00:00Z,77077.96,77145.44,76435.75,77145.44,76923.76,1536724009459.0,216032413528.0,0.000875,0.009207,76425.36,-0.009334,0,20,0.0,0.0,0.0,0.0,0.0,0.0,1.1102,22.2044,0.0,0.0
2026-02-02T00:00:00Z,76906.68,77576.32,76425.36,76425.36,77097.94,1541649687751.0,234951982521.0,-0.006258,0.014966,76403.39,-0.000288,0,20,0.0,0.0,0.0,0.0,0.0,0.0,0.7325,14.6507,0.0,0.0
2026-02-02T04:00:00Z,76187.07,76403.39,75442.36,76403.39,75964.5,1516788583362.0,286915231476.0,0.002839,0.012614,77441.06,0.013582,1,20,0.0,0.0,0.0,0.0,0.0,0.0,0.8601,17.2022,0.0,0.0
2026-02-02T08:00:00Z,76579.25,77614.62,76579.25,77441.06,77115.66,1541255316166.0,325182819523.0,0.011254,0.01352,77708.56,0.003454,1,20,0.0,0.0,0.0,0.0,0.0,0.0,0.9954,19.908,0.0,0.0
2026-02-02T12:00:00Z,77690.22,78175.74,77690.22,77708.56,77873.2,1558694467505.0,343287027718.0,0.000236,0.006249,78527.96,0.010545,1,20,0.0,0.0,0.0,0.0,0.0,0.0,0.8772,17.5446,0.0,0.0
2026-02-02T16:00:00Z,78762.48,78920.29,78527.96,78527.96,78709.48,1573126425621.0,366267498252.0,-0.002978,0.004981,78698.24,0.002168,1,20,0.0,0.0,0.0,0.0,0.0,0.0,0.9139,18.278,0.0,0.0
2026-02-02T20:00:00Z,78264.26,78698.24,77931.72,78698.24,78343.17,1565798279519.0,368082401186.0,0.005545,0.009794,77764.35,-0.011867,0,20,0.0,0.0,0.0,0.0,0.0,0.0,1.2134,24.2671,0.0,0.0
2026-02-03T00:00:00Z,78664.87,78994.24,77764.35,77764.35,78584.97,1571026544924.0,327821631179.0,-0.011447,0.015635,78514.41,0.009645,1,20,0.0,0.0,0.0,0.0,0.0,0.0,1.0519,21.0372,0.0,0.0
2026-02-03T04:00:00Z,78679.47,78732.09,78167.16,78514.41,78523.28,1569046673349.0,276323439089.0,-0.002098,0.00718,78062.95,-0.00575,0,20,0.0,0.0,0.0,0.0,0.0,0.0,1.0446,20.892,0.0,0.0
2026-02-03T08:00:00Z,78696.8,78696.8,78062.95,78062.95,78440.19,1568071943960.0,244700304399.0,-0.008054,0.008054,77166.79,-0.01148,0,20,0.0,0.0,0.0,0.0,0.0,0.0,1.0902,21.8045,0.0,0.0
2026-02-03T12:00:00Z,78016.08,78252.02,77166.79,77166.79,77912.92,1557914469270.0,216040694948.0,-0.010886,0.01391,73111.91,-0.052547,0,20,0.0,0.0,0.0,0.0,0.0,0.0,1.087,21.7409,0.0,0.0
2026-02-03T16:00:00Z,77956.3,77956.3,73111.91,73111.91,75605.99,1511690176694.0,225762817506.0,-0.062142,0.062142,75560.99,0.033498,1,20,0.0,0.0,0.0,0.0,0.0,0.0,1.0687,21.3742,0.0,0.0
2026-02-03T20:00:00Z,74635.94,76411.92,74635.94,75560.99,75690.23,1511066330387.0,284355557881.0,0.012394,0.023795,75870.19,0.004092,1,20,0.0,0.0,0.0,0.0,0.0,0.0,1.1644,23.2876,0.0,0.0
2026-02-04T00:00:00Z,75649.7,76360.77,75649.7,75870.19,75948.1,1516967578167.0,301510294423.0,0.002915,0.009399,76550.49,0.008967,1,20,0.0,0.0,0.0,0.0,0.0,0.0,1.073,21.4591,0.0,0.0
2026-02-04T04:00:00Z,76608.27,76608.27,76167.81,76550.49,76427.32,1527109183200.0,302603567343.0,-0.000754,0.005749,76181.5,-0.00482,0,20,0.0,0.0,0.0,0.0,0.0,0.0,0.9786,19.573,0.0,0.0
2026-02-04T08:00:00Z,76424.47,76472.56,76006.4,76181.5,76271.23,1523655762750.0,299217073562.0,-0.003179,0.0061,74135.7,-0.026854,0,20,0.0,0.0,0.0,0.0,0.0,0.0,1.1696,23.393,0.0,0.0
2026-02-04T12:00:00Z,75973.91,76047.64,74135.7,74135.7,75228.05,1503721322475.0,304144405264.0,-0.024195,0.025166,73462.81,-0.009076,0,20,0.0,0.0,0.0,0.0,0.0,0.0,1.1216,22.4326,0.0,0.0
2026-02-04T16:00:00Z,74029.46,74029.46,72395.8,73462.81,73346.93,1465452337935.0,315489782155.0,-0.007654,0.022068,72402.78,-0.014429,0,20,0.0,0.0,0.0,0.0,0.0,0.0,1.3947,27.8935,0.0,0.0
2026-02-04T20:00:00Z,73639.69,73639.69,72402.78,72402.78,73014.31,1460868871386.0,290054062705.0,-0.016797,0.016797,71337.22,-0.014717,0,20,0.0,0.0,0.0,0.0,0.0,0.0,1.0631,21.2615,0.0,0.0
2026-02-05T00:00:00Z,73023.41,73023.41,71337.22,71337.22,72340.94,1446392490749.0,300557239037.0,-0.023091,0.023091,70800.17,-0.007528,0,20,0.0,0.0,0.0,0.0,0.0,0.0,0.9401,18.8016,0.0,0.0
2026-02-05T04:00:00Z,71128.7,71128.7,70587.38,70800.17,70819.7,1414688669804.0,336677005988.0,-0.004619,0.00761,70712.55,-0.001238,0,20,0.0,0.0,0.0,0.0,0.0,0.0,1.0916,21.8311,0.0,0.0
2026-02-05T08:00:00Z,70541.27,71426.18,70541.27,70712.55,70922.91,1417858300631.0,368928404756.0,0.002428,0.012545,69359.6,-0.019133,0,20,0.0,0.0,0.0,0.0,0.0,0.0,0.5308,10.6162,0.0,0.0
2026-02-05T12:00:00Z,70198.49,70198.49,69359.6,69359.6,69650.77,1393614824441.0,404595716423.0,-0.01195,0.01195,66223.31,-0.045218,0,20,0.0,0.0,0.0,0.0,0.0,0.0,1.1117,22.2342,0.0,0.0
2026-02-05T16:00:00Z,67375.62,68153.73,66086.43,66223.31,66959.78,1340525428309.0,458402192821.0,-0.017103,0.030683,63819.5,-0.036299,0,20,0.0,0.0,0.0,0.0,0.0,0.0,1.0353,20.7052,0.0,0.0
2026-02-05T20:00:00Z,65141.5,65141.5,63151.48,63819.5,63998.32,1277502481093.0,528575245237.0,-0.020294,0.030549,64816.19,0.015617,1,20,0.0,0.0,0.0,0.0,0.0,0.0,1.0588,21.1751,0.0,0.0
2026-02-06T00:00:00Z,62822.26,65564.69,62822.26,64816.19,64169.33,1283055319244.0,625093619743.0,0.031739,0.043654,64760.1,-0.000865,0,20,0.0,0.0,0.0,0.0,0.0,0.0,1.0246,20.491,0.0,0.0
2026-02-06T04:00:00Z,64091.23,66360.17,64091.23,64760.1,65008.49,1300211712089.0,645331003650.0,0.010436,0.035402,65852.65,0.016871,1,20,0.0,0.0,0.0,0.0,0.0,0.0,0.8736,17.4728,0.0,0.0
2026-02-06T08:00:00Z,64762.32,65852.65,64762.32,65852.65,65292.64,1305152791486.0,655174482766.0,0.016836,0.016836,68114.36,0.034345,1,20,0.0,0.0,0.0,0.0,0.0,0.0,0.6355,12.7108,0.0,0.0
2026-02-06T12:00:00Z,66468.23,68114.36,66468.23,68114.36,67076.79,1340643695592.0,651457539203.0,0.024766,0.024766,69753.81,0.024069,1,20,0.0,0.0,0.0,0.0,0.0,0.0,0.9841,19.6828,0.0,0.0
2026-02-06T16:00:00Z,68582.17,70772.62,68582.17,69753.81,69745.15,1394477909194.0,631371097401.0,0.017084,0.031939,71297.64,0.022133,1,20,0.0,0.0,0.0,0.0,0.0,0.0,1.0622,21.2443,0.0,0.0
2026-02-06T20:00:00Z,70670.26,71297.64,69990.28,71297.64,70561.9,1410820720148.0,561496066735.0,0.008877,0.018499,70323.88,-0.013658,0,20,0.0,0.0,0.0,0.0,0.0,0.0,1.0087,20.1735,0.0,0.0
2026-02-07T00:00:00Z,70545.51,70545.51,69924.37,70323.88,70316.38,1405002940438.0,453362662403.0,-0.003142,0.008805,68878.39,-0.020555,0,20,0.0,0.0,0.0,0.0,0.0,0.0,1.073,21.4591,0.0,0.0
2026-02-07T04:00:00Z,70793.24,70793.24,68878.39,68878.39,70124.47,1400881712733.0,401867918781.0,-0.027048,0.027048,67959.15,-0.013346,0,20,0.0,0.0,0.0,0.0,0.0,0.0,0.9318,18.6356,0.0,0.0
2026-02-07T08:00:00Z,68052.87,68503.08,67959.15,67959.15,68139.46,1362007141519.0,395225364744.0,-0.001377,0.007993,68572.19,0.009021,1,20,0.0,0.0,0.0,0.0,0.0,0.0,0.92,18.4008,0.0,0.0
2026-02-07T12:00:00Z,67902.78,68967.55,67902.78,68572.19,68602.28,1369800791710.0,383550032138.0,0.009858,0.015681,69451.25,0.01282,1,20,0.0,0.0,0.0,0.0,0.0,0.0,1.0348,20.6965,0.0,0.0
2026-02-07T16:00:00Z,69097.8,69451.25,68955.47,69451.25,69145.5,1381408885808.0,335805185254.0,0.005115,0.007175,69375.53,-0.00109,0,20,0.0,0.0,0.0,0.0,0.0,0.0,0.7552,15.103,0.0,0.0
2026-02-07T20:00:00Z,69274.98,69580.39,69274.98,69375.53,69413.55,1387040629358.0,295680112813.0,0.001452,0.004409,69323.1,-0.000756,0,20,0.0,0.0,0.0,0.0,0.0,0.0,1.1607,23.2139,0.0,0.0
2026-02-08T00:00:00Z,69271.23,69336.65,69072.05,69323.1,69250.76,1382970658925.0,267151284690.0,0.000749,0.00382,69275.26,-0.00069,0,20,0.0,0.0,0.0,0.0,0.0,0.0,1.0067,20.1335,0.0,0.0
2026-02-08T04:00:00Z,69072.73,69275.26,69072.73,69275.26,69195.46,1382969355898.0,250927446396.0,0.002932,0.002932,70192.56,0.013241,1,20,0.0,0.0,0.0,0.0,0.0,0.0,1.036,20.719,0.0,0.0
2026-02-08T08:00:00Z,69634.78,70616.33,69634.78,70192.56,70148.29,1401980378837.0,211338874750.0,0.00801,0.014096,71185.44,0.014145,1,20,0.0,0.0,0.0,0.0,0.0,0.0,0.9368,18.736,0.0,0.0
2026-02-08T12:00:00Z,70948.56,71450.1,70948.56,71185.44,71190.58,1421781883059.0,193868536060.0,0.003339,0.007069,71115.1,-0.000988,0,20,0.0,0.0,0.0,0.0,0.0,0.0,1.2649,25.2989,0.0,0.0
2026-02-08T16:00:00Z,71093.29,71115.1,70382.84,71115.1,70831.49,1415703605822.0,163861792229.0,0.000307,0.0103,71010.31,-0.001474,0,20,0.0,0.0,0.0,0.0,0.0,0.0,1.1445,22.8892,0.0,0.0
2026-02-08T20:00:00Z,71364.03,71364.03,70676.41,71010.31,70948.75,1417874843549.0,158076054567.0,-0.004957,0.009635,70570.0,-0.006201,0,20,0.0,0.0,0.0,0.0,0.0,0.0,0.9423,18.8462,0.0,0.0
2026-02-09T00:00:00Z,70288.14,70570.0,70288.14,70570.0,70412.17,1407403279508.0,174530910102.0,0.00401,0.00401,70599.48,0.000418,1,20,0.0,0.0,0.0,0.0,0.0,0.0,1.0799,21.5988,0.0,0.0
2026-02-09T04:00:00Z,71229.74,71229.74,70599.48,70599.48,70927.92,1417472503922.0,183456607102.0,-0.008848,0.008848,68682.8,-0.027149,0,20,0.0,0.0,0.0,0.0,0.0,0.0,1.0733,21.4658,0.0,0.0
2026-02-09T08:00:00Z,70373.24,70373.24,68682.8,68682.8,69610.87,1391713445593.0,185542226674.0,-0.024021,0.024021,69277.24,0.008655,1,19,0.0,0.0,0.0,0.0,0.0,0.0,0.9252,17.5789,0.0,0.0
2026-02-09T12:00:00Z,68832.03,69277.24,68592.06,69277.24,68945.84,1377642010060.0,193322786821.0,0.006468,0.009954,70346.0,0.015427,1,20,0.0,0.0,0.0,0.0,0.0,0.0,1.1203,22.4062,0.0,0.0
2026-02-09T16:00:00Z,69497.95,70580.77,69497.95,70346.0,70119.41,1402088094872.0,212557172189.0,0.012202,0.015581,70339.17,-9.7e-05,0,20,0.0,0.0,0.0,0.0,0.0,0.0,1.0801,21.6021,0.0,0.0
2026-02-09T20:00:00Z,70891.58,70891.58,70339.17,70339.17,70587.65,1411011801403.0,230856197083.0,-0.007792,0.007792,70064.76,-0.003901,0,20,0.0,0.0,0.0,0.0,0.0,0.0,1.1592,23.1844,0.0,0.0
2026-02-10T00:00:00Z,70123.69,70394.24,69826.12,70064.76,70102.2,1400836314545.0,219339989072.0,-0.00084,0.008102,68847.05,-0.01738,0,20,0.0,0.0,0.0,0.0,0.0,0.0,1.1043,22.086,0.0,0.0
2026-02-10T04:00:00Z,69457.99,69797.42,68847.05,68847.05,69371.2,1386708078029.0,212416493508.0,-0.008796,0.013683,68877.65,0.000444,1,20,0.0,0.0,0.0,0.0,0.0,0.0,1.0594,21.1885,0.0,0.0
2026-02-10T08:00:00Z,68881.07,69105.54,68877.65,68877.65,68982.31,1378930282180.0,206577866263.0,-5e-05,0.003309,68400.93,-0.006921,0,20,0.0,0.0,0.0,0.0,0.0,0.0,1.0311,20.6219,0.0,0.0
2026-02-10T12:00:00Z,68522.83,68958.61,68400.93,68400.93,68606.4,1371373655065.0,198351872589.0,-0.001779,0.008139,68892.14,0.007181,1,20,0.0,0.0,0.0,0.0,0.0,0.0,1.0496,20.9922,0.0,0.0
2026-02-10T16:00:00Z,69246.28,69855.81,68892.14,68892.14,69383.53,1386308539614.0,193590609648.0,-0.005114,0.013917,68661.02,-0.003355,0,20,0.0,0.0,0.0,0.0,0.0,0.0,0.9633,19.2656,0.0,0.0
2026-02-10T20:00:00Z,69014.1,69014.1,68636.08,68661.02,68766.83,1374396782460.0,181509778500.0,-0.005116,0.005477,68644.96,-0.000234,0,20,0.0,0.0,0.0,0.0,0.0,0.0,1.2109,24.2185,0.0,0.0
2026-02-11T00:00:00Z,68787.11,69163.88,68644.96,68644.96,68885.73,1376869718183.0,170901773473.0,-0.002067,0.007544,66764.59,-0.027393,0,20,0.0,0.0,0.0,0.0,0.0,0.0,1.1464,22.9285,0.0,0.0
2026-02-11T04:00:00Z,68175.45,68175.45,66764.59,66764.59,67471.14,1349092383735.0,177321469383.0,-0.020695,0.020695,66494.98,-0.004038,0,20,0.0,0.0,0.0,0.0,0.0,0.0,1.03,20.5993,0.0,0.0
2026-02-11T08:00:00Z,67017.06,67017.06,66494.98,66494.98,66822.57,1335521128813.0,181895214580.0,-0.00779,0.00779,66520.47,0.000383,1,20,0.0,0.0,0.0,0.0,0.0,0.0,0.9692,19.3842,0.0,0.0
2026-02-11T12:00:00Z,67014.71,67437.24,66520.47,66520.47,67015.98,1339723664104.0,184951644075.0,-0.007375,0.01368,67229.71,0.010662,1,20,0.0,0.0,0.0,0.0,0.0,0.0,1.1464,22.9273,0.0,0.0
2026-02-11T16:00:00Z,66493.86,67229.71,66001.27,67229.71,66555.96,1330995848851.0,203831750266.0,0.011066,0.018474,67390.93,0.002398,1,20,0.0,0.0,0.0,0.0,0.0,0.0,1.0989,21.9779,0.0,0.0
2026-02-11T20:00:00Z,67537.21,67779.28,67390.93,67390.93,67548.48,1350803455742.0,212922214028.0,-0.002166,0.00575,67387.86,-4.6e-05,0,20,0.0,0.0,0.0,0.0,0.0,0.0,1.0624,21.2477,0.0,0.0
2026-02-12T00:00:00Z,66993.77,67649.65,66993.77,67387.86,67370.59,1346381436369.0,221038696072.0,0.005883,0.00979,67053.22,-0.004966,0,20,0.0,0.0,0.0,0.0,0.0,0.0,1.0351,20.7029,0.0,0.0
2026-02-12T04:00:00Z,67524.27,67524.27,66986.3,67053.22,67160.67,1342072823449.0,213277286270.0,-0.006976,0.007967,67918.87,0.01291,1,20,0.0,0.0,0.0,0.0,0.0,0.0,0.7192,14.3833,0.0,0.0
2026-02-12T08:00:00Z,67178.46,67918.87,67025.74,67918.87,67407.07,1347116001827.0,204280354640.0,0.011022,0.013295,67619.71,-0.004405,0,20,0.0,0.0,0.0,0.0,0.0,0.0,0.9839,19.6773,0.0,0.0
2026-02-12T12:00:00Z,68104.65,68308.51,67619.71,67619.71,67963.67,1358021617618.0,198253646022.0,-0.00712,0.010114,65536.35,-0.03081,0,20,0.0,0.0,0.0,0.0,0.0,0.0,0.7317,14.6335,0.0,0.0
2026-02-12T16:00:00Z,67107.4,67107.4,65411.63,65536.35,65960.92,1319035401144.0,187964648835.0,-0.023411,0.025269,66246.04,0.010829,1,20,0.0,0.0,0.0,0.0,0.0,0.0,1.053,21.0606,0.0,0.0
2026-02-12T20:00:00Z,65787.26,66246.04,65373.15,66246.04,65791.68,1315061127474.0,193377144697.0,0.006974,0.013268,66660.75,0.00626,1,20,0.0,0.0,0.0,0.0,0.0,0.0,1.0562,21.123,0.0,0.0
2026-02-13T00:00:00Z,66192.38,66660.75,65907.85,66660.75,66278.8,1324886991287.0,192066562869.0,0.007076,0.011374,66319.79,-0.005115,0,20,0.0,0.0,0.0,0.0,0.0,0.0,1.1983,23.9669,0.0,0.0
2026-02-13T04:00:00Z,66460.8,66460.8,66145.27,66319.79,66303.28,1325618249582.0,190413562747.0,-0.002122,0.004748,66928.09,0.009172,1,20,0.0,0.0,0.0,0.0,0.0,0.0,0.9333,18.6661,0.0,0.0
2026-02-13T08:00:00Z,66168.09,66928.09,66168.09,66928.09,66656.28,1332873153913.0,191297600762.0,0.011486,0.011486,67680.1,0.011236,1,20,0.0,0.0,0.0,0.0,0.0,0.0,1.0102,20.2033,0.0,0.0
2026-02-13T12:00:00Z,67126.01,67680.1,67051.53,67680.1,67277.61,1345568483878.0,188162344990.0,0.008254,0.009364,69097.84,0.020948,1,20,0.0,0.0,0.0,0.0,0.0,0.0,1.0914,21.8284,0.0,0.0
2026-02-13T16:00:00Z,68601.36,69105.39,68601.36,69097.84,68955.38,1378690087956.0,187530065836.0,0.007237,0.007347,68930.86,-0.002417,0,20,0.0,0.0,0.0,0.0,0.0,0.0,1.1116,22.2319,0.0,0.0
2026-02-13T20:00:00Z,68928.37,68930.86,68733.84,68930.86,68858.89,1376016335246.0,179726476007.0,3.6e-05,0.002858,68850.56,-0.001165,0,20,0.0,0.0,0.0,0.0,0.0,0.0,1.0792,21.5844,0.0,0.0
2026-02-14T00:00:00Z,68848.92,69052.12,68848.92,68850.56,68919.35,1377714231062.0,169316882727.0,2.4e-05,0.002951,68897.33,0.000679,1,0,0.0,0.0,0.0,0.0,0.0,0.0,0.0,0.0,0.0,0.0
2026-02-14T04:00:00Z,68946.54,68946.54,68742.19,68897.33,68836.3,1376107955343.0,161358305336.0,-0.000714,0.002964,69635.27,0.010711,1,20,0.0,0.0,0.0,0.0,0.0,0.0,1.0486,20.9729,0.0,0.0
2026-02-14T08:00:00Z,69189.83,69726.25,69189.83,69635.27,69560.72,1390314571982.0,159878885891.0,0.006438,0.007753,69702.72,0.000969,1,20,0.0,0.0,0.0,0.0,0.0,0.0,1.1062,22.1232,0.0,0.0
2026-02-14T12:00:00Z,70434.28,70434.28,69416.54,69702.72,69796.64,1395979335149.0,175766314520.0,-0.010387,0.01445,69733.54,0.000442,1,20,0.0,0.0,0.0,0.0,0.0,0.0,0.687,13.7405,0.0,0.0
2026-02-14T16:00:00Z,69761.74,69761.74,69687.28,69733.54,69722.92,1393809763258.0,160155172279.0,-0.000404,0.001067,69924.92,0.002744,1,20,0.0,0.0,0.0,0.0,0.0,0.0,1.0603,21.2056,0.0,0.0
2026-02-14T20:00:00Z,69825.5,69990.82,69825.5,69924.92,69906.44,1397416671044.0,154586589412.0,0.001424,0.002368,69463.08,-0.006605,0,20,0.0,0.0,0.0,0.0,0.0,0.0,1.1893,23.7852,0.0,0.0
2026-02-15T00:00:00Z,69774.24,69774.24,69463.08,69463.08,69660.31,1392378811587.0,156620281432.0,-0.00446,0.00446,70373.13,0.013101,1,20,0.0,0.0,0.0,0.0,0.0,0.0,0.9856,19.7111,0.0,0.0
2026-02-15T04:00:00Z,69961.31,70373.13,69961.31,70373.13,70183.23,1402609892308.0,170404147561.0,0.005886,0.005886,70404.95,0.000452,1,20,0.0,0.0,0.0,0.0,0.0,0.0,1.064,21.2805,0.0,0.0
2026-02-15T08:00:00Z,70786.27,70786.27,70376.89,70404.95,70494.86,1409061098053.0,178144644337.0,-0.005387,0.005783,69110.94,-0.01838,0,20,0.0,0.0,0.0,0.0,0.0,0.0,0.9639,19.2784,0.0,0.0
2026-02-15T12:00:00Z,70267.17,70267.17,68940.41,69110.94,69426.53,1388001734616.0,165826517326.0,-0.016455,0.018882,68391.52,-0.01041,0,20,0.0,0.0,0.0,0.0,0.0,0.0,0.6062,12.1248,0.0,0.0
2026-02-15T16:00:00Z,69060.55,69060.55,68391.52,68391.52,68759.4,1373908841296.0,158009818120.0,-0.009688,0.009688,68923.26,0.007775,1,20,0.0,0.0,0.0,0.0,0.0,0.0,1.0953,21.9054,0.0,0.0
2026-02-15T20:00:00Z,68282.56,68923.26,68282.56,68923.26,68615.51,1371848179675.0,174184306723.0,0.009383,0.009383,68299.09,-0.009056,0,20,0.0,0.0,0.0,0.0,0.0,0.0,0.8779,17.5585,0.0,0.0
2026-02-16T00:00:00Z,68781.3,68807.55,68299.09,68299.09,68622.2,1371564509224.0,176072946346.0,-0.007011,0.007392,68411.13,0.00164,1,20,0.0,0.0,0.0,0.0,0.0,0.0,0.8461,16.9211,0.0,0.0
2026-02-16T04:00:00Z,68378.05,68833.38,68368.57,68411.13,68497.78,1369300355767.0,167087970045.0,0.000484,0.006798,68766.46,0.005194,1,20,0.0,0.0,0.0,0.0,0.0,0.0,0.9159,18.3177,0.0,0.0
2026-02-16T08:00:00Z,68543.05,68939.59,68543.05,68766.46,68743.87,1374191794696.0,152760662016.0,0.003259,0.005785,68381.76,-0.005594,0,20,0.0,0.0,0.0,0.0,0.0,0.0,0.4635,9.2709,0.0,0.0
2026-02-16T12:00:00Z,68817.01,69720.92,68361.15,68381.76,68820.21,1375579416068.0,156131376436.0,-0.006325,0.019759,67845.66,-0.00784,0,20,0.0,0.0,0.0,0.0,0.0,0.0,0.9972,19.9445,0.0,0.0
2026-02-16T16:00:00Z,67513.43,67923.4,67513.43,67845.66,67778.24,1354781438848.0,164740640657.0,0.004921,0.006072,68589.22,0.01096,1,20,0.0,0.0,0.0,0.0,0.0,0.0,1.2644,25.2879,0.0,0.0
2026-02-16T20:00:00Z,67881.8,68804.98,67881.8,68589.22,68438.99,1368012598499.0,147622417441.0,0.010421,0.0136,68815.03,0.003292,1,20,0.0,0.0,0.0,0.0,0.0,0.0,1.0332,20.6638,0.0,0.0
2026-02-17T00:00:00Z,68852.49,68856.55,68587.9,68815.03,68777.99,1375410487400.0,146643506917.0,-0.000544,0.003902,68358.39,-0.006636,0,20,0.0,0.0,0.0,0.0,0.0,0.0,0.8422,16.8449,0.0,0.0
2026-02-17T04:00:00Z,68465.88,68465.88,68196.19,68358.39,68360.06,1366456153721.0,145194523108.0,-0.00157,0.003939,67784.03,-0.008402,0,20,0.0,0.0,0.0,0.0,0.0,0.0,0.7643,15.2851,0.0,0.0
2026-02-17T08:00:00Z,68358.55,68358.55,67784.03,67784.03,68091.19,1361279674500.0,145517996475.0,-0.008405,0.008405,66900.86,-0.013029,0,20,0.0,0.0,0.0,0.0,0.0,0.0,0.8839,17.6779,0.0,0.0
2026-02-17T12:00:00Z,67833.15,68091.8,66900.86,66900.86,67678.49,1353397942047.0,140395566880.0,-0.013744,0.017557,68070.65,0.017485,1,20,0.0,0.0,0.0,0.0,0.0,0.0,1.0108,20.2153,0.0,0.0
2026-02-17T16:00:00Z,67352.04,68070.65,67198.54,68070.65,67535.42,1350209228325.0,148003720599.0,0.01067,0.012949,67511.08,-0.00822,0,20,0.0,0.0,0.0,0.0,0.0,0.0,1.2052,24.1041,0.0,0.0
2026-02-17T20:00:00Z,67789.97,67789.97,67511.08,67511.08,67668.72,1352898594192.0,155517837013.0,-0.004114,0.004114,67298.87,-0.003143,0,20,0.0,0.0,0.0,0.0,0.0,0.0,1.0219,20.4371,0.0,0.0
2026-02-18T00:00:00Z,67478.67,67478.67,67121.17,67298.87,67298.66,1345284172266.0,147011415538.0,-0.002664,0.005298,67812.32,0.007629,1,20,0.0,0.0,0.0,0.0,0.0,0.0,1.0354,20.7084,0.0,0.0
2026-02-18T04:00:00Z,67605.87,67812.32,67605.87,67812.32,67699.74,1353673211759.0,146909639890.0,0.003054,0.003054,67757.19,-0.000813,0,20,0.0,0.0,0.0,0.0,0.0,0.0,1.125,22.4993,0.0,0.0
2026-02-18T08:00:00Z,68087.77,68130.77,67757.19,67757.19,68017.01,1359993906218.0,147231720735.0,-0.004855,0.005487,67156.68,-0.008863,0,20,0.0,0.0,0.0,0.0,0.0,0.0,1.0305,20.6096,0.0,0.0
2026-02-18T12:00:00Z,67378.8,67465.53,67156.68,67156.68,67298.23,1345694576234.0,146892782631.0,-0.003297,0.004584,66315.36,-0.012528,0,20,0.0,0.0,0.0,0.0,0.0,0.0,1.0474,20.9476,0.0,0.0
2026-02-18T16:00:00Z,67663.22,67663.22,66315.36,66315.36,67058.03,1341170271444.0,136396379224.0,-0.01992,0.01992,66395.02,0.001201,1,20,0.0,0.0,0.0,0.0,0.0,0.0,0.8599,17.1985,0.0,0.0
2026-02-18T20:00:00Z,66143.11,66395.02,66143.11,66395.02,66275.69,1324945279372.0,141792054263.0,0.003809,0.003809,66822.56,0.006439,1,20,0.0,0.0,0.0,0.0,0.0,0.0,1.1037,22.0737,0.0,0.0
2026-02-19T00:00:00Z,66437.14,66833.17,66422.48,66822.56,66628.84,1331087572298.0,140283468277.0,0.005801,0.006182,67116.5,0.004399,1,20,0.0,0.0,0.0,0.0,0.0,0.0,1.0156,20.311,0.0,0.0
2026-02-19T04:00:00Z,66933.93,67116.5,66780.89,67116.5,66917.19,1337917492077.0,144632970519.0,0.002728,0.005014,66808.56,-0.004588,0,20,0.0,0.0,0.0,0.0,0.0,0.0,0.9353,18.7064,0.0,0.0
2026-02-19T08:00:00Z,67170.02,67170.02,66808.56,66808.56,66931.2,1337779415785.0,144381211638.0,-0.005381,0.005381,66395.5,-0.006183,0,20,0.0,0.0,0.0,0.0,0.0,0.0,0.7507,15.0142,0.0,0.0
2026-02-19T12:00:00Z,66477.7,66493.38,65893.78,66395.5,66315.09,1326422856898.0,142825534056.0,-0.001236,0.00902,66982.72,0.008844,1,20,0.0,0.0,0.0,0.0,0.0,0.0,1.0503,21.0063,0.0,0.0
2026-02-19T16:00:00Z,66361.84,66982.72,66299.17,66982.72,66486.19,1328643059644.0,145956859561.0,0.009356,0.0103,66915.11,-0.001009,0,20,0.0,0.0,0.0,0.0,0.0,0.0,0.9217,18.4333,0.0,0.0
2026-02-19T20:00:00Z,67011.67,67091.73,66898.79,66915.11,66979.32,1338925910505.0,137775958183.0,-0.001441,0.002879,67239.57,0.004849,1,20,0.0,0.0,0.0,0.0,0.0,0.0,1.0202,20.4046,0.0,0.0
2026-02-20T00:00:00Z,66956.66,67247.43,66956.66,67239.57,67167.84,1342662924087.0,137136175214.0,0.004225,0.004343,67839.84,0.008927,1,20,0.0,0.0,0.0,0.0,0.0,0.0,0.9343,18.6858,0.0,0.0
2026-02-20T04:00:00Z,67334.83,67839.84,67232.69,67839.84,67543.68,1350266346809.0,139295744088.0,0.0075,0.009017,67910.9,0.001047,1,20,0.0,0.0,0.0,0.0,0.0,0.0,0.9136,18.2728,0.0,0.0
2026-02-20T08:00:00Z,67806.37,68172.86,67806.37,67910.9,67935.21,1358172282262.0,142360132021.0,0.001542,0.005405,67101.98,-0.011912,0,20,0.0,0.0,0.0,0.0,0.0,0.0,0.9435,18.8704,0.0,0.0
2026-02-20T12:00:00Z,67346.76,67502.26,66754.64,67101.98,67176.41,1343656824786.0,150921272073.0,-0.003635,0.011101,67920.92,0.012204,1,20,0.0,0.0,0.0,0.0,0.0,0.0,1.1972,23.9449,0.0,0.0
2026-02-20T16:00:00Z,67558.75,67920.92,67558.75,67920.92,67711.11,1352619476588.0,196081944605.0,0.005361,0.005361,68042.0,0.001783,1,20,0.0,0.0,0.0,0.0,0.0,0.0,0.9564,19.1285,0.0,0.0
2026-02-20T20:00:00Z,67622.67,68042.0,67622.67,68042.0,67784.93,1355165491589.0,209967051533.0,0.006201,0.006201,67990.97,-0.00075,0,20,0.0,0.0,0.0,0.0,0.0,0.0,0.9524,19.0486,0.0,0.0
2026-02-21T00:00:00Z,68001.17,68001.17,67814.85,67990.97,67936.28,1358126257225.0,210629816618.0,-0.00015,0.00274,67771.15,-0.003233,0,20,0.0,0.0,0.0,0.0,0.0,0.0,1.0041,20.0819,0.0,0.0
2026-02-21T04:00:00Z,67636.1,67833.36,67636.1,67771.15,67758.95,1354109180613.0,205649516511.0,0.001997,0.002916,68185.96,0.006121,1,20,0.0,0.0,0.0,0.0,0.0,0.0,0.9366,18.7329,0.0,0.0
2026-02-21T08:00:00Z,67835.58,68185.96,67835.58,68185.96,68047.32,1360127267770.0,196037254907.0,0.005165,0.005165,68447.85,0.003841,1,20,0.0,0.0,0.0,0.0,0.0,0.0,0.8883,17.7666,0.0,0.0
2026-02-21T12:00:00Z,68080.98,68447.85,68080.98,68447.85,68235.37,1363868077238.0,171122364825.0,0.005389,0.005389,68560.68,0.001648,1,20,0.0,0.0,0.0,0.0,0.0,0.0,1.0533,21.0651,0.0,0.0
2026-02-21T16:00:00Z,68624.36,68624.36,68302.62,68560.68,68473.16,1368991990980.0,115192769772.0,-0.000928,0.004688,67951.16,-0.00889,0,20,0.0,0.0,0.0,0.0,0.0,0.0,1.0823,21.6463,0.0,0.0
2026-02-21T20:00:00Z,68519.98,68519.98,67951.16,67951.16,68277.15,1365536011161.0,87811249823.0,-0.008302,0.008302,67883.45,-0.000996,0,20,0.0,0.0,0.0,0.0,0.0,0.0,0.8627,17.2541,0.0,0.0
2026-02-22T00:00:00Z,67978.79,68113.19,67883.45,67883.45,67967.46,1358790504665.0,81523126849.0,-0.001402,0.00338,68026.51,0.002107,1,20,0.0,0.0,0.0,0.0,0.0,0.0,0.8796,17.5924,0.0,0.0
2026-02-22T04:00:00Z,68008.42,68026.51,67946.02,68026.51,67985.47,1358956898507.0,79707130292.0,0.000266,0.001184,68119.23,0.001363,1,20,0.0,0.0,0.0,0.0,0.0,0.0,1.0659,21.318,0.0,0.0
2026-02-22T08:00:00Z,67985.84,68119.23,67950.31,68119.23,68023.69,1360056243105.0,77061552602.0,0.001962,0.002485,67417.69,-0.010299,0,20,0.0,0.0,0.0,0.0,0.0,0.0,0.893,17.859,0.0,0.0
2026-02-22T12:00:00Z,68194.59,68194.59,67417.69,67417.69,67793.95,1355261298220.0,76380402709.0,-0.011392,0.011392,67408.0,-0.000144,0,20,0.0,0.0,0.0,0.0,0.0,0.0,1.0055,20.1101,0.0,0.0
2026-02-22T16:00:00Z,67664.9,67664.9,67338.17,67408.0,67504.69,1349943381106.0,79606426494.0,-0.003797,0.004829,67654.04,0.00365,1,20,0.0,0.0,0.0,0.0,0.0,0.0,1.0947,21.8948,0.0,0.0
2026-02-22T20:00:00Z,67401.27,67654.04,67368.49,67654.04,67502.07,1349685912594.0,79711846590.0,0.00375,0.004236,64758.93,-0.042793,0,20,0.0,0.0,0.0,0.0,0.0,0.0,1.0368,20.7354,0.0,0.0
2026-02-23T00:00:00Z,67585.12,67585.12,64435.13,64758.93,65883.42,1318377228860.0,101960867741.0,-0.041817,0.046608,65752.54,0.015343,1,20,0.0,0.0,0.0,0.0,0.0,0.0,0.8821,17.6427,0.0,0.0
2026-02-23T04:00:00Z,64939.82,65752.54,64795.06,65752.54,65131.96,1302299648677.0,138220832460.0,0.012515,0.014744,66317.29,0.008589,1,20,0.0,0.0,0.0,0.0,0.0,0.0,1.0649,21.2973,0.0,0.0
2026-02-23T08:00:00Z,65939.89,66381.48,65671.16,66317.29,66077.46,1321203641698.0,160738573112.0,0.005723,0.010772,65914.28,-0.006077,0,20,0.0,0.0,0.0,0.0,0.0,0.0,1.0911,21.8213,0.0,0.0
2026-02-23T12:00:00Z,66183.36,66275.64,65914.28,65914.28,66127.47,1322517026769.0,173800765228.0,-0.004066,0.00546,64632.91,-0.01944,0,20,0.0,0.0,0.0,0.0,0.0,0.0,0.9857,19.7136,0.0,0.0
2026-02-23T16:00:00Z,65646.16,65646.16,64632.91,64632.91,65102.78,1300842721583.0,192086892210.0,-0.015435,0.015435,64719.45,0.001339,1,20,0.0,0.0,0.0,0.0,0.0,0.0,0.9992,19.983,0.0,0.0
2026-02-23T20:00:00Z,64312.31,64719.45,64312.31,64719.45,64518.81,1289666905508.0,220330759568.0,0.006331,0.006331,64066.18,-0.010094,0,20,0.0,0.0,0.0,0.0,0.0,0.0,1.2493,24.9867,0.0,0.0
2026-02-24T00:00:00Z,64645.64,64941.53,64066.18,64066.18,64447.24,1288688511417.0,212557026619.0,-0.008964,0.013541,63048.94,-0.015878,0,20,0.0,0.0,0.0,0.0,0.0,0.0,1.1097,22.1942,0.0,0.0
2026-02-24T04:00:00Z,63559.99,63559.99,63048.94,63048.94,63251.46,1264248191879.0,197986954974.0,-0.008041,0.008041,63276.26,0.003605,1,20,0.0,0.0,0.0,0.0,0.0,0.0,1.0252,20.5045,0.0,0.0
2026-02-24T08:00:00Z,63149.62,63379.6,63149.62,63276.26,63256.26,1264683957608.0,196631661855.0,0.002005,0.003642,63446.93,0.002697,1,20,0.0,0.0,0.0,0.0,0.0,0.0,1.0347,20.6948,0.0,0.0
2026-02-24T12:00:00Z,63207.59,63446.93,62905.75,63446.93,63133.26,1262830103016.0,195514048776.0,0.003786,0.008562,64426.95,0.015446,1,20,0.0,0.0,0.0,0.0,0.0,0.0,0.7356,14.7127,0.0,0.0
2026-02-24T16:00:00Z,63963.05,64426.95,63963.05,64426.95,64214.78,1283506902006.0,194353825194.0,0.007253,0.007253,64113.97,-0.004858,0,20,0.0,0.0,0.0,0.0,0.0,0.0,0.9501,19.002,0.0,0.0
2026-02-24T20:00:00Z,64443.5,64455.45,64045.71,64113.97,64264.65,1284954739766.0,183781055673.0,-0.005113,0.006358,65893.89,0.027762,1,20,0.0,0.0,0.0,0.0,0.0,0.0,0.758,15.16,0.0,0.0
2026-02-25T00:00:00Z,64074.11,65942.42,64074.11,65893.89,65036.0,1300493410449.0,182417894625.0,0.028401,0.029159,64881.88,-0.015358,0,20,0.0,0.0,0.0,0.0,0.0,0.0,1.113,22.2607,0.0,0.0
2026-02-25T04:00:00Z,65390.04,65448.36,64880.51,64881.88,65150.2,1302836609742.0,177582016567.0,-0.007771,0.008684,65383.61,0.007733,1,20,0.0,0.0,0.0,0.0,0.0,0.0,1.1311,22.6224,0.0,0.0
2026-02-25T08:00:00Z,65017.32,65544.01,65017.32,65383.61,65362.94,1306833201722.0,174186933311.0,0.005634,0.008101,66951.85,0.023985,1,20,0.0,0.0,0.0,0.0,0.0,0.0,0.9298,18.595,0.0,0.0
2026-02-25T12:00:00Z,65410.96,66951.85,65410.96,66951.85,66167.08,1322095691506.0,173916638859.0,0.023557,0.023557,69340.36,0.035675,1,20,0.0,0.0,0.0,0.0,0.0,0.0,1.0957,21.9131,0.0,0.0
2026-02-25T16:00:00Z,67415.15,69340.36,67415.15,69340.36,68419.86,1367499638261.0,193254788518.0,0.028558,0.028558,68441.72,-0.01296,0,20,0.0,0.0,0.0,0.0,0.0,0.0,1.0148,20.2964,0.0,0.0
2026-02-25T20:00:00Z,69050.96,69161.64,68441.72,68441.72,68908.26,1377364401190.0,214806389779.0,-0.008823,0.010426,68268.59,-0.00253,0,20,0.0,0.0,0.0,0.0,0.0,0.0,1.2362,24.7236,0.0,0.0
2026-02-26T00:00:00Z,67954.59,68350.69,67954.59,68268.59,68208.52,1364023288733.0,216836179412.0,0.004621,0.005829,68178.63,-0.001318,0,20,0.0,0.0,0.0,0.0,0.0,0.0,1.1691,23.3821,0.0,0.0
2026-02-26T04:00:00Z,68208.53,68588.07,68178.63,68178.63,68352.24,1366824275865.0,211274582316.0,-0.000438,0.006003,68299.3,0.00177,1,20,0.0,0.0,0.0,0.0,0.0,0.0,0.8438,16.8751,0.0,0.0
2026-02-26T08:00:00Z,67849.39,68571.6,67849.39,68299.3,68169.39,1363247602455.0,233320935800.0,0.006631,0.010644,67688.05,-0.00895,0,20,0.0,0.0,0.0,0.0,0.0,0.0,1.0801,21.6022,0.0,0.0
2026-02-26T12:00:00Z,68033.58,68170.72,67688.05,67688.05,67951.02,1358605024260.0,231912001073.0,-0.005079,0.007095,67323.79,-0.005381,0,20,0.0,0.0,0.0,0.0,0.0,0.0,0.9639,19.2785,0.0,0.0
2026-02-26T16:00:00Z,67386.86,67386.86,66641.59,67323.79,67046.14,1339958730620.0,219339949389.0,-0.000936,0.01106,67559.78,0.003505,1,20,0.0,0.0,0.0,0.0,0.0,0.0,1.2179,24.3571,0.0,0.0
2026-02-26T20:00:00Z,67584.88,67584.88,67383.36,67559.78,67494.12,1349807981328.0,198584449897.0,-0.000371,0.002982,67330.59,-0.003392,0,20,0.0,0.0,0.0,0.0,0.0,0.0,0.8249,16.4981,0.0,0.0
2026-02-27T00:00:00Z,67461.33,67461.33,67222.79,67330.59,67340.59,1346397473335.0,178469934146.0,-0.001938,0.003536,67664.13,0.004954,1,20,0.0,0.0,0.0,0.0,0.0,0.0,1.0741,21.4821,0.0,0.0
2026-02-27T04:00:00Z,67617.94,67736.14,67617.94,67664.13,67684.93,1353726091157.0,177149515426.0,0.000683,0.001748,66633.33,-0.015234,0,20,0.0,0.0,0.0,0.0,0.0,0.0,0.9086,18.1723,0.0,0.0
2026-02-27T08:00:00Z,67693.94,67938.64,66633.33,66633.33,67408.69,1348337339935.0,178654512170.0,-0.015668,0.019282,66063.83,-0.008547,0,20,0.0,0.0,0.0,0.0,0.0,0.0,0.9272,18.5448,0.0,0.0
2026-02-27T12:00:00Z,66137.86,66256.92,65904.76,66063.83,66090.84,1320038463560.0,191465226369.0,-0.001119,0.005325,65299.54,-0.011569,0,20,0.0,0.0,0.0,0.0,0.0,0.0,0.7485,14.9694,0.0,0.0
2026-02-27T16:00:00Z,66113.33,66113.33,65299.54,65299.54,65657.4,1312991213652.0,180430391055.0,-0.012309,0.012309,65612.8,0.004797,1,20,0.0,0.0,0.0,0.0,0.0,0.0,0.9987,19.974,0.0,0.0
2026-02-27T20:00:00Z,65405.87,65612.8,65405.87,65612.8,65531.21,1310207774899.0,171502011902.0,0.003164,0.003164,65966.53,0.005391,1,20,0.0,0.0,0.0,0.0,0.0,0.0,1.3158,26.3163,0.0,0.0
2026-02-28T00:00:00Z,65878.84,65966.53,65808.0,65966.53,65898.7,1317823832497.0,168344347534.0,0.001331,0.002406,63176.93,-0.042288,0,20,0.0,0.0,0.0,0.0,0.0,0.0,1.0656,21.313,0.0,0.0
2026-02-28T04:00:00Z,65788.15,65788.15,63176.93,63176.93,65041.24,1300734773556.0,160184031106.0,-0.039691,0.039691,64006.61,0.013133,1,20,0.0,0.0,0.0,0.0,0.0,0.0,0.9888,19.7766,0.0,0.0
2026-02-28T08:00:00Z,63810.11,64006.61,63476.5,64006.61,63737.73,1274736147190.0,179668431270.0,0.003079,0.008308,64469.59,0.007233,1,20,0.0,0.0,0.0,0.0,0.0,0.0,1.1443,22.8857,0.0,0.0
2026-02-28T12:00:00Z,63861.76,65140.36,63861.76,64469.59,64368.85,1285151241004.0,174926232571.0,0.009518,0.020021,65917.05,0.022452,1,20,0.0,0.0,0.0,0.0,0.0,0.0,0.9696,19.3913,0.0,0.0
2026-02-28T16:00:00Z,64855.35,65917.05,64855.35,65917.05,65319.21,1306048455349.0,166062297352.0,0.01637,0.01637,67185.75,0.019247,1,20,0.0,0.0,0.0,0.0,0.0,0.0,1.1124,22.2478,0.0,0.0
2026-02-28T20:00:00Z,66356.5,67185.75,66356.5,67185.75,66808.1,1335173399233.0,171261218248.0,0.012497,0.012497,67767.31,0.008656,1,20,0.0,0.0,0.0,0.0,0.0,0.0,1.0298,20.5951,0.0,0.0
2026-03-01T00:00:00Z,66995.19,67767.31,66809.97,67767.31,67210.24,1344066668221.0,193405974958.0,0.011525,0.01429,66933.91,-0.012298,0,20,0.0,0.0,0.0,0.0,0.0,0.0,1.0653,21.3067,0.0,0.0
2026-03-01T04:00:00Z,67526.96,67526.96,66933.91,66933.91,67283.04,1345243791783.0,208764405636.0,-0.008782,0.008782,66467.92,-0.006962,0,20,0.0,0.0,0.0,0.0,0.0,0.0,0.9793,19.586,0.0,0.0
2026-03-01T08:00:00Z,67136.88,67136.88,66428.75,66467.92,66647.64,1332426309250.0,188186877341.0,-0.009964,0.010548,66862.51,0.005937,1,20,0.0,0.0,0.0,0.0,0.0,0.0,0.9878,19.7564,0.0,0.0
2026-03-01T12:00:00Z,66464.76,66978.01,66321.46,66862.51,66656.68,1333106495047.0,175446512731.0,0.005984,0.009878,66317.3,-0.008154,0,20,0.0,0.0,0.0,0.0,0.0,0.0,0.9481,18.9615,0.0,0.0
2026-03-01T16:00:00Z,66912.03,66912.03,66026.84,66317.3,66342.59,1327039560315.0,175301773634.0,-0.008888,0.013229,65226.86,-0.016443,0,20,0.0,0.0,0.0,0.0,0.0,0.0,0.9947,19.8931,0.0,0.0
2026-03-01T20:00:00Z,65958.6,65958.6,65226.86,65226.86,65551.34,1310773453050.0,171780871058.0,-0.011094,0.011094,66291.95,0.016329,1,20,0.0,0.0,0.0,0.0,0.0,0.0,0.969,19.3798,0.0,0.0
2026-03-02T00:00:00Z,65736.2,66537.97,65736.2,66291.95,66272.72,1325543502580.0,175456651823.0,0.008454,0.012197,66204.55,-0.001318,0,20,0.0,0.0,0.0,0.0,0.0,0.0,0.8955,17.9097,0.0,0.0
2026-03-02T04:00:00Z,66827.45,66827.45,66204.55,66204.55,66641.14,1332772691638.0,169029645331.0,-0.009321,0.009321,66264.52,0.000906,1,20,0.0,0.0,0.0,0.0,0.0,0.0,1.0748,21.4968,0.0,0.0
2026-03-02T08:00:00Z,65967.07,66264.52,65967.07,66264.52,66164.69,1323055410246.0,172886182596.0,0.004509,0.004509,67038.38,0.011678,1,20,0.0,0.0,0.0,0.0,0.0,0.0,0.9243,18.4864,0.0,0.0
2026-03-02T12:00:00Z,66338.32,67038.38,65415.51,67038.38,66185.68,1322983208900.0,185901295168.0,0.010553,0.024464,68907.88,0.027887,1,20,0.0,0.0,0.0,0.0,0.0,0.0,1.167,23.3398,0.0,0.0
2026-03-02T16:00:00Z,69099.86,69482.0,68907.88,68907.88,69163.73,1383167076098.0,238983534229.0,-0.002778,0.008309,69388.34,0.006973,1,20,0.0,0.0,0.0,0.0,0.0,0.0,1.1254,22.5079,0.0,0.0
2026-03-02T20:00:00Z,68957.55,69429.27,68957.55,69388.34,69256.3,1384922619787.0,250093727437.0,0.006247,0.006841,68502.27,-0.01277,0,20,0.0,0.0,0.0,0.0,0.0,0.0,1.3098,26.1967,0.0,0.0
2026-03-03T00:00:00Z,68810.7,69026.21,68502.27,68502.27,68799.16,1375967832100.0,301962140162.0,-0.004482,0.007614,68090.58,-0.00601,0,20,0.0,0.0,0.0,0.0,0.0,0.0,0.6073,12.146,0.0,0.0
2026-03-03T04:00:00Z,68360.79,68360.79,67942.93,68090.58,68126.32,1361515255739.0,235975241129.0,-0.003953,0.006113,66813.1,-0.018761,0,20,0.0,0.0,0.0,0.0,0.0,0.0,0.9009,18.0177,0.0,0.0
2026-03-03T08:00:00Z,68158.42,68158.42,66628.77,66813.1,67140.82,1342715579277.0,237486709289.0,-0.019738,0.022443,66634.29,-0.002676,0,20,0.0,0.0,0.0,0.0,0.0,0.0,1.0495,20.99,0.0,0.0
2026-03-03T12:00:00Z,67060.44,67380.54,66634.29,66634.29,66999.76,1339525908085.0,243115259985.0,-0.006355,0.011128,68657.75,0.030367,1,20,0.0,0.0,0.0,0.0,0.0,0.0,1.0992,21.985,0.0,0.0
2026-03-03T16:00:00Z,67711.78,68657.75,67711.78,68657.75,68230.54,1364172331995.0,218892526783.0,0.013971,0.013971,68265.41,-0.005714,0,20,0.0,0.0,0.0,0.0,0.0,0.0,1.0254,20.5089,0.0,0.0
2026-03-03T20:00:00Z,68457.6,68457.6,68053.56,68265.41,68248.41,1364964252200.0,213806554037.0,-0.002807,0.005902,68283.28,0.000262,1,20,0.0,0.0,0.0,0.0,0.0,0.0,1.1253,22.5062,0.0,0.0
2026-03-04T00:00:00Z,68292.19,68416.37,68157.54,68283.28,68287.34,1365815150195.0,212545404148.0,-0.000131,0.00379,68494.15,0.003088,1,20,0.0,0.0,0.0,0.0,0.0,0.0,1.0149,20.2983,0.0,0.0
2026-03-04T04:00:00Z,67727.15,68494.15,67727.15,68494.15,68048.43,1360852332648.0,218022670124.0,0.011325,0.011325,71312.35,0.041145,1,20,0.0,0.0,0.0,0.0,0.0,0.0,0.9744,19.4878,0.0,0.0
2026-03-04T08:00:00Z,69507.01,71525.17,69507.01,71312.35,70832.99,1415320543832.0,246512086120.0,0.025974,0.029035,71725.07,0.005787,1,20,0.0,0.0,0.0,0.0,0.0,0.0,0.9415,18.8291,0.0,0.0
2026-03-04T12:00:00Z,71124.69,71725.07,71124.69,71725.07,71411.63,1427424293187.0,271477217559.0,0.008441,0.008441,73648.65,0.026819,1,20,0.0,0.0,0.0,0.0,0.0,0.0,1.1729,23.4578,0.0,0.0
2026-03-04T16:00:00Z,73394.48,73648.65,73247.38,73648.65,73401.67,1466931355556.0,303525158070.0,0.003463,0.005467,72719.81,-0.012612,0,20,0.0,0.0,0.0,0.0,0.0,0.0,0.957,19.1395,0.0,0.0
2026-03-04T20:00:00Z,73669.78,73669.78,72719.81,72719.81,73221.0,1463663683565.0,319048762888.0,-0.012895,0.012895,72477.6,-0.003331,0,20,0.0,0.0,0.0,0.0,0.0,0.0,0.8922,17.8448,0.0,0.0
2026-03-05T00:00:00Z,72718.89,72792.81,72477.6,72477.6,72633.32,1452168657850.0,326610462466.0,-0.003318,0.004335,72558.81,0.00112,1,19,0.0,0.0,0.0,0.0,0.0,0.0,0.9155,17.3937,0.0,0.0
2026-03-05T04:00:00Z,72504.39,72826.29,72398.02,72558.81,72571.88,1451322629736.0,316109742473.0,0.000751,0.005907,73406.87,0.011688,1,20,0.0,0.0,0.0,0.0,0.0,0.0,0.8649,17.2985,0.0,0.0
2026-03-05T08:00:00Z,72058.09,73406.87,72058.09,73406.87,72598.76,1451425688643.0,288723543786.0,0.018718,0.018718,72619.9,-0.010721,0,20,0.0,0.0,0.0,0.0,0.0,0.0,0.9995,19.9903,0.0,0.0
2026-03-05T12:00:00Z,72896.38,72956.71,72488.16,72619.9,72740.29,1454652842058.0,281004669673.0,-0.003793,0.006428,70979.17,-0.022593,0,20,0.0,0.0,0.0,0.0,0.0,0.0,1.0835,21.6702,0.0,0.0
2026-03-05T16:00:00Z,71594.57,71594.57,70744.22,70979.17,71146.42,1422668724941.0,251982243106.0,-0.008596,0.011877,71233.22,0.003579,1,20,0.0,0.0,0.0,0.0,0.0,0.0,1.0854,21.7086,0.0,0.0
2026-03-05T20:00:00Z,70953.81,71265.64,70953.81,71233.22,71152.0,1422851588133.0,228708450811.0,0.003938,0.004395,71240.54,0.000103,1,20,0.0,0.0,0.0,0.0,0.0,0.0,0.966,19.3207,0.0,0.0
2026-03-06T00:00:00Z,70878.27,71240.54,70878.27,71240.54,71079.69,1421271635294.0,217422750885.0,0.005111,0.005111,70622.5,-0.008675,0,20,0.0,0.0,0.0,0.0,0.0,0.0,1.0059,20.1184,0.0,0.0
2026-03-06T04:00:00Z,71066.03,71066.03,70435.79,70622.5,70681.08,1413037944851.0,209797443350.0,-0.006241,0.008868,70527.99,-0.001338,0,20,0.0,0.0,0.0,0.0,0.0,0.0,1.1147,22.2937,0.0,0.0
2026-03-06T08:00:00Z,71059.34,71059.34,70527.99,70527.99,70725.19,1414855376812.0,200832953578.0,-0.007478,0.007478,68403.27,-0.030126,0,20,0.0,0.0,0.0,0.0,0.0,0.0,0.9628,19.255,0.0,0.0
2026-03-06T12:00:00Z,70196.22,70196.22,68403.27,68403.27,69617.26,1392049272415.0,194081452301.0,-0.025542,0.025542,68225.35,-0.002601,0,20,0.0,0.0,0.0,0.0,0.0,0.0,1.0589,21.1777,0.0,0.0
2026-03-06T16:00:00Z,68534.06,68534.06,67974.71,68225.35,68297.5,1366013684536.0,196824842292.0,-0.004505,0.008162,68413.33,0.002755,1,20,0.0,0.0,0.0,0.0,0.0,0.0,0.9923,19.8453,0.0,0.0
2026-03-06T20:00:00Z,68136.55,68413.33,68122.79,68413.33,68242.75,1364857388616.0,187204591334.0,0.004062,0.004264,68341.33,-0.001052,0,20,0.0,0.0,0.0,0.0,0.0,0.0,0.9308,18.6161,0.0,0.0
2026-03-07T00:00:00Z,68133.41,68341.33,68133.41,68341.33,68266.19,1365160885287.0,179341966613.0,0.003052,0.003052,67691.49,-0.009509,0,20,0.0,0.0,0.0,0.0,0.0,0.0,1.0502,21.0045,0.0,0.0
2026-03-07T04:00:00Z,68117.05,68117.05,67691.49,67691.49,67968.68,1359737183703.0,167758009441.0,-0.006248,0.006248,67873.16,0.002684,1,20,0.0,0.0,0.0,0.0,0.0,0.0,1.0022,20.0431,0.0,0.0
2026-03-07T08:00:00Z,67834.61,67998.53,67765.62,67873.16,67867.98,1357389861524.0,159757713355.0,0.000568,0.003433,68019.16,0.002151,1,20,0.0,0.0,0.0,0.0,0.0,0.0,1.3718,27.436,0.0,0.0
2026-03-07T12:00:00Z,68013.72,68019.16,67916.1,68019.16,67985.02,1359696085810.0,138444663526.0,8e-05,0.001515,67568.88,-0.00662,0,20,0.0,0.0,0.0,0.0,0.0,0.0,1.1326,22.6521,0.0,0.0
2026-03-07T16:00:00Z,67899.15,67899.15,67568.88,67568.88,67763.66,1355749537912.0,103122853975.0,-0.004864,0.004864,67249.11,-0.004732,0,20,0.0,0.0,0.0,0.0,0.0,0.0,1.2129,24.2574,0.0,0.0
2026-03-07T20:00:00Z,67094.31,67439.68,67094.31,67249.11,67295.68,1345559129642.0,99248751260.0,0.002307,0.005147,66935.59,-0.004662,0,20,0.0,0.0,0.0,0.0,0.0,0.0,0.9598,19.1959,0.0,0.0
2026-03-08T00:00:00Z,67267.81,67281.09,66935.59,66935.59,67170.43,1343673734834.0,98997401660.0,-0.004939,0.005136,67167.13,0.003459,1,20,0.0,0.0,0.0,0.0,0.0,0.0,0.9814,19.6274,0.0,0.0
2026-03-08T04:00:00Z,67017.06,67167.13,66636.37,67167.13,66992.83,1340300601038.0,104183356953.0,0.002239,0.00792,67884.76,0.010684,1,20,0.0,0.0,0.0,0.0,0.0,0.0,0.9564,19.1273,0.0,0.0
2026-03-08T08:00:00Z,67317.68,67884.76,67317.68,67884.76,67612.72,1352091929640.0,106432606569.0,0.008424,0.008424,67321.59,-0.008296,0,20,0.0,0.0,0.0,0.0,0.0,0.0,1.1688,23.3751,0.0,0.0
2026-03-08T12:00:00Z,67514.25,67514.25,67248.52,67321.59,67351.98,1347028321524.0,118004785157.0,-0.002854,0.003936,66847.67,-0.00704,0,20,0.0,0.0,0.0,0.0,0.0,0.0,0.9593,19.1856,0.0,0.0
2026-03-08T16:00:00Z,67198.72,67198.72,66847.67,66847.67,66986.0,1339473747822.0,126464714356.0,-0.005224,0.005224,66243.61,-0.009036,0,20,0.0,0.0,0.0,0.0,0.0,0.0,1.1453,22.906,0.0,0.0
2026-03-08T20:00:00Z,67297.55,67297.55,66243.61,66243.61,66939.53,1338864819821.0,128128696097.0,-0.015661,0.015661,66577.39,0.005039,1,20,0.0,0.0,0.0,0.0,0.0,0.0,1.0402,20.805,0.0,0.0
2026-03-09T00:00:00Z,65962.94,66577.39,65962.94,66577.39,66278.55,1325907357788.0,152021976626.0,0.009315,0.009315,67277.57,0.010517,1,20,0.0,0.0,0.0,0.0,0.0,0.0,1.1163,22.3264,0.0,0.0
2026-03-09T04:00:00Z,67197.08,67860.79,67143.74,67277.57,67369.79,1347415673066.0,161927193262.0,0.001198,0.010671,67608.59,0.00492,1,20,0.0,0.0,0.0,0.0,0.0,0.0,0.96,19.1994,0.0,0.0
2026-03-09T08:00:00Z,67544.0,68007.34,67544.0,67608.59,67739.83,1354848663323.0,176899415608.0,0.000956,0.00686,69151.01,0.022814,1,20,0.0,0.0,0.0,0.0,0.0,0.0,1.1432,22.8633,0.0,0.0
2026-03-09T12:00:00Z,67772.83,69151.01,67772.83,69151.01,68523.4,1370300527563.0,183111444426.0,0.020335,0.020335,68382.37,-0.011115,0,20,0.0,0.0,0.0,0.0,0.0,0.0,1.1823,23.6454,0.0,0.0
2026-03-09T16:00:00Z,68865.0,68967.56,68382.37,68382.37,68700.27,1374216562950.0,211351892835.0,-0.007008,0.008498,68646.0,0.003855,1,20,0.0,0.0,0.0,0.0,0.0,0.0,1.1107,22.215,0.0,0.0
2026-03-09T20:00:00Z,69013.32,69013.32,68646.0,68646.0,68914.11,1378053482032.0,220926494751.0,-0.005322,0.005322,70275.63,0.02374,1,20,0.0,0.0,0.0,0.0,0.0,0.0,0.9368,18.7361,0.0,0.0
2026-03-10T00:00:00Z,68420.97,70275.63,68420.97,70275.63,69284.12,1385513961366.0,207627044316.0,0.027107,0.027107,69914.6,-0.005137,0,20,0.0,0.0,0.0,0.0,0.0,0.0,0.9251,18.5015,0.0,0.0
2026-03-10T04:00:00Z,69449.86,70044.9,69449.86,69914.6,69842.84,1397166030121.0,207704469484.0,0.006692,0.008568,70770.46,0.012242,1,20,0.0,0.0,0.0,0.0,0.0,0.0,0.9681,19.3629,0.0,0.0
2026-03-10T08:00:00Z,70419.17,71056.9,70419.17,70770.46,70727.3,1414425196782.0,213467628770.0,0.004989,0.009056,71473.03,0.009927,1,20,0.0,0.0,0.0,0.0,0.0,0.0,1.0649,21.2978,0.0,0.0
2026-03-10T12:00:00Z,70612.08,71473.03,69920.66,71473.03,70634.8,1412499286224.0,215295675547.0,0.012193,0.021985,70016.61,-0.020377,0,20,0.0,0.0,0.0,0.0,0.0,0.0,1.0342,20.6832,0.0,0.0
2026-03-10T16:00:00Z,71384.62,71384.62,70016.61,70016.61,70877.13,1417290679217.0,224433928018.0,-0.019164,0.019164,69707.36,-0.004417,0,20,0.0,0.0,0.0,0.0,0.0,0.0,1.0322,20.6449,0.0,0.0
2026-03-10T20:00:00Z,70037.04,70257.54,69707.36,69707.36,69946.59,1398841428727.0,227927306400.0,-0.004707,0.007856,69763.52,0.000806,1,20,0.0,0.0,0.0,0.0,0.0,0.0,1.0556,21.1114,0.0,0.0
2026-03-11T00:00:00Z,69928.92,70080.11,69763.52,69763.52,69957.63,1399041275891.0,225911174649.0,-0.002365,0.004527,69949.21,0.002662,1,20,0.0,0.0,0.0,0.0,0.0,0.0,0.9267,18.5342,0.0,0.0
2026-03-11T04:00:00Z,69557.75,70155.65,69538.61,69949.21,69800.31,1396206143418.0,216487791231.0,0.005628,0.008871,69611.22,-0.004832,0,20,0.0,0.0,0.0,0.0,0.0,0.0,0.9961,19.9225,0.0,0.0
2026-03-11T08:00:00Z,69654.51,69654.51,69463.5,69611.22,69588.43,1391691098791.0,198057443208.0,-0.000622,0.002742,70623.28,0.014539,1,20,0.0,0.0,0.0,0.0,0.0,0.0,1.1212,22.4237,0.0,0.0
2026-03-11T12:00:00Z,69180.66,70623.28,69180.66,70623.28,69832.58,1396357576700.0,198513765779.0,0.020853,0.020853,70632.16,0.000126,1,20,0.0,0.0,0.0,0.0,0.0,0.0,0.9904,19.8088,0.0,0.0
2026-03-11T16:00:00Z,70259.39,70773.24,70259.39,70632.16,70557.39,1412143867974.0,198504404470.0,0.005306,0.007314,70399.57,-0.003293,0,20,0.0,0.0,0.0,0.0,0.0,0.0,0.9503,19.0064,0.0,0.0
2026-03-11T20:00:00Z,70628.55,70740.85,70399.57,70399.57,70605.71,1411406928955.0,196209715310.0,-0.003242,0.004832,69310.47,-0.01547,0,20,0.0,0.0,0.0,0.0,0.0,0.0,0.8513,17.0251,0.0,0.0
2026-03-12T00:00:00Z,70202.89,70222.97,69310.47,69310.47,69891.43,1397980548759.0,188122621204.0,-0.012712,0.012998,69477.58,0.002411,1,20,0.0,0.0,0.0,0.0,0.0,0.0,0.8493,16.9865,0.0,0.0
2026-03-12T04:00:00Z,69437.43,69477.58,69366.47,69477.58,69434.57,1388629306646.0,180012770498.0,0.000578,0.0016,70410.78,0.013432,1,20,0.0,0.0,0.0,0.0,0.0,0.0,0.8638,17.2768,0.0,0.0
2026-03-12T08:00:00Z,69819.14,70410.78,69819.14,70410.78,70017.15,1400435759094.0,183122656169.0,0.008474,0.008474,69573.45,-0.011892,0,20,0.0,0.0,0.0,0.0,0.0,0.0,1.1092,22.1841,0.0,0.0
2026-03-12T12:00:00Z,70446.05,70446.05,69573.45,69573.45,70090.17,1401148640806.0,181663327626.0,-0.012387,0.012387,69831.65,0.003711,1,20,0.0,0.0,0.0,0.0,0.0,0.0,1.1775,23.5505,0.0,0.0
2026-03-12T16:00:00Z,70350.71,70400.87,69831.65,69831.65,70200.76,1404735827980.0,176378710567.0,-0.007378,0.008091,70168.75,0.004827,1,20,0.0,0.0,0.0,0.0,0.0,0.0,1.0034,20.0684,0.0,0.0
2026-03-12T20:00:00Z,70478.89,70478.89,70168.75,70168.75,70289.04,1405757157729.0,171568139288.0,-0.0044,0.0044,71157.3,0.014088,1,20,0.0,0.0,0.0,0.0,0.0,0.0,1.0309,20.6189,0.0,0.0
2026-03-13T00:00:00Z,70495.68,71636.02,70495.68,71157.3,71193.54,1423337524563.0,183445850870.0,0.009385,0.016176,71347.22,0.002669,1,20,0.0,0.0,0.0,0.0,0.0,0.0,0.7975,15.9505,0.0,0.0
2026-03-13T04:00:00Z,71402.45,71605.43,71332.36,71347.22,71421.86,1428551751675.0,190434445124.0,-0.000773,0.003824,72479.0,0.015863,1,20,0.0,0.0,0.0,0.0,0.0,0.0,1.0651,21.3019,0.0,0.0
2026-03-13T08:00:00Z,71626.31,72479.0,71626.31,72479.0,71983.93,1439290260224.0,197212427982.0,0.011905,0.011905,72418.4,-0.000836,0,20,0.0,0.0,0.0,0.0,0.0,0.0,0.9008,18.0162,0.0,0.0
2026-03-13T12:00:00Z,72257.33,73479.77,72257.33,72418.4,72741.66,1455472784164.0,210178868224.0,0.002229,0.016918,71073.13,-0.018576,0,20,0.0,0.0,0.0,0.0,0.0,0.0,0.9678,19.3557,0.0,0.0
2026-03-13T16:00:00Z,71826.53,71929.65,71008.47,71073.13,71459.45,1429457649280.0,244061349710.0,-0.010489,0.012825,70794.09,-0.003926,0,20,0.0,0.0,0.0,0.0,0.0,0.0,1.0783,21.5658,0.0,0.0
2026-03-13T20:00:00Z,71182.38,71352.09,70794.09,70794.09,71117.94,1422911088911.0,249535219900.0,-0.005455,0.007839,70856.09,0.000876,1,20,0.0,0.0,0.0,0.0,0.0,0.0,1.0007,20.014,0.0,0.0
2026-03-14T00:00:00Z,70965.28,70965.28,70689.05,70856.09,70842.57,1416863642721.0,238408197746.0,-0.001539,0.003892,70652.39,-0.002875,0,20,0.0,0.0,0.0,0.0,0.0,0.0,1.1321,22.6415,0.0,0.0
2026-03-14T04:00:00Z,71077.09,71077.09,70652.39,70652.39,70944.99,1419362086355.0,227642554955.0,-0.005975,0.005975,70555.9,-0.001366,0,20,0.0,0.0,0.0,0.0,0.0,0.0,0.8773,17.5455,0.0,0.0
2026-03-14T08:00:00Z,70601.52,70601.52,70539.27,70555.9,70569.31,1411487184812.0,212911798308.0,-0.000646,0.000882,70619.82,0.000906,1,20,0.0,0.0,0.0,0.0,0.0,0.0,1.1313,22.6269,0.0,0.0
2026-03-14T12:00:00Z,70714.6,70882.78,70619.82,70619.82,70735.39,1415017658599.0,185523547925.0,-0.00134,0.003719,70690.05,0.000994,1,20,0.0,0.0,0.0,0.0,0.0,0.0,0.9815,19.6298,0.0,0.0
2026-03-14T16:00:00Z,70602.17,70690.05,70602.17,70690.05,70648.84,1413060943711.0,123335183855.0,0.001245,0.001245,70723.78,0.000477,1,20,0.0,0.0,0.0,0.0,0.0,0.0,1.0743,21.4854,0.0,0.0
2026-03-14T20:00:00Z,70703.14,70835.17,70703.14,70723.78,70767.96,1415406722082.0,101309864497.0,0.000292,0.001867,71448.56,0.010248,1,20,0.0,0.0,0.0,0.0,0.0,0.0,0.9469,18.938,0.0,0.0
2026-03-15T00:00:00Z,71122.94,71448.56,71019.86,71448.56,71188.63,1424182591361.0,88985768819.0,0.004578,0.006028,71454.96,9e-05,1,20,0.0,0.0,0.0,0.0,0.0,0.0,0.9199,18.3973,0.0,0.0
2026-03-15T04:00:00Z,71426.78,71576.93,71426.78,71454.96,71499.71,1429498643037.0,89452380524.0,0.000394,0.002102,71796.9,0.004785,1,0,0.0,0.0,0.0,0.0,0.0,0.0,0.0,0.0,0.0,0.0
2026-03-15T08:00:00Z,71449.02,71827.48,71449.02,71796.9,71677.46,1433713441061.0,88966953953.0,0.004869,0.005297,71609.51,-0.00261,0,20,0.0,0.0,0.0,0.0,0.0,0.0,1.1001,22.0025,0.0,0.0
2026-03-15T12:00:00Z,71849.27,71849.27,71557.57,71609.51,71658.21,1433381576860.0,90457405513.0,-0.003337,0.00406,71389.65,-0.00307,0,20,0.0,0.0,0.0,0.0,0.0,0.0,1.1233,22.4657,0.0,0.0
2026-03-15T16:00:00Z,71491.25,71831.07,71389.65,71389.65,71535.63,1431095060026.0,89527327428.0,-0.001421,0.006174,72783.29,0.019522,1,20,0.0,0.0,0.0,0.0,0.0,0.0,1.1099,22.1972,0.0,0.0
2026-03-15T20:00:00Z,71557.04,72783.29,71557.04,72783.29,72045.41,1440709756009.0,100015105788.0,0.017137,0.017137,72565.34,-0.002994,0,20,0.0,0.0,0.0,0.0,0.0,0.0,0.6779,13.5576,0.0,0.0
2026-03-16T00:00:00Z,72799.18,72799.18,72560.02,72565.34,72669.55,1453940118052.0,118692301748.0,-0.003212,0.003285,73765.32,0.016537,1,20,0.0,0.0,0.0,0.0,0.0,0.0,1.0597,21.1945,0.0,0.0
2026-03-16T04:00:00Z,73658.23,74157.34,73658.23,73765.32,73860.71,1478006511431.0,146041489477.0,0.001454,0.006776,73734.91,-0.000412,0,20,0.0,0.0,0.0,0.0,0.0,0.0,0.9978,19.9559,0.0,0.0
2026-03-16T08:00:00Z,73485.99,73734.91,73138.37,73734.91,73404.65,1468190637730.0,168344810958.0,0.003387,0.008118,73446.18,-0.003916,0,20,0.0,0.0,0.0,0.0,0.0,0.0,1.0963,21.9259,0.0,0.0
2026-03-16T12:00:00Z,73565.81,74019.41,73446.18,73446.18,73718.68,1474323487815.0,180241005037.0,-0.001626,0.007792,73957.41,0.006961,1,20,0.0,0.0,0.0,0.0,0.0,0.0,1.0305,20.6105,0.0,0.0
2026-03-16T16:00:00Z,73263.88,73957.41,73263.88,73957.41,73735.07,1475041487078.0,212369047059.0,0.009466,0.009466,74717.39,0.010276,1,20,0.0,0.0,0.0,0.0,0.0,0.0,1.1609,23.2175,0.0,0.0
2026-03-16T20:00:00Z,73958.31,74717.39,73958.31,74717.39,74334.94,1486696499138.0,227903220439.0,0.010264,0.010264,75197.44,0.006425,1,20,0.0,0.0,0.0,0.0,0.0,0.0,1.0712,21.4233,0.0,0.0
2026-03-17T00:00:00Z,74858.15,75632.41,74858.15,75197.44,75215.29,1503554371383.0,239337392185.0,0.004533,0.010343,74080.29,-0.014856,0,20,0.0,0.0,0.0,0.0,0.0,0.0,0.9378,18.7558,0.0,0.0
2026-03-17T04:00:00Z,74426.48,74426.48,74004.71,74080.29,74197.75,1484142110009.0,238520322216.0,-0.004651,0.005667,73727.02,-0.004769,0,20,0.0,0.0,0.0,0.0,0.0,0.0,0.9219,18.4389,0.0,0.0
2026-03-17T08:00:00Z,74251.47,74251.47,73727.02,73727.02,74024.25,1481061539692.0,229388498756.0,-0.007063,0.007063,74372.32,0.008753,1,19,0.0,0.0,0.0,0.0,0.0,0.0,1.2304,23.3773,0.0,0.0
2026-03-17T12:00:00Z,74049.99,74372.32,73664.93,74372.32,73950.93,1478988415566.0,224886256877.0,0.004353,0.009553,74686.03,0.004218,1,20,0.0,0.0,0.0,0.0,0.0,0.0,1.0993,21.9868,0.0,0.0
2026-03-17T16:00:00Z,73938.46,74686.03,73938.46,74686.03,74321.83,1486816265790.0,218268843478.0,0.010111,0.010111,74313.12,-0.004993,0,20,0.0,0.0,0.0,0.0,0.0,0.0,0.8281,16.5617,0.0,0.0
2026-03-17T20:00:00Z,74511.44,74690.91,74313.12,74313.12,74518.11,1490220846094.0,205142336485.0,-0.002662,0.00507,74358.62,0.000612,1,20,0.0,0.0,0.0,0.0,0.0,0.0,1.05,21.0004,0.0,0.0
2026-03-18T00:00:00Z,73926.28,74358.62,73854.97,74358.62,74058.06,1481513473354.0,184351687693.0,0.005848,0.006813,73961.88,-0.005336,0,20,0.0,0.0,0.0,0.0,0.0,0.0,0.8724,17.4472,0.0,0.0
2026-03-18T04:00:00Z,74494.67,74494.67,73946.73,73961.88,74145.78,1482887612780.0,157866760819.0,-0.007152,0.007355,73939.52,-0.000302,0,20,0.0,0.0,0.0,0.0,0.0,0.0,0.8505,17.0094,0.0,0.0
2026-03-18T08:00:00Z,73890.21,74163.78,73890.21,73939.52,74007.4,1480174474448.0,143616691688.0,0.000667,0.003702,71297.86,-0.035727,0,20,0.0,0.0,0.0,0.0,0.0,0.0,1.0364,20.7277,0.0,0.0
2026-03-18T12:00:00Z,72953.73,72953.73,71297.86,71297.86,72176.57,1444536519769.0,159660237438.0,-0.022698,0.022698,71026.62,-0.003804,0,20,0.0,0.0,0.0,0.0,0.0,0.0,0.9304,18.6081,0.0,0.0
2026-03-18T16:00:00Z,71518.8,71626.31,71026.62,71026.62,71375.09,1428719811015.0,176821913838.0,-0.006882,0.008385,71136.52,0.001547,1,20,0.0,0.0,0.0,0.0,0.0,0.0,0.9639,19.2782,0.0,0.0
2026-03-18T20:00:00Z,71074.62,71292.59,71074.62,71136.52,71185.46,1424184458147.0,187083709536.0,0.000871,0.003067,71052.21,-0.001185,0,20,0.0,0.0,0.0,0.0,0.0,0.0,0.786,15.72,0.0,0.0
2026-03-19T00:00:00Z,71256.66,71256.66,70995.49,71052.21,71111.15,1422715695786.0,187630084694.0,-0.002869,0.003665,70551.56,-0.007046,0,20,0.0,0.0,0.0,0.0,0.0,0.0,0.9923,19.8451,0.0,0.0
2026-03-19T04:00:00Z,71225.16,71225.16,70551.56,70551.56,70863.06,1417653567766.0,187303823859.0,-0.009457,0.009457,70125.92,-0.006033,0,20,0.0,0.0,0.0,0.0,0.0,0.0,0.8747,17.4934,0.0,0.0
2026-03-19T08:00:00Z,70212.67,70492.23,69971.4,70125.92,70200.55,1404696309735.0,202945571674.0,-0.001235,0.007418,69550.63,-0.008204,0,20,0.0,0.0,0.0,0.0,0.0,0.0,0.7648,15.297,0.0,0.0
2026-03-19T12:00:00Z,69934.93,69934.93,69298.88,69550.63,69669.02,1393605079220.0,194465300287.0,-0.005495,0.009095,69818.76,0.003855,1,20,0.0,0.0,0.0,0.0,0.0,0.0,1.0772,21.5445,0.0,0.0
2026-03-19T16:00:00Z,69454.09,69849.44,69446.04,69818.76,69642.08,1392927005946.0,189384428392.0,0.005251,0.005808,70147.45,0.004708,1,20,0.0,0.0,0.0,0.0,0.0,0.0,1.0649,21.2981,0.0,0.0
2026-03-19T20:00:00Z,70284.79,70491.57,70147.45,70147.45,70349.03,1406875040440.0,183506829731.0,-0.001954,0.004896,70435.79,0.00411,1,20,0.0,0.0,0.0,0.0,0.0,0.0,1.0156,20.311,0.0,0.0
2026-03-20T00:00:00Z,69912.33,70435.79,69912.33,70435.79,70248.69,1405721024935.0,183572685212.0,0.007487,0.007487,70485.68,0.000708,1,19,0.0,0.0,0.0,0.0,0.0,0.0,0.9596,18.2323,0.0,0.0
2026-03-20T04:00:00Z,70741.66,70772.03,70485.68,70485.68,70643.55,1413179377042.0,180544986655.0,-0.003619,0.004048,70593.94,0.001536,1,20,0.0,0.0,0.0,0.0,0.0,0.0,1.1406,22.8119,0.0,0.0
2026-03-20T08:00:00Z,70852.16,71037.67,70559.11,70593.94,70760.72,1415748030359.0,171910905347.0,-0.003645,0.006754,69739.71,-0.012101,0,20,0.0,0.0,0.0,0.0,0.0,0.0,1.1125,22.2498,0.0,0.0
2026-03-20T12:00:00Z,70454.23,70454.23,69739.71,69739.71,70092.84,1402410740485.0,163849142023.0,-0.010142,0.010142,69731.46,-0.000118,0,20,0.0,0.0,0.0,0.0,0.0,0.0,0.8705,17.4091,0.0,0.0
2026-03-20T16:00:00Z,69824.37,69922.81,69731.46,69731.46,69831.72,1396292462953.0,155778209394.0,-0.001331,0.00274,70781.08,0.015052,1,20,0.0,0.0,0.0,0.0,0.0,0.0,1.0294,20.588,0.0,0.0
2026-03-20T20:00:00Z,70138.74,70781.08,70036.8,70781.08,70370.57,1407679670038.0,155234672633.0,0.009158,0.010612,70717.1,-0.000904,0,20,0.0,0.0,0.0,0.0,0.0,0.0,1.0088,20.177,0.0,0.0
2026-03-21T00:00:00Z,70511.01,70717.1,70476.01,70717.1,70596.81,1412087040179.0,149551824658.0,0.002923,0.003419,70743.58,0.000375,1,20,0.0,0.0,0.0,0.0,0.0,0.0,0.8396,16.7916,0.0,0.0
2026-03-21T04:00:00Z,70681.31,70743.58,70633.26,70743.58,70693.49,1414004539644.0,142648854326.0,0.000881,0.001561,70586.03,-0.002227,0,20,0.0,0.0,0.0,0.0,0.0,0.0,0.7808,15.6151,0.0,0.0
2026-03-21T08:00:00Z,70690.39,70690.39,70582.05,70586.03,70625.55,1412717710799.0,132601673400.0,-0.001476,0.001533,70590.53,6.4e-05,1,20,0.0,0.0,0.0,0.0,0.0,0.0,1.0937,21.8746,0.0,0.0
2026-03-21T12:00:00Z,70635.87,70722.74,70590.53,70590.53,70663.66,1413442484908.0,117751363052.0,-0.000642,0.001872,70407.77,-0.002589,0,20,0.0,0.0,0.0,0.0,0.0,0.0,0.9318,18.6354,0.0,0.0
2026-03-21T16:00:00Z,70642.82,70642.82,70287.02,70407.77,70412.58,1408423019123.0,96199700813.0,-0.003327,0.005037,70292.26,-0.001641,0,20,0.0,0.0,0.0,0.0,0.0,0.0,0.6102,12.2037,0.0,0.0
2026-03-21T20:00:00Z,70377.1,70447.53,70292.26,70292.26,70364.3,1407173207147.0,84491124382.0,-0.001205,0.002206,69304.8,-0.014048,0,20,0.0,0.0,0.0,0.0,0.0,0.0,1.1679,23.358,0.0,0.0
2026-03-22T00:00:00Z,68412.68,69304.8,68412.68,69304.8,68889.46,1379491471001.0,102279006356.0,0.01304,0.01304,69146.85,-0.002279,0,20,0.0,0.0,0.0,0.0,0.0,0.0,1.014,20.2806,0.0,0.0
2026-03-22T04:00:00Z,69330.0,69330.0,69141.6,69146.85,69234.61,1384884910046.0,108284751368.0,-0.002642,0.002717,68654.0,-0.007128,0,20,0.0,0.0,0.0,0.0,0.0,0.0,0.953,19.0608,0.0,0.0
2026-03-22T08:00:00Z,68908.17,68908.17,68654.0,68654.0,68793.81,1376110010234.0,109997366564.0,-0.003689,0.003689,68698.62,0.00065,1,20,0.0,0.0,0.0,0.0,0.0,0.0,1.1736,23.4715,0.0,0.0
2026-03-22T12:00:00Z,68211.08,68722.96,68211.08,68698.62,68570.96,1371712228090.0,115281945720.0,0.007148,0.007504,68572.36,-0.001838,0,20,0.0,0.0,0.0,0.0,0.0,0.0,0.9875,19.7491,0.0,0.0
2026-03-22T16:00:00Z,68821.71,68821.71,68572.36,68572.36,68728.03,1374777400174.0,112807693839.0,-0.003623,0.003623,68296.86,-0.004018,0,20,0.0,0.0,0.0,0.0,0.0,0.0,1.0562,21.124,0.0,0.0
2026-03-22T20:00:00Z,68181.2,68296.86,67836.01,68296.86,68123.48,1362697912062.0,122475840550.0,0.001696,0.006759,68291.62,-7.7e-05,0,20,0.0,0.0,0.0,0.0,0.0,0.0,1.2163,24.3255,0.0,0.0
2026-03-23T00:00:00Z,67848.88,68291.62,67684.18,68291.62,67934.83,1358606212506.0,116203910030.0,0.006525,0.008953,67813.61,-0.007,0,20,0.0,0.0,0.0,0.0,0.0,0.0,1.1189,22.3782,0.0,0.0
2026-03-23T04:00:00Z,68061.76,68856.33,67813.61,67813.61,68309.31,1366132107409.0,116008524718.0,-0.003646,0.01532,68533.57,0.010617,1,20,0.0,0.0,0.0,0.0,0.0,0.0,0.8034,16.0677,0.0,0.0
2026-03-23T08:00:00Z,68302.03,68533.57,68248.66,68533.57,68379.42,1367896482378.0,133588606515.0,0.00339,0.004171,71453.47,0.042605,1,20,0.0,0.0,0.0,0.0,0.0,0.0,0.8827,17.654,0.0,0.0
2026-03-23T12:00:00Z,70090.86,71453.47,70090.86,71453.47,70904.17,1417643075240.0,187993198196.0,0.019441,0.019441,71049.75,-0.00565,0,20,0.0,0.0,0.0,0.0,0.0,0.0,0.9589,19.1777,0.0,0.0
2026-03-23T16:00:00Z,70123.74,71069.35,70123.74,71049.75,70695.7,1414236290830.0,219503353950.0,0.013205,0.013485,70754.11,-0.004161,0,20,0.0,0.0,0.0,0.0,0.0,0.0,1.0301,20.6029,0.0,0.0
2026-03-23T20:00:00Z,70673.84,70898.51,70673.84,70754.11,70799.49,1416088413509.0,222066402489.0,0.001136,0.003179,70429.82,-0.004583,0,20,0.0,0.0,0.0,0.0,0.0,0.0,1.1446,22.8919,0.0,0.0
2026-03-24T00:00:00Z,70892.83,70892.83,70429.82,70429.82,70627.91,1412738552944.0,208341982264.0,-0.006531,0.006531,70502.14,0.001027,1,20,0.0,0.0,0.0,0.0,0.0,0.0,0.8548,17.0964,0.0,0.0
2026-03-24T04:00:00Z,70505.54,70505.54,70252.45,70502.14,70407.0,1408247816469.0,198392975734.0,-4.8e-05,0.00359,71237.84,0.010435,1,20,0.0,0.0,0.0,0.0,0.0,0.0,0.997,19.9403,0.0,0.0
2026-03-24T08:00:00Z,71285.55,71299.67,70926.05,71237.84,71187.28,1423543078632.0,197877586915.0,-0.000669,0.005241,69903.37,-0.018733,0,20,0.0,0.0,0.0,0.0,0.0,0.0,0.7705,15.4094,0.0,0.0
2026-03-24T12:00:00Z,71110.08,71110.08,69903.37,69903.37,70495.92,1410468833491.0,151953881026.0,-0.01697,0.01697,69417.88,-0.006945,0,20,0.0,0.0,0.0,0.0,0.0,0.0,1.1856,23.7111,0.0,0.0
2026-03-24T16:00:00Z,69872.6,69872.6,69179.36,69417.88,69478.2,1390518565915.0,149343300751.0,-0.006508,0.009922,70327.57,0.013105,1,20,0.0,0.0,0.0,0.0,0.0,0.0,0.9211,18.4229,0.0,0.0
2026-03-24T20:00:00Z,69296.7,70327.57,69296.7,70327.57,69979.95,1399568563046.0,157943645344.0,0.014876,0.014876,70485.95,0.002252,1,20,0.0,0.0,0.0,0.0,0.0,0.0,0.9178,18.3551,0.0,0.0
2026-03-25T00:00:00Z,70524.51,70847.89,70485.95,70485.95,70641.85,1413183845484.0,163405999762.0,-0.000547,0.005132,71012.75,0.007474,1,20,0.0,0.0,0.0,0.0,0.0,0.0,1.0227,20.4538,0.0,0.0
2026-03-25T04:00:00Z,70696.82,71082.75,70696.82,71012.75,70927.28,1418147790731.0,161075867157.0,0.004469,0.005459,71494.83,0.006789,1,20,0.0,0.0,0.0,0.0,0.0,0.0,1.077,21.5396,0.0,0.0
2026-03-25T08:00:00Z,70899.67,71494.83,70899.67,71494.83,71240.35,1424843443704.0,162626507007.0,0.008394,0.008394,71291.01,-0.002851,0,20,0.0,0.0,0.0,0.0,0.0,0.0,1.1174,22.3471,0.0,0.0
2026-03-25T12:00:00Z,71651.03,71682.99,71291.01,71291.01,71564.19,1431905569590.0,162292360973.0,-0.005025,0.005471,70762.89,-0.007408,0,20,0.0,0.0,0.0,0.0,0.0,0.0,1.0752,21.5045,0.0,0.0
2026-03-25T16:00:00Z,70843.14,71310.28,70743.13,70762.89,70914.86,1419189892047.0,158980176703.0,-0.001133,0.008006,71343.12,0.0082,1,20,0.0,0.0,0.0,0.0,0.0,0.0,0.9868,19.7355,0.0,0.0
2026-03-25T20:00:00Z,70803.52,71343.12,70803.52,71343.12,71033.04,1420880121924.0,151678469829.0,0.007621,0.007621,70866.96,-0.006674,0,20,0.0,0.0,0.0,0.0,0.0,0.0,1.055,21.1,0.0,0.0
2026-03-26T00:00:00Z,71309.26,71309.26,70866.96,70866.96,71164.36,1423506490300.0,140768402715.0,-0.006203,0.006203,70065.4,-0.011311,0,20,0.0,0.0,0.0,0.0,0.0,0.0,1.0079,20.158,0.0,0.0
2026-03-26T04:00:00Z,70865.83,70865.83,69976.52,70065.4,70415.47,1408641332993.0,140517341748.0,-0.011295,0.012549,69461.64,-0.008617,0,20,0.0,0.0,0.0,0.0,0.0,0.0,0.971,19.4193,0.0,0.0
2026-03-26T08:00:00Z,70060.47,70060.47,69461.64,69461.64,69767.78,1395646283121.0,142336329116.0,-0.008547,0.008547,69462.82,1.7e-05,1,20,0.0,0.0,0.0,0.0,0.0,0.0,1.0816,21.6321,0.0,0.0
2026-03-26T12:00:00Z,69258.39,69530.43,69258.39,69462.82,69416.94,1388337882091.0,150405475438.0,0.002952,0.003928,68432.89,-0.014827,0,20,0.0,0.0,0.0,0.0,0.0,0.0,0.7366,14.7327,0.0,0.0
2026-03-26T16:00:00Z,69052.37,69052.37,68432.89,68432.89,68707.84,1374667060274.0,179090760533.0,-0.008971,0.008971,68826.31,0.005749,1,20,0.0,0.0,0.0,0.0,0.0,0.0,1.0833,21.6663,0.0,0.0
2026-03-26T20:00:00Z,68575.62,68949.53,68575.62,68826.31,68809.93,1376330223303.0,201962357946.0,0.003656,0.005453,68861.18,0.000507,1,20,0.0,0.0,0.0,0.0,0.0,0.0,1.2252,24.5038,0.0,0.0
2026-03-27T00:00:00Z,68791.11,68987.92,68712.99,68861.18,68838.3,1376997292186.0,207797809011.0,0.001019,0.003997,68614.74,-0.003579,0,20,0.0,0.0,0.0,0.0,0.0,0.0,1.0211,20.4224,0.0,0.0
2026-03-27T04:00:00Z,68732.87,68732.87,68544.83,68614.74,68619.25,1372843815371.0,198313149087.0,-0.001719,0.002736,66462.11,-0.031373,0,20,0.0,0.0,0.0,0.0,0.0,0.0,0.9312,18.6242,0.0,0.0
2026-03-27T08:00:00Z,68433.3,68433.3,66462.11,66462.11,67614.56,1352581677973.0,197220724654.0,-0.028804,0.028804,66166.55,-0.004447,0,20,0.0,0.0,0.0,0.0,0.0,0.0,0.6386,12.773,0.0,0.0
2026-03-27T12:00:00Z,66666.37,66666.37,66110.92,66166.55,66383.33,1327356197121.0,211523480721.0,-0.007497,0.008332,65817.96,-0.005268,0,20,0.0,0.0,0.0,0.0,0.0,0.0,1.0179,20.3579,0.0,0.0
2026-03-27T16:00:00Z,66084.97,66084.97,65604.15,65817.96,65859.63,1317418535792.0,220721541771.0,-0.00404,0.007276,65981.97,0.002492,1,20,0.0,0.0,0.0,0.0,0.0,0.0,1.2834,25.6684,0.0,0.0
2026-03-27T20:00:00Z,66036.21,66036.21,65978.76,65981.97,66004.6,1320282588232.0,207736180330.0,-0.000821,0.00087,65995.97,0.000212,1,20,0.0,0.0,0.0,0.0,0.0,0.0,1.0978,21.9562,0.0,0.0
2026-03-28T00:00:00Z,66327.67,66382.83,65995.97,65995.97,66193.48,1324240041355.0,196467868382.0,-0.005001,0.005833,66363.77,0.005573,1,20,0.0,0.0,0.0,0.0,0.0,0.0,1.0283,20.5663,0.0,0.0
2026-03-28T04:00:00Z,66167.61,66363.77,66167.61,66363.77,66257.04,1325292888685.0,187868650943.0,0.002965,0.002965,66178.93,-0.002785,0,20,0.0,0.0,0.0,0.0,0.0,0.0,1.1565,23.1304,0.0,0.0
2026-03-28T08:00:00Z,66516.27,66516.27,66178.93,66178.93,66327.31,1326915129565.0,170659050535.0,-0.005072,0.005072,66707.15,0.007982,1,20,0.0,0.0,0.0,0.0,0.0,0.0,0.8974,17.9478,0.0,0.0
2026-03-28T12:00:00Z,66303.93,66770.26,66303.93,66707.15,66549.29,1331525642488.0,140464786209.0,0.006081,0.007033,66879.95,0.00259,1,20,0.0,0.0,0.0,0.0,0.0,0.0,1.0879,21.7575,0.0,0.0
2026-03-28T16:00:00Z,66946.64,66946.64,66803.08,66879.95,66876.11,1337955087586.0,111549057802.0,-0.000996,0.002144,66694.14,-0.002778,0,20,0.0,0.0,0.0,0.0,0.0,0.0,0.8938,17.8762,0.0,0.0
2026-03-28T20:00:00Z,66851.14,66894.76,66645.15,66694.14,66771.3,1335826683955.0,97402582125.0,-0.002349,0.003734,66735.39,0.000618,1,20,0.0,0.0,0.0,0.0,0.0,0.0,0.9799,19.597,0.0,0.0
2026-03-29T00:00:00Z,66321.07,66735.39,66321.07,66735.39,66497.72,1330239671420.0,96109208737.0,0.006247,0.006247,66688.62,-0.000701,0,20,0.0,0.0,0.0,0.0,0.0,0.0,1.0494,20.9886,0.0,0.0
2026-03-29T04:00:00Z,66860.31,66860.31,66683.71,66688.62,66743.46,1335606228062.0,93839039116.0,-0.002568,0.002641,66469.48,-0.003286,0,20,0.0,0.0,0.0,0.0,0.0,0.0,0.7186,14.3726,0.0,0.0
2026-03-29T08:00:00Z,66630.83,66674.97,66469.48,66469.48,66589.16,1332472776581.0,89525231084.0,-0.002422,0.003084,66517.29,0.000719,1,20,0.0,0.0,0.0,0.0,0.0,0.0,1.1273,22.5456,0.0,0.0
2026-03-29T12:00:00Z,66774.32,66794.3,66517.16,66517.29,66650.77,1333570198988.0,90246651665.0,-0.003849,0.00415,66375.07,-0.002138,0,20,0.0,0.0,0.0,0.0,0.0,0.0,0.8982,17.9634,0.0,0.0
2026-03-29T16:00:00Z,66466.44,66466.44,66331.62,66375.07,66404.4,1328864208381.0,84009064114.0,-0.001375,0.002028,65813.32,-0.008463,0,20,0.0,0.0,0.0,0.0,0.0,0.0,1.1537,23.0737,0.0,0.0
2026-03-29T20:00:00Z,66284.48,66674.77,65813.32,65813.32,66329.67,1326500286969.0,86746302940.0,-0.007108,0.012996,67070.38,0.0191,1,20,0.0,0.0,0.0,0.0,0.0,0.0,1.0627,21.2549,0.0,0.0
2026-03-30T00:00:00Z,65970.43,67070.38,65970.43,67070.38,66468.15,1329548755110.0,104736708384.0,0.016673,0.016673,67274.14,0.003038,1,20,0.0,0.0,0.0,0.0,0.0,0.0,1.173,23.4593,0.0,0.0
2026-03-30T04:00:00Z,67111.63,67548.59,67111.63,67274.14,67349.07,1347443369294.0,115625664597.0,0.002422,0.006511,67434.17,0.002379,1,20,0.0,0.0,0.0,0.0,0.0,0.0,0.9459,18.9188,0.0,0.0
2026-03-30T08:00:00Z,67516.15,67616.61,67434.17,67434.17,67503.89,1350726203839.0,124181098777.0,-0.001214,0.002702,67732.66,0.004426,1,20,0.0,0.0,0.0,0.0,0.0,0.0,1.2425,24.8503,0.0,0.0
2026-03-30T12:00:00Z,67590.42,67850.83,67454.49,67732.66,67657.1,1353559479376.0,132119361509.0,0.002104,0.005864,66555.38,-0.017381,0,20,0.0,0.0,0.0,0.0,0.0,0.0,1.1786,23.571,0.0,0.0
2026-03-30T16:00:00Z,67565.83,67565.83,66555.38,66555.38,67034.1,1341133310340.0,153296816668.0,-0.014955,0.014955,66734.2,0.002687,1,20,0.0,0.0,0.0,0.0,0.0,0.0,0.9217,18.4344,0.0,0.0
2026-03-30T20:00:00Z,66432.35,66757.19,66432.35,66734.2,66627.93,1333369425592.0,160219739769.0,0.004544,0.00489,67945.39,0.01815,1,19,0.0,0.0,0.0,0.0,0.0,0.0,1.289,24.4915,0.0,0.0
2026-03-31T00:00:00Z,66699.27,67945.39,66699.27,67945.39,67416.68,1348853793024.0,155415300372.0,0.018683,0.018683,67449.74,-0.007295,0,20,0.0,0.0,0.0,0.0,0.0,0.0,1.1802,23.6045,0.0,0.0
2026-03-31T04:00:00Z,67646.53,67646.53,67449.74,67449.74,67550.81,1351730712619.0,166176226918.0,-0.002909,0.002909,66302.74,-0.017005,0,20,0.0,0.0,0.0,0.0,0.0,0.0,0.8144,16.2886,0.0,0.0
2026-03-31T08:00:00Z,67299.23,67299.23,66037.98,66302.74,66599.05,1332484175522.0,182856153312.0,-0.014807,0.018741,66558.39,0.003856,1,20,0.0,0.0,0.0,0.0,0.0,0.0,1.0736,21.4717,0.0,0.0
2026-03-31T12:00:00Z,66620.01,67163.45,66558.39,66558.39,66737.51,1335246056350.0,200646798527.0,-0.000925,0.009082,67721.58,0.017476,1,20,0.0,0.0,0.0,0.0,0.0,0.0,0.9321,18.6411,0.0,0.0
2026-03-31T16:00:00Z,66698.36,67721.58,66698.36,67721.58,67339.27,1348950765861.0,221891496819.0,0.015341,0.015341,68146.95,0.006281,1,20,0.0,0.0,0.0,0.0,0.0,0.0,1.039,20.7794,0.0,0.0
2026-03-31T20:00:00Z,67762.72,68196.6,67762.72,68146.95,68060.79,1361627909244.0,229118941080.0,0.00567,0.006403,67581.86,-0.008292,0,20,0.0,0.0,0.0,0.0,0.0,0.0,1.0763,21.5266,0.0,0.0
2026-04-01T00:00:00Z,68231.33,68231.33,67581.86,67581.86,67944.63,1359776697242.0,223958764510.0,-0.009519,0.009519,69101.02,0.022479,1,20,0.0,0.0,0.0,0.0,0.0,0.0,1.1632,23.2641,0.0,0.0
2026-04-01T04:00:00Z,68067.62,69101.02,68067.62,69101.02,68448.74,1369941153004.0,220644916059.0,0.015182,0.015182,68508.4,-0.008576,0,20,0.0,0.0,0.0,0.0,0.0,0.0,1.0907,21.8142,0.0,0.0
2026-04-01T08:00:00Z,68646.22,68680.0,68508.4,68508.4,68615.31,1372595240416.0,219835625377.0,-0.002008,0.0025,68576.84,0.000999,1,20,0.0,0.0,0.0,0.0,0.0,0.0,0.7936,15.8713,0.0,0.0
2026-04-01T12:00:00Z,68680.84,68680.84,68151.21,68576.84,68438.11,1369782968772.0,220635981849.0,-0.001514,0.007712,68023.59,-0.008068,0,20,0.0,0.0,0.0,0.0,0.0,0.0,0.9209,18.4176,0.0,0.0
2026-04-01T16:00:00Z,68912.84,68912.84,68023.59,68023.59,68494.11,1371020075928.0,212387948782.0,-0.012904,0.012904,68114.03,0.00133,1,20,0.0,0.0,0.0,0.0,0.0,0.0,1.2037,24.0732,0.0,0.0
2026-04-01T20:00:00Z,68154.86,68391.24,68114.03,68114.03,68209.02,1364696526052.0,198218404408.0,-0.000599,0.004067,66883.84,-0.018061,0,20,0.0,0.0,0.0,0.0,0.0,0.0,1.0059,20.1178,0.0,0.0
2026-04-02T00:00:00Z,68089.06,68603.82,66883.84,66883.84,67729.34,1355048113548.0,184583746085.0,-0.017701,0.025261,66656.94,-0.003392,0,20,0.0,0.0,0.0,0.0,0.0,0.0,0.9639,19.2787,0.0,0.0
2026-04-02T04:00:00Z,66575.77,66656.94,66321.05,66656.94,66539.15,1331400994938.0,181510866595.0,0.001219,0.005045,66446.25,-0.003161,0,20,0.0,0.0,0.0,0.0,0.0,0.0,1.007,20.1391,0.0,0.0
2026-04-02T08:00:00Z,66909.35,66909.35,66435.38,66446.25,66560.14,1331968554380.0,175766501192.0,-0.006921,0.007084,66909.19,0.006967,1,20,0.0,0.0,0.0,0.0,0.0,0.0,1.0898,21.7959,0.0,0.0
2026-04-02T12:00:00Z,66211.98,66909.19,66045.88,66909.19,66338.98,1327316712803.0,181997003951.0,0.01053,0.013039,66968.17,0.000881,1,20,0.0,0.0,0.0,0.0,0.0,0.0,1.1242,22.4831,0.0,0.0
2026-04-02T16:00:00Z,66795.72,67115.42,66685.75,66968.17,66891.26,1338746201211.0,195427295649.0,0.002582,0.006432,67019.99,0.000774,1,20,0.0,0.0,0.0,0.0,0.0,0.0,1.115,22.2999,0.0,0.0
2026-04-02T20:00:00Z,67007.84,67019.99,66913.36,67019.99,66969.49,1340083442398.0,192119227013.0,0.000181,0.001591,66486.54,-0.00796,0,20,0.0,0.0,0.0,0.0,0.0,0.0,1.042,20.8392,0.0,0.0
2026-04-03T00:00:00Z,66891.66,66891.66,66486.54,66486.54,66685.89,1334322300221.0,180365347305.0,-0.006056,0.006056,66774.73,0.004335,1,20,0.0,0.0,0.0,0.0,0.0,0.0,0.9678,19.3565,0.0,0.0
2026-04-03T04:00:00Z,66592.58,66774.73,66565.36,66774.73,66638.7,1333355311464.0,161424200510.0,0.002735,0.003144,66880.52,0.001584,1,20,0.0,0.0,0.0,0.0,0.0,0.0,0.9443,18.8858,0.0,0.0
2026-04-03T08:00:00Z,67029.59,67029.59,66849.27,66880.52,66929.85,1339297744974.0,153733509203.0,-0.002224,0.00269,66955.22,0.001117,1,20,0.0,0.0,0.0,0.0,0.0,0.0,1.0649,21.2971,0.0,0.0
2026-04-03T12:00:00Z,66995.16,66995.16,66660.11,66955.22,66839.65,1337616953788.0,141844954025.0,-0.000596,0.005001,66806.59,-0.00222,0,20,0.0,0.0,0.0,0.0,0.0,0.0,0.9392,18.785,0.0,0.0
2026-04-03T16:00:00Z,66852.9,66999.83,66806.59,66806.59,66878.43,1338297147204.0,120909820309.0,-0.000693,0.00289,66894.47,0.001315,1,20,0.0,0.0,0.0,0.0,0.0,0.0,1.126,22.5199,0.0,0.0
2026-04-03T20:00:00Z,66857.45,66933.26,66834.11,66894.47,66879.82,1338388710333.0,107028082564.0,0.000554,0.001483,66842.74,-0.000773,0,20,0.0,0.0,0.0,0.0,0.0,0.0,1.064,21.2809,0.0,0.0
2026-04-04T00:00:00Z,66939.69,66939.69,66842.74,66842.74,66883.56,1338435549311.0,100660925555.0,-0.001448,0.001448,66959.83,0.001752,1,20,0.0,0.0,0.0,0.0,0.0,0.0,1.16,23.2006,0.0,0.0
2026-04-04T04:00:00Z,66849.63,66959.83,66849.63,66959.83,66914.52,1339011724800.0,88982808931.0,0.001648,0.001648,67148.54,0.002818,1,20,0.0,0.0,0.0,0.0,0.0,0.0,0.9498,18.9964,0.0,0.0
2026-04-04T08:00:00Z,66956.39,67148.54,66956.39,67148.54,67032.57,1341252572001.0,80668848136.0,0.00287,0.00287,67161.1,0.000187,1,20,0.0,0.0,0.0,0.0,0.0,0.0,1.0396,20.7912,0.0,0.0
2026-04-04T12:00:00Z,67118.42,67202.58,67091.65,67161.1,67143.44,1343581485634.0,86250686095.0,0.000636,0.001653,67286.25,0.001863,1,20,0.0,0.0,0.0,0.0,0.0,0.0,1.1733,23.4667,0.0,0.0
2026-04-04T16:00:00Z,67358.32,67433.23,67286.25,67286.25,67353.95,1347712646115.0,89787190379.0,-0.00107,0.002182,67387.66,0.001507,1,20,0.0,0.0,0.0,0.0,0.0,0.0,1.0052,20.1033,0.0,0.0
2026-04-04T20:00:00Z,67280.02,67387.66,67253.4,67387.66,67318.97,1347349008619.0,87606429007.0,0.0016,0.001996,67159.49,-0.003386,0,20,0.0,0.0,0.0,0.0,0.0,0.0,1.0907,21.8139,0.0,0.0
2026-04-05T00:00:00Z,67305.53,67305.53,67097.65,67159.49,67189.35,1344671358971.0,73271203568.0,-0.00217,0.003089,66834.56,-0.004838,0,20,0.0,0.0,0.0,0.0,0.0,0.0,1.0886,21.773,0.0,0.0
2026-04-05T04:00:00Z,67116.68,67116.68,66834.56,66834.56,66984.58,1340614434673.0,71223104775.0,-0.004203,0.004203,67035.71,0.00301,1,20,0.0,0.0,0.0,0.0,0.0,0.0,1.0766,21.5312,0.0,0.0
2026-04-05T08:00:00Z,66795.07,67035.71,66795.07,67035.71,66938.43,1339531083422.0,65745664645.0,0.003603,0.003603,66905.41,-0.001944,0,20,0.0,0.0,0.0,0.0,0.0,0.0,1.0913,21.8257,0.0,0.0
2026-04-05T12:00:00Z,66983.5,66983.5,66767.01,66905.41,66883.2,1338411913856.0,68238408897.0,-0.001166,0.003232,67359.54,0.006788,1,20,0.0,0.0,0.0,0.0,0.0,0.0,1.0077,20.1549,0.0,0.0
2026-04-05T16:00:00Z,67283.5,67359.54,67187.35,67359.54,67290.61,1346801398138.0,76480880087.0,0.00113,0.002559,68319.44,0.01425,1,20,0.0,0.0,0.0,0.0,0.0,0.0,1.0941,21.8812,0.0,0.0
2026-04-05T20:00:00Z,67312.4,68319.44,67312.4,68319.44,67693.92,1354186497193.0,83020136821.0,0.014961,0.014961,69227.83,0.013296,1,20,0.0,0.0,0.0,0.0,0.0,0.0,1.1169,22.3372,0.0,0.0
2026-04-06T00:00:00Z,68985.53,69227.83,68800.41,69227.83,69024.42,1381543417997.0,106229658488.0,0.003512,0.006196,68966.14,-0.00378,0,20,0.0,0.0,0.0,0.0,0.0,0.0,0.9297,18.5946,0.0,0.0
2026-04-06T04:00:00Z,69064.09,69171.25,68966.14,68966.14,69079.54,1382665036409.0,117179860758.0,-0.001418,0.00297,69729.51,0.011069,1,20,0.0,0.0,0.0,0.0,0.0,0.0,0.9783,19.5665,0.0,0.0
2026-04-06T08:00:00Z,69085.18,69734.14,69085.18,69729.51,69445.56,1390009413161.0,134524742942.0,0.009327,0.009394,69667.14,-0.000895,0,20,0.0,0.0,0.0,0.0,0.0,0.0,1.1365,22.7295,0.0,0.0
2026-04-06T12:00:00Z,69600.52,69667.14,69352.93,69667.14,69498.57,1390653840596.0,152515028465.0,0.000957,0.004514,69878.68,0.003037,1,20,0.0,0.0,0.0,0.0,0.0,0.0,1.2247,24.4933,0.0,0.0
2026-04-06T16:00:00Z,69929.84,69929.84,69564.81,69878.68,69803.63,1396851751034.0,172564074628.0,-0.000732,0.00522,68899.6,-0.014011,0,20,0.0,0.0,0.0,0.0,0.0,0.0,0.9997,19.9932,0.0,0.0
2026-04-06T20:00:00Z,69717.89,69831.8,68899.6,68899.6,69491.73,1390493149992.0,194962382646.0,-0.011737,0.013371,68663.74,-0.003423,0,20,0.0,0.0,0.0,0.0,0.0,0.0,1.1296,22.5927,0.0,0.0
2026-04-07T00:00:00Z,68864.23,68864.23,68427.1,68663.74,68696.96,1374822881670.0,180156429486.0,-0.002911,0.006348,68567.66,-0.001399,0,20,0.0,0.0,0.0,0.0,0.0,0.0,0.9884,19.7677,0.0,0.0
2026-04-07T04:00:00Z,68751.89,68851.32,68567.66,68567.66,68697.55,1374983671434.0,170079929600.0,-0.00268,0.004126,68229.75,-0.004928,0,20,0.0,0.0,0.0,0.0,0.0,0.0,1.0198,20.3968,0.0,0.0
2026-04-07T08:00:00Z,68624.0,69141.14,68229.75,68229.75,68735.25,1375691899878.0,162571239395.0,-0.005745,0.013281,67946.57,-0.00415,0,20,0.0,0.0,0.0,0.0,0.0,0.0,0.9678,19.3567,0.0,0.0
2026-04-07T12:00:00Z,68354.49,68410.08,67946.57,67946.57,68243.07,1365905126988.0,168989856056.0,-0.005968,0.006781,68422.48,0.007004,1,20,0.0,0.0,0.0,0.0,0.0,0.0,0.9096,18.1912,0.0,0.0
2026-04-07T16:00:00Z,68143.5,68696.08,68143.5,68422.48,68368.63,1368143045114.0,177973487284.0,0.004094,0.008109,71406.79,0.043616,1,20,0.0,0.0,0.0,0.0,0.0,0.0,1.1632,23.2638,0.0,0.0
2026-04-07T20:00:00Z,68980.07,71406.79,68980.07,71406.79,69893.32,1398700934870.0,198120512042.0,0.03518,0.03518,71319.16,-0.001227,0,20,0.0,0.0,0.0,0.0,0.0,0.0,0.8286,16.5712,0.0,0.0
2026-04-08T00:00:00Z,71975.62,71975.62,71319.16,71319.16,71606.63,1432694844982.0,224900468405.0,-0.009121,0.009121,71716.33,0.005569,1,20,0.0,0.0,0.0,0.0,0.0,0.0,0.9298,18.5957,0.0,0.0
2026-04-08T04:00:00Z,71288.58,71716.33,71288.58,71716.33,71577.28,1432667412594.0,217095390629.0,0.006,0.006,71500.28,-0.003013,0,20,0.0,0.0,0.0,0.0,0.0,0.0,0.9308,18.6152,0.0,0.0
2026-04-08T08:00:00Z,71607.85,71769.46,71500.28,71500.28,71640.52,1433820526638.0,212715221680.0,-0.001502,0.003759,70839.24,-0.009245,0,20,0.0,0.0,0.0,0.0,0.0,0.0,1.0715,21.4308,0.0,0.0
2026-04-08T12:00:00Z,71677.12,72088.65,70839.24,70839.24,71550.07,1431916017014.0,207017231455.0,-0.01169,0.017431,71229.56,0.00551,1,20,0.0,0.0,0.0,0.0,0.0,0.0,1.2474,24.948,0.0,0.0
2026-04-08T16:00:00Z,71300.98,71892.25,71229.56,71229.56,71509.92,1431170195277.0,219155379388.0,-0.001002,0.009294,71084.74,-0.002033,0,20,0.0,0.0,0.0,0.0,0.0,0.0,1.0233,20.4669,0.0,0.0
2026-04-08T20:00:00Z,71305.21,71530.37,71084.74,71084.74,71320.76,1427236244719.0,204025268555.0,-0.003092,0.00625,71068.58,-0.000227,0,20,0.0,0.0,0.0,0.0,0.0,0.0,1.121,22.421,0.0,0.0
2026-04-09T00:00:00Z,71117.08,71117.08,70845.23,71068.58,70988.41,1420730812724.0,163808659140.0,-0.000682,0.003823,71016.56,-0.000732,0,20,0.0,0.0,0.0,0.0,0.0,0.0,0.8914,17.8277,0.0,0.0
2026-04-09T04:00:00Z,70981.63,71016.56,70799.61,71016.56,70940.82,1419312276462.0,155648274744.0,0.000492,0.003057,71300.96,0.004005,1,20,0.0,0.0,0.0,0.0,0.0,0.0,0.9557,19.1149,0.0,0.0
2026-04-09T08:00:00Z,70978.52,71507.87,70978.52,71300.96,71258.56,1426002209876.0,150215061571.0,0.004543,0.007458,71127.96,-0.002426,0,20,0.0,0.0,0.0,0.0,0.0,0.0,0.8685,17.3695,0.0,0.0
2026-04-09T12:00:00Z,71155.21,71276.76,70785.05,71127.96,71086.25,1422324409067.0,137642911480.0,-0.000383,0.00691,71893.61,0.010764,1,20,0.0,0.0,0.0,0.0,0.0,0.0,0.9648,19.2959,0.0,0.0
2026-04-09T16:00:00Z,72118.45,72336.54,71893.61,71893.61,72096.56,1443235542642.0,140650428674.0,-0.003118,0.006142,72038.73,0.002019,1,20,0.0,0.0,0.0,0.0,0.0,0.0,0.968,19.3609,0.0,0.0
2026-04-09T20:00:00Z,72070.09,72383.79,72038.73,72038.73,72189.86,1445196280325.0,148299460129.0,-0.000435,0.004788,71953.23,-0.001187,0,20,0.0,0.0,0.0,0.0,0.0,0.0,1.0908,21.8152,0.0,0.0
2026-04-10T00:00:00Z,71770.75,72173.43,71770.75,71953.23,71949.8,1440566650670.0,159477977956.0,0.002543,0.005611,71817.13,-0.001892,0,20,0.0,0.0,0.0,0.0,0.0,0.0,0.5562,11.1249,0.0,0.0
2026-04-10T04:00:00Z,71865.74,72112.96,71817.13,71817.13,71968.85,1440478904418.0,157315878083.0,-0.000676,0.004117,71920.85,0.001444,1,20,0.0,0.0,0.0,0.0,0.0,0.0,1.1106,22.2121,0.0,0.0
2026-04-10T08:00:00Z,71470.28,71920.85,71470.28,71920.85,71695.34,1435025903430.0,156988700030.0,0.006304,0.006304,72910.29,0.013757,1,20,0.0,0.0,0.0,0.0,0.0,0.0,1.187,23.739,0.0,0.0
2026-04-10T12:00:00Z,72119.89,72910.29,72119.89,72910.29,72411.44,1448971714765.0,160580566351.0,0.010959,0.010959,73113.36,0.002785,1,20,0.0,0.0,0.0,0.0,0.0,0.0,1.1926,23.8523,0.0,0.0
2026-04-10T16:00:00Z,72416.71,73113.36,72416.71,73113.36,72921.52,1459685135747.0,158405982652.0,0.00962,0.00962,72926.08,-0.002561,0,20,0.0,0.0,0.0,0.0,0.0,0.0,1.2081,24.1626,0.0,0.0
2026-04-10T20:00:00Z,73242.51,73242.51,72926.08,72926.08,73088.24,1462635459960.0,155763438537.0,-0.00432,0.00432,72886.12,-0.000548,0,20,0.0,0.0,0.0,0.0,0.0,0.0,1.11,22.1993,0.0,0.0
2026-04-11T00:00:00Z,72843.72,72979.02,72843.72,72886.12,72910.62,1459088141355.0,145946193843.0,0.000582,0.001857,72766.15,-0.001646,0,20,0.0,0.0,0.0,0.0,0.0,0.0,1.1501,23.0018,0.0,0.0
2026-04-11T04:00:00Z,72827.93,72843.22,72766.15,72766.15,72811.2,1457225315556.0,180857085503.0,-0.000848,0.001058,72916.14,0.002061,1,20,0.0,0.0,0.0,0.0,0.0,0.0,0.9308,18.6161,0.0,0.0
2026-04-11T08:00:00Z,72772.65,72916.14,72772.65,72916.14,72839.94,1457915455929.0,135655142679.0,0.001972,0.001972,72789.75,-0.001733,0,20,0.0,0.0,0.0,0.0,0.0,0.0,1.0153,20.306,0.0,0.0
2026-04-11T12:00:00Z,72916.14,72916.14,72748.47,72789.75,72814.65,1457551226101.0,120538981323.0,-0.001733,0.002299,73538.49,0.010286,1,20,0.0,0.0,0.0,0.0,0.0,0.0,0.9539,19.0771,0.0,0.0
2026-04-11T16:00:00Z,72911.06,73538.49,72911.06,73538.49,73285.19,1466478174081.0,102383301653.0,0.008605,0.008605,73053.89,-0.00659,0,20,0.0,0.0,0.0,0.0,0.0,0.0,1.0704,21.4086,0.0,0.0
2026-04-11T20:00:00Z,73448.59,73486.94,73053.89,73053.89,73346.91,1467611611753.0,97950117586.0,-0.005374,0.005896,71817.96,-0.016918,0,20,0.0,0.0,0.0,0.0,0.0,0.0,1.1629,23.2572,0.0,0.0
2026-04-12T00:00:00Z,72979.84,73085.91,71564.79,71817.96,71955.23,1441127761235.0,221149191920.0,-0.015921,0.020843,71662.19,-0.002169,0,20,0.0,0.0,0.0,0.0,0.0,0.0,1.0587,21.1736,0.0,0.0
2026-04-12T04:00:00Z,71661.7,71741.79,71484.31,71662.19,71637.5,1433925786380.0,109283836024.0,7e-06,0.003593,71456.11,-0.002876,0,20,0.0,0.0,0.0,0.0,0.0,0.0,1.0784,21.5687,0.0,0.0
2026-04-12T08:00:00Z,71746.65,71746.65,71456.11,71456.11,71596.36,1432915664203.0,110819811129.0,-0.00405,0.00405,70779.93,-0.009463,0,20,0.0,0.0,0.0,0.0,0.0,0.0,1.1816,23.6327,0.0,0.0
2026-04-12T12:00:00Z,71491.13,71491.13,70779.93,70779.93,71083.11,1422852870521.0,117421263251.0,-0.009948,0.009948,71163.53,0.00542,1,20,0.0,0.0,0.0,0.0,0.0,0.0,1.0534,21.0672,0.0,0.0
2026-04-12T16:00:00Z,70904.85,71163.53,70903.77,71163.53,71030.7,1421656364325.0,119434456657.0,0.003648,0.003664,70904.51,-0.00364,0,20,0.0,0.0,0.0,0.0,0.0,0.0,0.8724,17.4487,0.0,0.0
2026-04-12T20:00:00Z,71106.43,71345.73,70904.51,70904.51,71159.59,1423927135320.0,116526852082.0,-0.00284,0.006205,71068.8,0.002317,1,20,0.0,0.0,0.0,0.0,0.0,0.0,0.8842,17.6843,0.0,0.0
2026-04-13T00:00:00Z,70756.75,71200.9,70756.75,71068.8,71048.04,1422023522290.0,116069620230.0,0.00441,0.006277,71046.11,-0.000319,0,16,0.0,0.0,0.0,0.0,0.0,0.0,0.7872,12.5953,0.0,0.0
2026-04-13T04:00:00Z,70995.17,71046.11,70855.49,71046.11,70954.76,1420143863373.0,106592651267.0,0.000717,0.002685,70757.81,-0.004058,0,13,0.0,0.0,0.0,0.0,0.0,0.0,1.1921,15.4979,0.0,0.0
2026-04-13T08:00:00Z,70821.26,70821.26,70678.35,70757.81,70762.25,1416240127626.0,111775044064.0,-0.000896,0.002018,72339.62,0.022355,1,20,0.0,0.0,0.0,0.0,0.0,0.0,1.0328,20.6555,0.0,0.0
2026-04-13T12:00:00Z,70942.34,72339.62,70942.34,72339.62,71495.62,1429707338341.0,119720526565.0,0.019696,0.019696,72460.08,0.001665,1,20,0.0,0.0,0.0,0.0,0.0,0.0,1.0368,20.7368,0.0,0.0
2026-04-13T16:00:00Z,71862.77,72460.08,71862.77,72460.08,72168.6,1443971387409.0,152362108924.0,0.008312,0.008312,74666.14,0.030445,1,20,0.0,0.0,0.0,0.0,0.0,0.0,1.1488,22.975,0.0,0.0
2026-04-13T20:00:00Z,73381.47,74666.14,73203.04,74666.14,73618.07,1473746343608.0,189558331263.0,0.017507,0.019938,74372.4,-0.003934,0,20,0.0,0.0,0.0,0.0,0.0,0.0,0.9112,18.2247,0.0,0.0
2026-04-14T00:00:00Z,74514.63,74514.63,74158.89,74372.4,74358.54,1488524797188.0,217983587354.0,-0.001909,0.004774,74561.14,0.002538,1,20,0.0,0.0,0.0,0.0,0.0,0.0,1.1285,22.5692,0.0,0.0
2026-04-14T04:00:00Z,74459.51,74561.14,74208.54,74561.14,74406.24,1489307579531.0,220856475394.0,0.001365,0.004735,74420.4,-0.001888,0,20,0.0,0.0,0.0,0.0,0.0,0.0,0.9658,19.3163,0.0,0.0
2026-04-14T08:00:00Z,74545.48,74759.88,74420.4,74420.4,74563.86,1492451039049.0,231231028385.0,-0.001678,0.004554,75181.39,0.010225,1,20,0.0,0.0,0.0,0.0,0.0,0.0,1.0772,21.545,0.0,0.0
2026-04-14T12:00:00Z,74419.9,75482.48,74419.9,75181.39,74882.82,1498874979033.0,241713379963.0,0.010232,0.014278,74100.75,-0.014374,0,20,0.0,0.0,0.0,0.0,0.0,0.0,1.1934,23.8671,0.0,0.0
2026-04-14T16:00:00Z,75395.39,75395.39,74100.75,74100.75,74730.39,1496427549514.0,257698441932.0,-0.017171,0.017171,74103.77,4.1e-05,1,20,0.0,0.0,0.0,0.0,0.0,0.0,1.0366,20.732,0.0,0.0
2026-04-14T20:00:00Z,74263.19,74290.23,74072.49,74103.77,74182.42,1484884170944.0,244410295367.0,-0.002147,0.002932,74341.62,0.00321,1,20,0.0,0.0,0.0,0.0,0.0,0.0,0.9523,19.0459,0.0,0.0
2026-04-15T00:00:00Z,74181.11,74655.0,74181.11,74341.62,74437.78,1489651358998.0,223907894947.0,0.002164,0.006388,73907.21,-0.005844,0,11,0.0,0.0,0.0,0.0,0.0,0.0,1.0742,11.8166,0.0,0.0
2026-04-15T04:00:00Z,74365.8,74365.8,73907.21,73907.21,74162.49,1484272358063.0,214856049422.0,-0.006167,0.006167,74032.58,0.001696,1,20,0.0,0.0,0.0,0.0,0.0,0.0,0.6302,12.6033,0.0,0.0
2026-04-15T08:00:00Z,73761.19,74145.6,73761.19,74032.58,73989.02,1481187602707.0,206494489988.0,0.003679,0.005211,74154.9,0.001652,1,20,0.0,0.0,0.0,0.0,0.0,0.0,0.9865,19.7296,0.0,0.0
2026-04-15T12:00:00Z,74204.63,74373.38,74069.71,74154.9,74200.65,1484372875666.0,196429880236.0,-0.00067,0.004092,74381.44,0.003055,1,20,0.0,0.0,0.0,0.0,0.0,0.0,1.1742,23.4832,0.0,0.0
2026-04-15T16:00:00Z,73820.14,74381.44,73820.14,74381.44,74058.71,1482461867472.0,166285350323.0,0.007604,0.007604,74994.07,0.008236,1,19,0.0,0.0,0.0,0.0,0.0,0.0,1.2192,23.1649,0.0,0.0
2026-04-15T20:00:00Z,75065.23,75065.23,74755.68,74994.07,74915.81,1499530407626.0,159774057762.0,-0.000948,0.004124,74960.58,-0.000447,0,20,0.0,0.0,0.0,0.0,0.0,0.0,0.6973,13.9463,0.0,0.0
2026-04-16T00:00:00Z,74810.97,74960.58,74624.5,74960.58,74801.49,1497122336125.0,148347593941.0,0.002,0.004492,74995.02,0.000459,1,20,0.0,0.0,0.0,0.0,0.0,0.0,1.0121,20.2427,0.0,0.0
2026-04-16T04:00:00Z,74899.68,75046.35,74899.68,74995.02,74974.01,1500885008604.0,161162397926.0,0.001273,0.001958,74332.76,-0.008831,0,20,0.0,0.0,0.0,0.0,0.0,0.0,0.9627,19.2547,0.0,0.0
2026-04-16T08:00:00Z,74705.72,74705.72,74332.76,74332.76,74585.35,1493133781154.0,157871948930.0,-0.004992,0.004992,73938.04,-0.00531,0,20,0.0,0.0,0.0,0.0,0.0,0.0,1.0217,20.4335,0.0,0.0
2026-04-16T12:00:00Z,74556.18,74632.85,73705.01,73938.04,74208.02,1485225958406.0,162632135870.0,-0.008291,0.012445,75017.43,0.014598,1,20,0.0,0.0,0.0,0.0,0.0,0.0,0.9515,19.0295,0.0,0.0
2026-04-16T16:00:00Z,74740.25,75017.43,74214.43,75017.43,74561.28,1491971143298.0,165483064447.0,0.003709,0.010744,74883.21,-0.001789,0,20,0.0,0.0,0.0,0.0,0.0,0.0,1.1531,23.0621,0.0,0.0
2026-04-16T20:00:00Z,75389.68,75389.68,74883.21,74883.21,75114.53,1503510341636.0,178981154947.0,-0.006718,0.006718,74695.48,-0.002507,0,20,0.0,0.0,0.0,0.0,0.0,0.0,1.1221,22.4417,0.0,0.0
2026-04-17T00:00:00Z,75149.19,75149.19,74695.48,74695.48,74902.57,1498890849934.0,170000842032.0,-0.006037,0.006037,74913.01,0.002912,1,20,0.0,0.0,0.0,0.0,0.0,0.0,1.1022,22.0445,0.0,0.0
2026-04-17T04:00:00Z,74649.53,74913.01,74649.53,74913.01,74755.21,1496539685698.0,164717163465.0,0.00353,0.00353,75297.01,0.005126,1,20,0.0,0.0,0.0,0.0,0.0,0.0,1.0231,20.4628,0.0,0.0
2026-04-17T08:00:00Z,75044.9,75797.68,75044.9,75297.01,75469.74,1510817547573.0,171443230002.0,0.003359,0.010031,77956.91,0.035326,1,20,0.0,0.0,0.0,0.0,0.0,0.0,0.9567,19.1349,0.0,0.0
2026-04-17T12:00:00Z,75589.1,77956.91,75589.1,77956.91,76780.21,1536568908153.0,194375218277.0,0.031325,0.031325,77164.04,-0.010171,0,20,0.0,0.0,0.0,0.0,0.0,0.0,1.054,21.0794,0.0,0.0
2026-04-17T16:00:00Z,77828.19,77862.9,77164.04,77164.04,77588.48,1553376666743.0,231776670657.0,-0.008534,0.00898,77308.44,0.001871,1,20,0.0,0.0,0.0,0.0,0.0,0.0,1.1766,23.5318,0.0,0.0
2026-04-17T20:00:00Z,77436.6,77496.71,77308.44,77308.44,77401.15,1548970721751.0,242743373228.0,-0.001655,0.002431,77315.41,9e-05,1,20,0.0,0.0,0.0,0.0,0.0,0.0,1.1142,22.2834,0.0,0.0
2026-04-18T00:00:00Z,77128.44,77315.41,77128.44,77315.41,77203.82,1545520363661.0,262634121307.0,0.002424,0.002424,77131.3,-0.002381,0,20,0.0,0.0,0.0,0.0,0.0,0.0,0.9582,19.1638,0.0,0.0
2026-04-18T04:00:00Z,77013.53,77158.48,77013.53,77131.3,77114.0,1543737257121.0,276001395679.0,0.001529,0.001882,76188.46,-0.012224,0,20,0.0,0.0,0.0,0.0,0.0,0.0,1.1055,22.1109,0.0,0.0
2026-04-18T08:00:00Z,76998.07,76998.07,76188.46,76188.46,76639.86,1533816804950.0,307060029123.0,-0.010515,0.010515,76251.59,0.000829,1,20,0.0,0.0,0.0,0.0,0.0,0.0,0.8333,16.6664,0.0,0.0
2026-04-18T12:00:00Z,76072.69,76251.59,76072.69,76251.59,76171.61,1524390969660.0,318416598550.0,0.002352,0.002352,75653.54,-0.007843,0,20,0.0,0.0,0.0,0.0,0.0,0.0,0.7414,14.8287,0.0,0.0
2026-04-18T16:00:00Z,76181.99,76181.99,75653.54,75653.54,75907.01,1519225075503.0,286396275232.0,-0.006937,0.006937,75830.19,0.002335,1,20,0.0,0.0,0.0,0.0,0.0,0.0,1.0842,21.6845,0.0,0.0
2026-04-18T20:00:00Z,75670.66,75830.19,75670.66,75830.19,75771.78,1516756991007.0,267977351198.0,0.002108,0.002108,75558.78,-0.003579,0,20,0.0,0.0,0.0,0.0,0.0,0.0,1.1665,23.3309,0.0,0.0
2026-04-19T00:00:00Z,75728.46,75728.46,75558.78,75558.78,75645.4,1514369612106.0,220448823461.0,-0.002241,0.002241,75407.81,-0.001998,0,20,0.0,0.0,0.0,0.0,0.0,0.0,1.0166,20.3319,0.0,0.0
2026-04-19T04:00:00Z,75540.51,75681.5,75407.81,75407.81,75549.91,1512344953818.0,195457359372.0,-0.001757,0.003623,75236.37,-0.002274,0,20,0.0,0.0,0.0,0.0,0.0,0.0,1.0135,20.2707,0.0,0.0
2026-04-19T08:00:00Z,75295.98,75295.98,75020.97,75236.37,75199.39,1505198777417.0,193858114048.0,-0.000792,0.003652,76024.76,0.010479,1,20,0.0,0.0,0.0,0.0,0.0,0.0,1.0064,20.1277,0.0,0.0
2026-04-19T12:00:00Z,75599.27,76024.76,75599.27,76024.76,75792.39,1517335950477.0,205690855147.0,0.005628,0.005628,74795.15,-0.016174,0,20,0.0,0.0,0.0,0.0,0.0,0.0,0.9692,19.3841,0.0,0.0
2026-04-19T16:00:00Z,75840.65,75840.65,74795.15,74795.15,75233.03,1506183964460.0,239704492669.0,-0.013786,0.013786,74137.22,-0.008796,0,20,0.0,0.0,0.0,0.0,0.0,0.0,1.1588,23.1762,0.0,0.0
2026-04-19T20:00:00Z,74974.34,74974.34,74137.22,74137.22,74565.24,1492821348638.0,243369788191.0,-0.011165,0.011165,74458.22,0.00433,1,20,0.0,0.0,0.0,0.0,0.0,0.0,1.0089,20.178,0.0,0.0
2026-04-20T00:00:00Z,73856.06,74623.05,73856.06,74458.22,74320.84,1487933797219.0,230731098311.0,0.008153,0.010385,74789.57,0.00445,1,20,0.0,0.0,0.0,0.0,0.0,0.0,0.9806,19.6113,0.0,0.0
2026-04-20T04:00:00Z,74653.55,74789.57,74277.51,74789.57,74575.48,1492703697078.0,187153374249.0,0.001822,0.006859,75045.03,0.003416,1,20,0.0,0.0,0.0,0.0,0.0,0.0,0.9589,19.1776,0.0,0.0
2026-04-20T08:00:00Z,74795.98,75062.12,74741.98,75045.03,74911.28,1499660099049.0,160333667806.0,0.00333,0.00428,75004.42,-0.000541,0,20,0.0,0.0,0.0,0.0,0.0,0.0,0.9623,19.2458,0.0,0.0
2026-04-20T12:00:00Z,75179.56,75290.97,75004.42,75004.42,75190.16,1505541846512.0,154242188211.0,-0.00233,0.003811,76437.63,0.019108,1,20,0.0,0.0,0.0,0.0,0.0,0.0,1.0444,20.8888,0.0,0.0
2026-04-20T16:00:00Z,75687.72,76437.63,75340.29,76437.63,75846.7,1518026423858.0,174374342267.0,0.009908,0.014498,75992.7,-0.005821,0,20,0.0,0.0,0.0,0.0,0.0,0.0,1.0433,20.8654,0.0,0.0
2026-04-20T20:00:00Z,76314.89,76314.89,75970.0,75992.7,76145.11,1524201912732.0,193971058556.0,-0.004222,0.004519,75628.04,-0.004799,0,20,0.0,0.0,0.0,0.0,0.0,0.0,0.916,18.3191,0.0,0.0
2026-04-21T00:00:00Z,75874.55,76085.88,75628.04,75628.04,75877.44,1518590193747.0,187662556828.0,-0.003249,0.006034,76008.88,0.005036,1,19,0.0,0.0,0.0,0.0,0.0,0.0,0.8194,15.5693,0.0,0.0
2026-04-21T04:00:00Z,75728.14,76008.88,75728.14,76008.88,75846.01,1518309486706.0,179487374848.0,0.003707,0.003707,76784.39,0.010203,1,20,0.0,0.0,0.0,0.0,0.0,0.0,0.7023,14.0453,0.0,0.0
2026-04-21T08:00:00Z,76125.07,76784.39,76125.07,76784.39,76454.82,1530625291251.0,173468568365.0,0.008661,0.008661,75762.71,-0.013306,0,20,0.0,0.0,0.0,0.0,0.0,0.0,0.9866,19.7321,0.0,0.0
2026-04-21T12:00:00Z,76479.92,76479.92,75762.71,75762.71,76036.51,1523322601803.0,172910644052.0,-0.009378,0.009378,75598.61,-0.002166,0,20,0.0,0.0,0.0,0.0,0.0,0.0,1.0161,20.3223,0.0,0.0
2026-04-21T16:00:00Z,75803.94,75861.35,75556.48,75598.61,75705.09,1515599913602.0,175343277463.0,-0.002709,0.004022,75629.09,0.000403,1,20,0.0,0.0,0.0,0.0,0.0,0.0,0.9689,19.3783,0.0,0.0
2026-04-21T20:00:00Z,74995.38,75763.06,74995.38,75629.09,75490.41,1511089447749.0,169703510504.0,0.00845,0.010236,77536.75,0.025224,1,20,0.0,0.0,0.0,0.0,0.0,0.0,0.9571,19.1422,0.0,0.0
2026-04-22T00:00:00Z,76350.25,77536.75,76308.73,77536.75,76629.59,1534050951524.0,166255932500.0,0.01554,0.016084,77988.77,0.00583,1,20,0.0,0.0,0.0,0.0,0.0,0.0,0.9233,18.4651,0.0,0.0
2026-04-22T04:00:00Z,77587.83,78016.4,77478.21,77988.77,77767.8,1556861094492.0,181993058590.0,0.005167,0.006937,78144.38,0.001995,1,19,0.0,0.0,0.0,0.0,0.0,0.0,1.1165,21.2143,0.0,0.0
2026-04-22T08:00:00Z,78067.64,78144.38,78024.52,78144.38,78073.66,1562270782850.0,184288916643.0,0.000983,0.001535,79080.63,0.011981,1,20,0.0,0.0,0.0,0.0,0.0,0.0,1.1791,23.5814,0.0,0.0
2026-04-22T12:00:00Z,78287.87,79080.63,78273.9,79080.63,78614.6,1573511078836.0,189309965232.0,0.010126,0.010305,79026.34,-0.000687,0,19,0.0,0.0,0.0,0.0,0.0,0.0,1.2052,22.8992,0.0,0.0
2026-04-22T16:00:00Z,79321.16,79321.16,78751.7,79026.34,79005.78,1582150778188.0,204729560410.0,-0.003717,0.007179,78602.9,-0.005358,0,20,0.0,0.0,0.0,0.0,0.0,0.0,1.0001,20.0021,0.0,0.0
2026-04-22T20:00:00Z,78946.39,78946.39,78453.79,78602.9,78698.65,1575488636198.0,198119988320.0,-0.004351,0.00624,77985.92,-0.007849,0,20,0.0,0.0,0.0,0.0,0.0,0.0,1.0136,20.2716,0.0,0.0
2026-04-23T00:00:00Z,78194.78,78406.29,77985.92,77985.92,78236.05,1566556793721.0,202980733389.0,-0.002671,0.005376,78224.52,0.003059,1,20,0.0,0.0,0.0,0.0,0.0,0.0,1.023,20.4602,0.0,0.0
2026-04-23T04:00:00Z,77745.85,78224.52,77745.85,78224.52,77983.36,1560951476917.0,185177431122.0,0.006157,0.006157,77421.71,-0.010263,0,20,0.0,0.0,0.0,0.0,0.0,0.0,0.8727,17.4537,0.0,0.0
2026-04-23T08:00:00Z,78032.0,78032.0,77421.71,77421.71,77747.52,1556342031833.0,178757200455.0,-0.007821,0.007821,78194.45,0.009981,1,20,0.0,0.0,0.0,0.0,0.0,0.0,0.9711,19.4213,0.0,0.0
2026-04-23T12:00:00Z,77720.83,78194.45,77534.6,78194.45,77784.77,1556898749890.0,176414342833.0,0.006094,0.00849,77788.61,-0.00519,0,20,0.0,0.0,0.0,0.0,0.0,0.0,1.0414,20.8274,0.0,0.0
2026-04-23T16:00:00Z,78400.43,78400.43,77774.75,77788.61,78017.87,1561889640908.0,170085221290.0,-0.007804,0.007981,78241.97,0.005828,1,20,0.0,0.0,0.0,0.0,0.0,0.0,0.9671,19.3416,0.0,0.0
2026-04-23T20:00:00Z,77758.19,78241.97,77758.19,78241.97,77963.38,1560996493026.0,172731855027.0,0.006222,0.006222,78147.76,-0.001204,0,20,0.0,0.0,0.0,0.0,0.0,0.0,1.0317,20.6333,0.0,0.0
2026-04-24T00:00:00Z,78260.62,78450.37,78147.76,78147.76,78311.19,1567654965603.0,159911098352.0,-0.001442,0.003867,77820.67,-0.004186,0,20,0.0,0.0,0.0,0.0,0.0,0.0,1.1424,22.849,0.0,0.0
2026-04-24T04:00:00Z,77747.46,77986.54,77705.47,77820.67,77815.03,1557876775278.0,147797515111.0,0.000942,0.003615,77769.19,-0.000662,0,20,0.0,0.0,0.0,0.0,0.0,0.0,0.8856,17.7115,0.0,0.0
2026-04-24T08:00:00Z,77631.48,77849.74,77541.44,77769.19,77697.96,1555461098507.0,147645008750.0,0.001774,0.003971,78040.02,0.003483,1,20,0.0,0.0,0.0,0.0,0.0,0.0,0.9934,19.8679,0.0,0.0
2026-04-24T12:00:00Z,78246.8,78246.8,78040.02,78040.02,78139.33,1564067177835.0,149639224257.0,-0.002643,0.002643,77597.79,-0.005667,0,20,0.0,0.0,0.0,0.0,0.0,0.0,1.1863,23.7259,0.0,0.0
2026-04-24T16:00:00Z,78047.34,78047.34,77597.79,77597.79,77771.11,1557168200558.0,143160447169.0,-0.00576,0.00576,77360.72,-0.003055,0,20,0.0,0.0,0.0,0.0,0.0,0.0,1.095,21.9004,0.0,0.0
2026-04-24T20:00:00Z,77640.63,77743.97,77360.72,77360.72,77585.95,1553124652888.0,133572580905.0,-0.003605,0.004936,77632.1,0.003508,1,20,0.0,0.0,0.0,0.0,0.0,0.0,1.1109,22.2171,0.0,0.0
2026-04-25T00:00:00Z,77444.8,77632.1,77444.8,77632.1,77526.48,1552121065351.0,131815392264.0,0.002419,0.002419,77546.29,-0.001105,0,20,0.0,0.0,0.0,0.0,0.0,0.0,0.8736,17.4729,0.0,0.0
2026-04-25T04:00:00Z,77660.0,77660.0,77526.34,77546.29,77593.41,1553475973213.0,122335063915.0,-0.001464,0.001721,77798.77,0.003256,1,20,0.0,0.0,0.0,0.0,0.0,0.0,0.8723,17.4467,0.0,0.0
2026-04-25T08:00:00Z,77552.43,77798.77,77552.43,77798.77,77685.23,1555406893078.0,111596299063.0,0.003176,0.003176,77666.86,-0.001695,0,20,0.0,0.0,0.0,0.0,0.0,0.0,0.6755,13.5108,0.0,0.0
2026-04-25T12:00:00Z,77681.05,77704.48,77572.57,77666.86,77656.24,1554829502958.0,95092197460.0,-0.000183,0.001698,77327.62,-0.004368,0,20,0.0,0.0,0.0,0.0,0.0,0.0,1.0577,21.1537,0.0,0.0
2026-04-25T16:00:00Z,77369.37,77411.63,77268.59,77327.62,77344.31,1548434531497.0,79645919578.0,-0.00054,0.001849,77571.92,0.003159,1,20,0.0,0.0,0.0,0.0,0.0,0.0,0.8846,17.692,0.0,0.0
2026-04-25T20:00:00Z,77334.27,77571.92,77334.27,77571.92,77477.42,1550816906381.0,73042188340.0,0.003073,0.003073,77508.4,-0.000819,0,20,0.0,0.0,0.0,0.0,0.0,0.0,1.062,21.2403,0.0,0.0
2026-04-26T00:00:00Z,77619.14,77619.14,77474.24,77508.4,77526.49,1552305006096.0,67016606632.0,-0.001427,0.001867,77968.05,0.00593,1,20,0.0,0.0,0.0,0.0,0.0,0.0,0.7464,14.928,0.0,0.0
2026-04-26T04:00:00Z,77421.97,78011.43,77421.97,77968.05,77795.54,1557279507645.0,67538394573.0,0.007053,0.007614,78005.03,0.000474,1,20,0.0,0.0,0.0,0.0,0.0,0.0,1.3344,26.688,0.0,0.0
2026-04-26T08:00:00Z,78104.0,78104.0,78005.03,78005.03,78040.68,1562441420415.0,69632846765.0,-0.001267,0.001267,78104.22,0.001272,1,20,0.0,0.0,0.0,0.0,0.0,0.0,0.9316,18.6323,0.0,0.0
2026-04-26T12:00:00Z,78110.88,78110.88,77838.15,78104.22,77998.52,1561824256735.0,71088700762.0,-8.5e-05,0.003492,78274.34,0.002178,1,20,0.0,0.0,0.0,0.0,0.0,0.0,1.0589,21.1772,0.0,0.0
2026-04-26T16:00:00Z,78050.76,78274.34,77985.66,78274.34,78086.32,1563598222944.0,71317720938.0,0.002865,0.003699,78378.05,0.001325,1,20,0.0,0.0,0.0,0.0,0.0,0.0,1.1383,22.7666,0.0,0.0
2026-04-26T20:00:00Z,78240.94,78407.16,78229.84,78378.05,78314.0,1568235666660.0,80179783416.0,0.001752,0.002266,79161.17,0.009992,1,20,0.0,0.0,0.0,0.0,0.0,0.0,1.3614,27.2278,0.0,0.0
2026-04-27T00:00:00Z,78645.13,79260.26,78645.13,79161.17,79070.9,1582152117226.0,101635146400.0,0.006562,0.007822,77728.11,-0.018103,0,20,0.0,0.0,0.0,0.0,0.0,0.0,0.9044,18.0885,0.0,0.0
2026-04-27T04:00:00Z,79096.32,79096.32,77728.11,77728.11,78390.63,1569538630571.0,117403486572.0,-0.017298,0.017298,77858.06,0.001672,1,20,0.0,0.0,0.0,0.0,0.0,0.0,0.8079,16.1577,0.0,0.0
2026-04-27T08:00:00Z,77653.43,77918.22,77653.43,77858.06,77807.8,1557971555810.0,130039117407.0,0.002635,0.00341,77816.06,-0.00054,0,20,0.0,0.0,0.0,0.0,0.0,0.0,1.0024,20.0486,0.0,0.0
2026-04-27T12:00:00Z,77839.13,77839.13,77636.74,77816.06,77764.86,1557065606980.0,138043126955.0,-0.000296,0.0026,76840.12,-0.012542,0,20,0.0,0.0,0.0,0.0,0.0,0.0,1.0184,20.3678,0.0,0.0
2026-04-27T16:00:00Z,76772.56,76840.12,76597.38,76840.12,76727.92,1537166671092.0,165263303242.0,0.00088,0.003162,77068.29,0.002969,1,20,0.0,0.0,0.0,0.0,0.0,0.0,0.8313,16.6266,0.0,0.0
2026-04-27T20:00:00Z,76829.48,77068.29,76798.23,77068.29,76920.65,1540082166670.0,165218462656.0,0.003108,0.003515,76833.06,-0.003052,0,20,0.0,0.0,0.0,0.0,0.0,0.0,1.142,22.8409,0.0,0.0
2026-04-28T00:00:00Z,77361.3,77383.54,76833.06,76833.06,77167.05,1545268632439.0,151733331998.0,-0.006828,0.007116,76711.22,-0.001586,0,20,0.0,0.0,0.0,0.0,0.0,0.0,1.0551,21.102,0.0,0.0
2026-04-28T04:00:00Z,76804.77,76948.09,76711.22,76711.22,76837.06,1538597057923.0,140978123449.0,-0.001218,0.003084,76587.47,-0.001613,0,20,0.0,0.0,0.0,0.0,0.0,0.0,0.7354,14.7081,0.0,0.0
2026-04-28T08:00:00Z,76871.95,76871.95,76582.24,76587.47,76716.4,1536021809764.0,135268859972.0,-0.003701,0.003769,75849.31,-0.009638,0,20,0.0,0.0,0.0,0.0,0.0,0.0,0.6398,12.7965,0.0,0.0
2026-04-28T12:00:00Z,76182.61,76342.56,75849.31,75849.31,76138.72,1524379374041.0,145835835684.0,-0.004375,0.006475,76223.06,0.004927,1,20,0.0,0.0,0.0,0.0,0.0,0.0,0.9524,19.0482,0.0,0.0
2026-04-28T16:00:00Z,76040.86,76223.06,76040.86,76223.06,76136.81,1524223884833.0,138149667708.0,0.002396,0.002396,76229.4,8.3e-05,1,20,0.0,0.0,0.0,0.0,0.0,0.0,1.05,20.9999,0.0,0.0
2026-04-28T20:00:00Z,76340.13,76445.86,76229.4,76229.4,76342.28,1528433183008.0,133003909955.0,-0.00145,0.002835,76478.8,0.003272,1,20,0.0,0.0,0.0,0.0,0.0,0.0,1.0648,21.2954,0.0,0.0
2026-04-29T00:00:00Z,76345.23,76537.84,76345.23,76478.8,76466.73,1530946156492.0,131065945893.0,0.00175,0.002523,76965.0,0.006357,1,20,0.0,0.0,0.0,0.0,0.0,0.0,1.1652,23.3036,0.0,0.0
2026-04-29T04:00:00Z,76961.47,77289.79,76961.47,76965.0,77118.72,1544090439087.0,135607348871.0,4.6e-05,0.004266,77596.56,0.008206,1,20,0.0,0.0,0.0,0.0,0.0,0.0,0.7897,15.7933,0.0,0.0
2026-04-29T08:00:00Z,77023.71,77629.87,77023.71,77596.56,77319.65,1548053168512.0,134724988464.0,0.007437,0.00787,76558.49,-0.013378,0,20,0.0,0.0,0.0,0.0,0.0,0.0,0.9377,18.7545,0.0,0.0
2026-04-29T12:00:00Z,77579.59,77579.59,76558.49,76558.49,77010.55,1542114275863.0,146355174434.0,-0.013162,0.013162,75436.57,-0.014654,0,20,0.0,0.0,0.0,0.0,0.0,0.0,1.06,21.2,0.0,0.0
2026-04-29T16:00:00Z,75858.13,75996.94,75436.57,75436.57,75763.82,1516600330211.0,156922013662.0,-0.005557,0.007387,75907.3,0.00624,1,20,0.0,0.0,0.0,0.0,0.0,0.0,1.0353,20.7058,0.0,0.0
2026-04-29T20:00:00Z,75468.9,75924.92,75468.9,75907.3,75750.73,1517267440300.0,170387669462.0,0.005809,0.006042,75691.66,-0.002841,0,20,0.0,0.0,0.0,0.0,0.0,0.0,1.074,21.4796,0.0,0.0
2026-04-30T00:00:00Z,75774.89,76255.01,75691.66,75691.66,75985.6,1522061237155.0,171628499806.0,-0.001098,0.007435,75713.26,0.000285,1,20,0.0,0.0,0.0,0.0,0.0,0.0,0.8997,17.9949,0.0,0.0
2026-04-30T04:00:00Z,75909.71,75909.71,75459.65,75713.26,75665.67,1515121506861.0,166410556768.0,-0.002588,0.005929,75986.04,0.003603,1,20,0.0,0.0,0.0,0.0,0.0,0.0,1.0517,21.0349,0.0,0.0
2026-04-30T08:00:00Z,76085.14,76090.47,75986.04,75986.04,76047.11,1522740976191.0,159463271247.0,-0.001302,0.001373,76270.43,0.003743,1,20,0.0,0.0,0.0,0.0,0.0,0.0,1.0717,21.4334,0.0,0.0
2026-04-30T12:00:00Z,76005.84,76410.61,76005.84,76270.43,76241.73,1526953192458.0,158512819644.0,0.003481,0.005326,76343.14,0.000953,1,20,0.0,0.0,0.0,0.0,0.0,0.0,1.0166,20.3317,0.0,0.0
2026-04-30T16:00:00Z,76455.77,76455.77,76216.34,76343.14,76312.64,1528061273234.0,143705060328.0,-0.001473,0.003132,76189.37,-0.002014,0,20,0.0,0.0,0.0,0.0,0.0,0.0,1.073,21.46,0.0,0.0
2026-04-30T20:00:00Z,76391.96,76465.47,76189.37,76189.37,76319.52,1528510960827.0,130855762554.0,-0.002652,0.003614,76517.31,0.004304,1,20,0.0,0.0,0.0,0.0,0.0,0.0,0.8354,16.7075,0.0,0.0
2026-05-01T00:00:00Z,76286.58,76656.57,76286.58,76517.31,76460.03,1531532993359.0,124224876370.0,0.003025,0.00485,77034.26,0.006756,1,20,0.0,0.0,0.0,0.0,0.0,0.0,0.9108,18.217,0.0,0.0
2026-05-01T04:00:00Z,77085.23,77118.98,77009.07,77034.26,77061.89,1543157157089.0,120748190449.0,-0.000661,0.001426,77240.16,0.002673,1,20,0.0,0.0,0.0,0.0,0.0,0.0,1.0847,21.6936,0.0,0.0
2026-05-01T08:00:00Z,77096.21,77340.98,77096.21,77240.16,77227.16,1546306677743.0,122491485760.0,0.001867,0.003175,78320.43,0.013986,1,20,0.0,0.0,0.0,0.0,0.0,0.0,1.0133,20.2665,0.0,0.0
2026-05-01T12:00:00Z,77433.64,78695.21,77433.64,78320.43,78104.64,1564340109879.0,131567257776.0,0.011452,0.016292,78382.96,0.000798,1,20,0.0,0.0,0.0,0.0,0.0,0.0,1.1552,23.1038,0.0,0.0
2026-05-01T16:00:00Z,78434.82,78548.4,78252.93,78382.96,78404.78,1569571784452.0,152901201057.0,-0.000661,0.003767,78138.27,-0.003122,0,20,0.0,0.0,0.0,0.0,0.0,0.0,1.0887,21.7733,0.0,0.0
2026-05-01T20:00:00Z,78423.59,78423.59,77859.31,78138.27,78148.8,1564385788710.0,157409062696.0,-0.003638,0.007195,78362.3,0.002867,1,20,0.0,0.0,0.0,0.0,0.0,0.0,1.0174,20.3473,0.0,0.0
2026-05-02T00:00:00Z,78172.07,78362.3,78172.07,78362.3,78282.26,1567686136868.0,156569250073.0,0.002433,0.002433,78306.93,-0.000707,0,20,0.0,0.0,0.0,0.0,0.0,0.0,1.1386,22.7711,0.0,0.0
2026-05-02T04:00:00Z,78437.93,78437.93,78150.12,78306.93,78272.67,1567090223284.0,146310526690.0,-0.00167,0.003669,78240.12,-0.000853,0,20,0.0,0.0,0.0,0.0,0.0,0.0,1.059,21.1797,0.0,0.0
2026-05-02T08:00:00Z,78194.06,78285.71,78194.06,78240.12,78250.29,1566990473627.0,139066503695.0,0.000589,0.001172,78411.39,0.002189,1,20,0.0,0.0,0.0,0.0,0.0,0.0,0.9935,19.8692,0.0,0.0
2026-05-02T12:00:00Z,78128.46,78411.39,78128.46,78411.39,78273.33,1567229851212.0,113447025161.0,0.003621,0.003621,78457.54,0.000589,1,20,0.0,0.0,0.0,0.0,0.0,0.0,1.0884,21.7678,0.0,0.0
2026-05-02T16:00:00Z,78461.64,78461.64,78382.71,78457.54,78434.24,1570579621272.0,87402632731.0,-5.2e-05,0.001006,78805.0,0.004429,1,20,0.0,0.0,0.0,0.0,0.0,0.0,1.0328,20.6555,0.0,0.0
2026-05-02T20:00:00Z,78447.54,78805.0,78439.41,78805.0,78606.14,1574065951268.0,76477948824.0,0.004557,0.00466,78157.88,-0.008212,0,20,0.0,0.0,0.0,0.0,0.0,0.0,1.1621,23.2415,0.0,0.0
2026-05-03T00:00:00Z,78666.02,78666.02,78157.88,78157.88,78399.06,1569789893609.0,74101793809.0,-0.006459,0.006459,78271.08,0.001448,1,20,0.0,0.0,0.0,0.0,0.0,0.0,1.0519,21.0371,0.0,0.0
2026-05-03T04:00:00Z,78188.41,78271.08,78146.92,78271.08,78208.87,1565994032246.0,70715499393.0,0.001057,0.001588,78393.61,0.001565,1,20,0.0,0.0,0.0,0.0,0.0,0.0,0.9773,19.5467,0.0,0.0
2026-05-03T08:00:00Z,78350.69,78514.8,78350.69,78393.61,78411.42,1570150439333.0,67852906883.0,0.000548,0.002095,78735.77,0.004365,1,20,0.0,0.0,0.0,0.0,0.0,0.0,0.9861,19.7219,0.0,0.0
2026-05-03T12:00:00Z,78651.91,78735.77,78651.91,78735.77,78695.58,1575686221521.0,70893465837.0,0.001066,0.001066,78723.72,-0.000153,0,20,0.0,0.0,0.0,0.0,0.0,0.0,1.2112,24.2232,0.0,0.0
2026-05-03T16:00:00Z,78648.52,78723.72,78648.52,78723.72,78689.4,1575617677441.0,73448723886.0,0.000956,0.000956,79164.91,0.005604,1,20,0.0,0.0,0.0,0.0,0.0,0.0,1.0403,20.8051,0.0,0.0
2026-05-03T20:00:00Z,78772.94,79164.91,78772.94,79164.91,78901.21,1579859289836.0,78305272937.0,0.004976,0.004976,80247.57,0.013676,1,0,0.0,0.0,0.0,0.0,0.0,0.0,0.0,0.0,0.0,0.0
2026-05-04T00:00:00Z,78542.81,80247.57,78523.09,80247.57,79209.63,1585813038887.0,97454988388.0,0.021705,0.021956,79920.45,-0.004076,0,20,0.0,0.0,0.0,0.0,0.0,0.0,1.1497,22.994,0.0,0.0
2026-05-04T04:00:00Z,80254.08,80296.72,79920.45,79920.45,80120.51,1603938566068.0,128142394867.0,-0.004157,0.004689,78911.17,-0.012629,0,20,0.0,0.0,0.0,0.0,0.0,0.0,1.0074,20.1475,0.0,0.0
2026-05-04T08:00:00Z,79689.31,79832.34,78911.17,78911.17,79536.71,1592484233974.0,154478265798.0,-0.009765,0.011559,80262.81,0.017129,1,20,0.0,0.0,0.0,0.0,0.0,0.0,0.9172,18.3433,0.0,0.0
2026-05-04T12:00:00Z,78794.54,80262.81,78794.54,80262.81,79199.87,1585940498761.0,183672522982.0,0.018634,0.018634,80114.39,-0.001849,0,20,0.0,0.0,0.0,0.0,0.0,0.0,1.2132,24.2639,0.0,0.0
2026-05-04T16:00:00Z,79961.48,80468.08,79961.48,80114.39,80135.43,1604702485072.0,222607602287.0,0.001912,0.006336,80060.11,-0.000678,0,20,0.0,0.0,0.0,0.0,0.0,0.0,1.1355,22.7101,0.0,0.0
2026-05-04T20:00:00Z,80052.07,80248.56,79929.46,80060.11,80072.55,1603236063741.0,230720421210.0,0.0001,0.003986,80502.66,0.005528,1,20,0.0,0.0,0.0,0.0,0.0,0.0,0.9336,18.673,0.0,0.0
2026-05-05T00:00:00Z,79824.4,80502.66,79824.4,80502.66,80197.93,1605944853160.0,212627045142.0,0.008497,0.008497,80929.43,0.005301,1,20,0.0,0.0,0.0,0.0,0.0,0.0,1.1161,22.3223,0.0,0.0
2026-05-05T04:00:00Z,80862.33,80964.33,80862.33,80929.43,80908.93,1619821963000.0,198537999739.0,0.00083,0.001261,80807.33,-0.001509,0,20,0.0,0.0,0.0,0.0,0.0,0.0,1.101,22.0196,0.0,0.0
2026-05-05T08:00:00Z,80832.02,80832.02,80559.88,80807.33,80744.19,1616759561636.0,188856468955.0,-0.000305,0.003367,81320.63,0.006352,1,20,0.0,0.0,0.0,0.0,0.0,0.0,1.0715,21.4307,0.0,0.0
2026-05-05T12:00:00Z,80980.89,81344.95,80980.89,81320.63,81228.93,1626440239712.0,177668522797.0,0.004195,0.004496,81505.54,0.002274,1,20,0.0,0.0,0.0,0.0,0.0,0.0,1.0273,20.5457,0.0,0.0
2026-05-05T16:00:00Z,81531.44,81531.44,81239.09,81505.54,81384.94,1629692458869.0,162217016050.0,-0.000318,0.003586,81102.49,-0.004945,0,20,0.0,0.0,0.0,0.0,0.0,0.0,1.2903,25.807,0.0,0.0
2026-05-05T20:00:00Z,81610.1,81640.77,81102.49,81102.49,81447.1,1631267863822.0,160025634783.0,-0.00622,0.006596,81358.39,0.003155,1,20,0.0,0.0,0.0,0.0,0.0,0.0,1.1357,22.7143,0.0,0.0
2026-05-06T00:00:00Z,80925.09,81397.41,80925.09,81358.39,81176.49,1625361215460.0,164807118023.0,0.005354,0.005836,81473.57,0.001416,1,20,0.0,0.0,0.0,0.0,0.0,0.0,0.9576,19.1523,0.0,0.0
2026-05-06T04:00:00Z,81584.74,81584.74,81297.72,81473.57,81415.53,1630032492705.0,164147517477.0,-0.001363,0.003518,82290.68,0.010029,1,20,0.0,0.0,0.0,0.0,0.0,0.0,0.958,19.1599,0.0,0.0
2026-05-06T08:00:00Z,81329.11,82290.68,81329.11,82290.68,81867.8,1639536391257.0,166111057856.0,0.011823,0.011823,81514.57,-0.009431,0,20,0.0,0.0,0.0,0.0,0.0,0.0,1.0297,20.5934,0.0,0.0
2026-05-06T12:00:00Z,82496.21,82496.21,81514.57,81514.57,81980.84,1642728146447.0,182911027164.0,-0.011899,0.011899,81360.04,-0.001896,0,20,0.0,0.0,0.0,0.0,0.0,0.0,0.9611,19.2225,0.0,0.0
2026-05-06T16:00:00Z,81680.53,81680.53,81360.04,81360.04,81529.34,1633135633071.0,184216551763.0,-0.003924,0.003924,81341.73,-0.000225,0,20,0.0,0.0,0.0,0.0,0.0,0.0,0.7548,15.0969,0.0,0.0
2026-05-06T20:00:00Z,81467.38,81535.56,81341.73,81341.73,81435.39,1630974282875.0,178903785863.0,-0.001542,0.002379,81101.16,-0.002958,0,20,0.0,0.0,0.0,0.0,0.0,0.0,0.8965,17.9303,0.0,0.0
2026-05-07T00:00:00Z,81425.0,81425.0,81025.87,81101.16,81179.2,1625745095456.0,168640621690.0,-0.003977,0.004902,81397.13,0.003649,1,20,0.0,0.0,0.0,0.0,0.0,0.0,1.2882,25.7648,0.0,0.0
2026-05-07T04:00:00Z,80866.43,81397.13,80866.43,81397.13,81064.18,1623381976110.0,164738651766.0,0.006563,0.006563,80829.49,-0.006974,0,20,0.0,0.0,0.0,0.0,0.0,0.0,1.0509,21.0188,0.0,0.0
2026-05-07T08:00:00Z,81497.73,81497.73,80829.49,80829.49,81115.96,1624457896669.0,159991348370.0,-0.008199,0.008199,80160.46,-0.008277,0,20,0.0,0.0,0.0,0.0,0.0,0.0,1.1721,23.4417,0.0,0.0
2026-05-07T12:00:00Z,80858.05,81158.03,80160.46,80160.46,80673.66,1615867549990.0,143076315786.0,-0.008627,0.012337,80208.2,0.000596,1,20,0.0,0.0,0.0,0.0,0.0,0.0,1.0686,21.3722,0.0,0.0
2026-05-07T16:00:00Z,79895.48,80208.2,79785.58,80208.2,79992.38,1602147196223.0,151702984626.0,0.003914,0.00529,79903.13,-0.003803,0,20,0.0,0.0,0.0,0.0,0.0,0.0,1.0053,20.1052,0.0,0.0
2026-05-07T20:00:00Z,80086.83,80086.83,79778.97,79903.13,79908.29,1600407366506.0,155795694197.0,-0.002294,0.003844,79467.28,-0.005455,0,20,0.0,0.0,0.0,0.0,0.0,0.0,1.0661,21.3222,0.0,0.0
2026-05-08T00:00:00Z,80022.04,80022.04,79467.28,79467.28,79747.4,1597178752143.0,152281174891.0,-0.006933,0.006933,79482.76,0.000195,1,20,0.0,0.0,0.0,0.0,0.0,0.0,1.0173,20.3462,0.0,0.0
2026-05-08T04:00:00Z,79565.88,79643.44,79482.76,79482.76,79578.44,1593706838532.0,150930432729.0,-0.001045,0.002019,80195.3,0.008965,1,20,0.0,0.0,0.0,0.0,0.0,0.0,0.645,12.8993,0.0,0.0
2026-05-08T08:00:00Z,79666.44,80195.3,79666.44,80195.3,79903.71,1600437809141.0,152192162518.0,0.006638,0.006638,80097.31,-0.001222,0,20,0.0,0.0,0.0,0.0,0.0,0.0,0.9984,19.9673,0.0,0.0
2026-05-08T12:00:00Z,80218.7,80218.7,79588.24,80097.31,79987.98,1602422486798.0,151139208250.0,-0.001513,0.007859,80134.69,0.000467,1,20,0.0,0.0,0.0,0.0,0.0,0.0,1.0953,21.9052,0.0,0.0
2026-05-08T16:00:00Z,80104.66,80134.69,79799.25,80134.69,80016.2,1603225163668.0,144087022556.0,0.000375,0.004188,80272.11,0.001715,1,20,0.0,0.0,0.0,0.0,0.0,0.0,1.1522,23.0439,0.0,0.0
2026-05-08T20:00:00Z,80095.51,80272.11,80095.51,80272.11,80176.65,1605847596918.0,141036479179.0,0.002205,0.002205,80403.26,0.001634,1,20,0.0,0.0,0.0,0.0,0.0,0.0,0.9162,18.3248,0.0,0.0
2026-05-09T00:00:00Z,80189.07,80403.26,80189.07,80403.26,80289.53,1607912818362.0,133591529110.0,0.002671,0.002671,80225.09,-0.002216,0,20,0.0,0.0,0.0,0.0,0.0,0.0,0.9111,18.2215,0.0,0.0
2026-05-09T04:00:00Z,80381.3,80384.39,80225.09,80225.09,80341.24,1608992078882.0,125805611041.0,-0.001943,0.001982,80252.19,0.000338,1,20,0.0,0.0,0.0,0.0,0.0,0.0,0.9293,18.586,0.0,0.0
2026-05-09T08:00:00Z,80217.38,80393.64,80205.76,80252.19,80267.24,1607627796869.0,115383032722.0,0.000434,0.002342,80321.08,0.000858,1,20,0.0,0.0,0.0,0.0,0.0,0.0,1.2251,24.5017,0.0,0.0
2026-05-09T12:00:00Z,80350.36,80385.09,80321.08,80321.08,80357.89,1609210467825.0,101111395568.0,-0.000364,0.000797,80879.96,0.006958,1,20,0.0,0.0,0.0,0.0,0.0,0.0,1.0568,21.1356,0.0,0.0
2026-05-09T16:00:00Z,80513.26,80879.96,80513.26,80879.96,80702.5,1616009288252.0,88104742847.0,0.004555,0.004555,80742.82,-0.001696,0,20,0.0,0.0,0.0,0.0,0.0,0.0,1.147,22.9407,0.0,0.0
2026-05-09T20:00:00Z,80894.73,80894.73,80742.82,80742.82,80802.37,1618201499790.0,79422739140.0,-0.001878,0.001878,80740.68,-2.6e-05,0,20,0.0,0.0,0.0,0.0,0.0,0.0,0.9681,19.3624,0.0,0.0
2026-05-10T00:00:00Z,80678.03,80740.68,80636.17,80740.68,80675.31,1615759398596.0,76801347568.0,0.000777,0.001295,80707.18,-0.000415,0,20,0.0,0.0,0.0,0.0,0.0,0.0,1.0867,21.734,0.0,0.0
2026-05-10T04:00:00Z,80784.86,80784.86,80687.82,80707.18,80734.17,1616885344660.0,74157353740.0,-0.000962,0.001201,80866.5,0.001974,1,20,0.0,0.0,0.0,0.0,0.0,0.0,0.852,17.0401,0.0,0.0
2026-05-10T08:00:00Z,80713.38,80866.5,80713.38,80866.5,80794.13,1618087439726.0,70183123104.0,0.001897,0.001897,80932.17,0.000812,1,20,0.0,0.0,0.0,0.0,0.0,0.0,0.8288,16.5761,0.0,0.0
2026-05-10T12:00:00Z,80823.28,80934.73,80823.28,80932.17,80894.36,1620120006900.0,70620207756.0,0.001347,0.001379,81264.61,0.004108,1,20,0.0,0.0,0.0,0.0,0.0,0.0,1.0324,20.6473,0.0,0.0
2026-05-10T16:00:00Z,81405.1,81443.37,81264.61,81264.61,81359.26,1629367175732.0,77302926915.0,-0.001726,0.002196,82025.59,0.009364,1,20,0.0,0.0,0.0,0.0,0.0,0.0,0.9179,18.3586,0.0,0.0
2026-05-10T20:00:00Z,81411.03,82025.59,80687.32,82025.59,81211.0,1626338677382.0,91279263374.0,0.007549,0.016438,81179.93,-0.01031,0,20,0.0,0.0,0.0,0.0,0.0,0.0,1.0105,20.2106,0.0,0.0
2026-05-11T00:00:00Z,82145.66,82145.66,81179.93,81179.93,81557.91,1633110290297.0,121861009005.0,-0.011756,0.011756,80841.66,-0.004167,0,20,0.0,0.0,0.0,0.0,0.0,0.0,1.2898,25.7965,0.0,0.0
2026-05-11T04:00:00Z,80694.98,80841.66,80694.98,80841.66,80795.99,1618111514443.0,133952215334.0,0.001818,0.001818,80942.53,0.001248,1,20,0.0,0.0,0.0,0.0,0.0,0.0,1.0216,20.433,0.0,0.0
2026-05-11T08:00:00Z,80710.24,80942.53,80710.24,80942.53,80833.96,1619209790672.0,140712032168.0,0.002878,0.002878,80898.21,-0.000548,0,20,0.0,0.0,0.0,0.0,0.0,0.0,0.9852,19.704,0.0,0.0
2026-05-11T12:00:00Z,81149.89,81149.89,80898.21,80898.21,81023.92,1622315390660.0,146079607813.0,-0.003101,0.003101,81876.99,0.012099,1,20,0.0,0.0,0.0,0.0,0.0,0.0,0.975,19.4997,0.0,0.0
2026-05-11T16:00:00Z,81383.85,81900.99,81383.85,81876.99,81683.69,1636420442107.0,155250288259.0,0.00606,0.006354,81823.29,-0.000656,0,20,0.0,0.0,0.0,0.0,0.0,0.0,1.0382,20.7637,0.0,0.0
2026-05-11T20:00:00Z,81939.14,81939.14,81795.3,81823.29,81842.41,1639305876012.0,153562606271.0,-0.001414,0.001755,81222.3,-0.007345,0,20,0.0,0.0,0.0,0.0,0.0,0.0,1.0958,21.917,0.0,0.0
2026-05-12T00:00:00Z,81725.21,81725.21,81170.3,81222.3,81412.19,1630682094428.0,130360897828.0,-0.006154,0.00679,81010.86,-0.002603,0,20,0.0,0.0,0.0,0.0,0.0,0.0,0.9071,18.1412,0.0,0.0
2026-05-12T04:00:00Z,81026.27,81229.06,81010.86,81010.86,81116.44,1624658570695.0,123376436317.0,-0.00019,0.002693,80632.79,-0.004667,0,20,0.0,0.0,0.0,0.0,0.0,0.0,0.8954,17.9073,0.0,0.0
2026-05-12T08:00:00Z,80862.23,80862.23,80632.79,80632.79,80781.03,1618070313463.0,122329274131.0,-0.002837,0.002837,80496.58,-0.001689,0,20,0.0,0.0,0.0,0.0,0.0,0.0,1.045,20.901,0.0,0.0
2026-05-12T12:00:00Z,80745.8,80845.76,80485.02,80496.58,80643.29,1615689610490.0,129724247983.0,-0.003086,0.004468,80679.54,0.002273,1,20,0.0,0.0,0.0,0.0,0.0,0.0,1.1623,23.2463,0.0,0.0
2026-05-12T16:00:00Z,80336.59,80679.54,79962.92,80679.54,80366.72,1610210256468.0,137339856812.0,0.004269,0.00892,80652.28,-0.000338,0,20,0.0,0.0,0.0,0.0,0.0,0.0,1.0558,21.1159,0.0,0.0
2026-05-12T20:00:00Z,80788.27,80788.27,80557.61,80652.28,80668.46,1615752093777.0,134197845651.0,-0.001683,0.002855,81023.17,0.004599,1,20,0.0,0.0,0.0,0.0,0.0,0.0,0.9871,19.7418,0.0,0.0
2026-05-13T00:00:00Z,80480.89,81023.17,80480.89,81023.17,80795.34,1618540808676.0,132068876628.0,0.006738,0.006738,80954.33,-0.00085,0,20,0.0,0.0,0.0,0.0,0.0,0.0,0.9065,18.1306,0.0,0.0
2026-05-13T04:00:00Z,81195.71,81206.64,80954.33,80954.33,81087.1,1624131971112.0,126709358079.0,-0.002973,0.003107,80794.7,-0.001972,0,20,0.0,0.0,0.0,0.0,0.0,0.0,1.0847,21.6932,0.0,0.0
2026-05-13T08:00:00Z,80976.26,81234.86,80794.7,80794.7,81038.96,1622901235085.0,162017652778.0,-0.002242,0.005436,79694.95,-0.013612,0,20,0.0,0.0,0.0,0.0,0.0,0.0,1.1976,23.9526,0.0,0.0
2026-05-13T12:00:00Z,80484.94,80484.94,79611.24,79694.95,79990.81,1602283576742.0,163084936067.0,-0.009815,0.010855,79611.13,-0.001052,0,20,0.0,0.0,0.0,0.0,0.0,0.0,1.0461,20.9229,0.0,0.0
2026-05-13T16:00:00Z,78827.55,79611.13,78827.55,79611.13,79247.88,1587973203671.0,173297648671.0,0.00994,0.00994,79401.91,-0.002628,0,20,0.0,0.0,0.0,0.0,0.0,0.0,0.7382,14.7641,0.0,0.0
2026-05-13T20:00:00Z,79563.36,79664.01,79371.06,79401.91,79500.08,1592182695020.0,178583827232.0,-0.002029,0.003682,79326.8,-0.000946,0,20,0.0,0.0,0.0,0.0,0.0,0.0,1.1322,22.6448,0.0,0.0
2026-05-14T00:00:00Z,79277.8,79571.06,79277.8,79326.8,79433.16,1590991299395.0,181011599304.0,0.000618,0.003699,79790.69,0.005848,1,20,0.0,0.0,0.0,0.0,0.0,0.0,0.9668,19.3352,0.0,0.0
2026-05-14T04:00:00Z,78973.19,79790.69,78973.19,79790.69,79486.77,1592191294954.0,186504821535.0,0.010352,0.010352,79545.69,-0.003071,0,20,0.0,0.0,0.0,0.0,0.0,0.0,0.9847,19.6946,0.0,0.0
2026-05-14T08:00:00Z,79766.38,79786.22,79545.69,79545.69,79675.06,1596163230714.0,149092000372.0,-0.002767,0.003015,80920.4,0.017282,1,20,0.0,0.0,0.0,0.0,0.0,0.0,0.9153,18.3058,0.0,0.0
2026-05-14T12:00:00Z,79264.06,80920.4,79264.06,80920.4,79930.4,1600835807346.0,145913357788.0,0.020896,0.020896,81590.61,0.008282,1,20,0.0,0.0,0.0,0.0,0.0,0.0,1.0868,21.7352,0.0,0.0
2026-05-14T16:00:00Z,81293.33,81700.16,81293.33,81590.61,81544.64,1631844301482.0,163269680609.0,0.003657,0.005004,81418.22,-0.002113,0,20,0.0,0.0,0.0,0.0,0.0,0.0,1.0001,20.0012,0.0,0.0
2026-05-14T20:00:00Z,81386.9,81418.22,81368.82,81418.22,81388.97,1630313313591.0,177669207150.0,0.000385,0.000607,81285.34,-0.001632,0,20,0.0,0.0,0.0,0.0,0.0,0.0,0.979,19.5798,0.0,0.0
2026-05-15T00:00:00Z,81051.98,81487.62,81051.98,81285.34,81242.59,1627070885204.0,179265494331.0,0.002879,0.005375,80557.78,-0.008951,0,20,0.0,0.0,0.0,0.0,0.0,0.0,1.0904,21.8076,0.0,0.0
2026-05-15T04:00:00Z,81055.28,81055.28,80325.33,80557.78,80677.24,1616643872728.0,178489579607.0,-0.006138,0.009006,80706.63,0.001848,1,19,0.0,0.0,0.0,0.0,0.0,0.0,0.9619,18.2754,0.0,0.0
2026-05-15T08:00:00Z,80796.52,80796.52,80436.75,80706.63,80639.66,1615035544903.0,180562710234.0,-0.001113,0.004453,79207.66,-0.018573,0,20,0.0,0.0,0.0,0.0,0.0,0.0,1.0705,21.4104,0.0,0.0
2026-05-15T12:00:00Z,80606.09,80606.09,78742.81,79207.66,79727.57,1597353599461.0,186734484183.0,-0.017349,0.023116,79233.93,0.000332,1,20,0.0,0.0,0.0,0.0,0.0,0.0,1.0298,20.596,0.0,0.0
2026-05-15T16:00:00Z,79140.6,79414.05,79140.6,79233.93,79254.14,1587726176952.0,170748627736.0,0.001179,0.003455,79067.66,-0.002098,0,20,0.0,0.0,0.0,0.0,0.0,0.0,0.9294,18.5874,0.0,0.0
2026-05-15T20:00:00Z,79121.18,79121.18,78960.85,79067.66,79056.04,1583389173249.0,154895462300.0,-0.000676,0.002026,79056.42,-0.000142,0,20,0.0,0.0,0.0,0.0,0.0,0.0,1.0028,20.0561,0.0,0.0
2026-05-16T00:00:00Z,79071.54,79124.94,79045.99,79056.42,79074.72,1583676839166.0,150757424325.0,-0.000191,0.000999,78600.9,-0.005762,0,20,0.0,0.0,0.0,0.0,0.0,0.0,1.0061,20.1213,0.0,0.0
2026-05-16T04:00:00Z,79057.82,79057.82,78600.9,78600.9,78896.45,1580423122491.0,139107926307.0,-0.00578,0.00578,77912.52,-0.008758,0,20,0.0,0.0,0.0,0.0,0.0,0.0,1.0359,20.7186,0.0,0.0
2026-05-16T08:00:00Z,78335.78,78381.03,77912.52,77912.52,78170.96,1565740746976.0,138390329645.0,-0.005403,0.005981,78093.09,0.002318,1,20,0.0,0.0,0.0,0.0,0.0,0.0,0.9776,19.552,0.0,0.0
2026-05-16T12:00:00Z,78051.94,78093.09,77959.38,78093.09,78021.67,1562688386760.0,136140117028.0,0.000527,0.001713,78198.4,0.001348,1,20,0.0,0.0,0.0,0.0,0.0,0.0,0.9926,19.8529,0.0,0.0
2026-05-16T16:00:00Z,78202.92,78202.92,78138.06,78198.4,78180.0,1566139493101.0,117846413455.0,-5.8e-05,0.000829,78156.23,-0.000539,0,20,0.0,0.0,0.0,0.0,0.0,0.0,0.8772,17.5434,0.0,0.0
2026-05-16T20:00:00Z,78216.82,78257.24,78156.23,78156.23,78214.0,1566594523128.0,109477361285.0,-0.000775,0.001291,77869.83,-0.003664,0,20,0.0,0.0,0.0,0.0,0.0,0.0,0.9088,18.177,0.0,0.0
2026-05-17T00:00:00Z,78135.01,78135.01,77727.76,77869.83,77903.73,1560954739717.0,105409756117.0,-0.003394,0.005212,78065.69,0.002515,1,20,0.0,0.0,0.0,0.0,0.0,0.0,1.0423,20.8468,0.0,0.0
2026-05-17T04:00:00Z,77979.88,78124.21,77979.88,78065.69,78064.32,1563518877490.0,103119562872.0,0.0011,0.001851,78400.28,0.004286,1,20,0.0,0.0,0.0,0.0,0.0,0.0,0.933,18.6603,0.0,0.0
2026-05-17T08:00:00Z,78136.11,78400.28,78051.86,78400.28,78205.36,1566589347260.0,88385626469.0,0.003381,0.004459,78020.49,-0.004844,0,20,0.0,0.0,0.0,0.0,0.0,0.0,0.7659,15.3182,0.0,0.0
2026-05-17T12:00:00Z,78368.62,78368.62,78020.49,78020.49,78224.74,1566975573787.0,76863986349.0,-0.004442,0.004442,78195.87,0.002248,1,20,0.0,0.0,0.0,0.0,0.0,0.0,1.2257,24.5141,0.0,0.0
2026-05-17T16:00:00Z,78011.09,78195.87,78011.09,78195.87,78063.91,1563846969438.0,72609991239.0,0.002369,0.002369,77927.94,-0.003426,0,19,0.0,0.0,0.0,0.0,0.0,0.0,1.0407,19.774,0.0,0.0
2026-05-17T20:00:00Z,78357.07,78381.77,77927.94,77927.94,78230.0,1566914373696.0,74859672374.0,-0.005477,0.005792,76766.43,-0.014905,0,20,0.0,0.0,0.0,0.0,0.0,0.0,1.085,21.7008,0.0,0.0
2026-05-18T00:00:00Z,77432.5,77432.5,76766.43,76766.43,77098.46,1543808743098.0,95021516175.0,-0.008602,0.008602,76873.53,0.001395,1,20,0.0,0.0,0.0,0.0,0.0,0.0,1.014,20.2804,0.0,0.0
2026-05-18T04:00:00Z,76902.4,76993.05,76859.74,76873.53,76907.18,1540246006864.0,101908126043.0,-0.000375,0.001734,76755.93,-0.00153,0,20,0.0,0.0,0.0,0.0,0.0,0.0,1.0683,21.3667,0.0,0.0
2026-05-18T08:00:00Z,77012.12,77012.12,76755.93,76755.93,76908.68,1540562415015.0,118729337983.0,-0.003327,0.003327,76310.83,-0.005799,0,20,0.0,0.0,0.0,0.0,0.0,0.0,1.0245,20.49,0.0,0.0
2026-05-18T12:00:00Z,77247.09,77580.46,76310.83,76310.83,77009.65,1543083459109.0,136894123746.0,-0.01212,0.016436,76201.13,-0.001438,0,20,0.0,0.0,0.0,0.0,0.0,0.0,1.1054,22.1078,0.0,0.0
2026-05-18T16:00:00Z,76379.7,76644.85,76201.13,76201.13,76400.93,1530519353475.0,171784580865.0,-0.002338,0.005809,76995.12,0.01042,1,20,0.0,0.0,0.0,0.0,0.0,0.0,0.8838,17.6754,0.0,0.0
2026-05-18T20:00:00Z,76826.81,77059.83,76826.81,76995.12,76939.3,1540834762422.0,187421879372.0,0.002191,0.003033,76561.75,-0.005628,0,20,0.0,0.0,0.0,0.0,0.0,0.0,0.9402,18.8038,0.0,0.0
2026-05-19T00:00:00Z,76952.21,77115.68,76561.75,76561.75,76823.1,1538959109682.0,172037737215.0,-0.005074,0.007198,76972.81,0.005369,1,20,0.0,0.0,0.0,0.0,0.0,0.0,1.1097,22.1941,0.0,0.0
2026-05-19T04:00:00Z,76711.84,76972.81,76711.84,76972.81,76851.24,1539585628808.0,164716487249.0,0.003402,0.003402,76990.21,0.000226,1,20,0.0,0.0,0.0,0.0,0.0,0.0,0.8005,16.0105,0.0,0.0
2026-05-19T08:00:00Z,77163.07,77163.07,76761.03,76990.21,76982.76,1542092714227.0,158499749957.0,-0.00224,0.00521,76303.17,-0.008924,0,19,0.0,0.0,0.0,0.0,0.0,0.0,1.0013,19.0245,0.0,0.0
2026-05-19T12:00:00Z,76669.25,76895.93,76303.17,76303.17,76671.49,1536009826101.0,149997566026.0,-0.004775,0.007731,76748.13,0.005831,1,20,0.0,0.0,0.0,0.0,0.0,0.0,0.9062,18.1237,0.0,0.0
2026-05-19T16:00:00Z,76435.08,76836.2,76435.08,76748.13,76695.89,1536210225493.0,134254299524.0,0.004096,0.005248,76657.71,-0.001178,0,20,0.0,0.0,0.0,0.0,0.0,0.0,1.1151,22.3024,0.0,0.0
2026-05-19T20:00:00Z,76749.63,76964.23,76657.71,76657.71,76828.16,1539118872183.0,120645662868.0,-0.001198,0.003994,76618.81,-0.000507,0,20,0.0,0.0,0.0,0.0,0.0,0.0,0.9691,19.3823,0.0,0.0
2026-05-20T00:00:00Z,76752.95,76752.95,76618.81,76618.81,76704.67,1536378648524.0,112710722654.0,-0.001748,0.001748,77317.87,0.009124,1,20,0.0,0.0,0.0,0.0,0.0,0.0,0.9595,19.1903,0.0,0.0
2026-05-20T04:00:00Z,76660.11,77317.87,76660.11,77317.87,76945.67,1541400007883.0,110262958947.0,0.00858,0.00858,77440.4,0.001585,1,20,0.0,0.0,0.0,0.0,0.0,0.0,0.9228,18.4558,0.0,0.0
2026-05-20T08:00:00Z,77197.77,77440.4,77197.77,77440.4,77351.22,1549502679575.0,107770069662.0,0.003143,0.003143,77426.29,-0.000182,0,20,0.0,0.0,0.0,0.0,0.0,0.0,1.1731,23.462,0.0,0.0
2026-05-20T12:00:00Z,77317.01,77555.79,77095.28,77426.29,77348.59,1549251705261.0,107179324934.0,0.001413,0.005956,77341.85,-0.00109,0,20,0.0,0.0,0.0,0.0,0.0,0.0,0.7446,14.8914,0.0,0.0
2026-05-20T16:00:00Z,77358.59,77488.36,77216.25,77341.85,77351.26,1549777907709.0,110725396822.0,-0.000216,0.003518,77407.42,0.000848,1,20,0.0,0.0,0.0,0.0,0.0,0.0,0.9818,19.6351,0.0,0.0
2026-05-20T20:00:00Z,77612.84,77653.42,77407.42,77407.42,77533.37,1553215282340.0,113497563785.0,-0.002647,0.00317,77906.16,0.006443,1,20,0.0,0.0,0.0,0.0,0.0,0.0,0.9356,18.7117,0.0,0.0
2026-05-21T00:00:00Z,77459.94,77906.16,77459.94,77906.16,77762.8,1557870703319.0,115958347720.0,0.005761,0.005761,77538.08,-0.004725,0,20,0.0,0.0,0.0,0.0,0.0,0.0,1.0073,20.1466,0.0,0.0
2026-05-21T04:00:00Z,77998.92,77998.92,77538.08,77538.08,77800.24,1558197091543.0,112654430221.0,-0.005908,0.005908,77160.09,-0.004875,0,20,0.0,0.0,0.0,0.0,0.0,0.0,0.9879,19.7577,0.0,0.0
2026-05-21T08:00:00Z,77801.71,77854.87,77160.09,77160.09,77601.82,1554108468672.0,111269115908.0,-0.008247,0.00893,76923.31,-0.003069,0,20,0.0,0.0,0.0,0.0,0.0,0.0,1.1042,22.0842,0.0,0.0
2026-05-21T12:00:00Z,77129.22,77220.34,76923.31,76923.31,77069.45,1544130274333.0,116228670024.0,-0.00267,0.003851,77268.25,0.004484,1,20,0.0,0.0,0.0,0.0,0.0,0.0,1.1009,22.0181,0.0,0.0
2026-05-21T16:00:00Z,77180.17,77879.95,77091.57,77268.25,77354.98,1549572119639.0,111218184619.0,0.001141,0.010215,77549.3,0.003637,1,20,0.0,0.0,0.0,0.0,0.0,0.0,1.1314,22.6289,0.0,0.0
2026-05-21T20:00:00Z,77629.66,77629.66,77549.3,77549.3,77598.99,1554564512058.0,117989967020.0,-0.001035,0.001035,77575.27,0.000335,1,20,0.0,0.0,0.0,0.0,0.0,0.0,1.0042,20.0834,0.0,0.0
2026-05-22T00:00:00Z,77546.34,77575.27,77329.75,77575.27,77492.61,1552730024541.0,111473735207.0,0.000373,0.003166,77338.68,-0.00305,0,20,0.0,0.0,0.0,0.0,0.0,0.0,1.0551,21.102,0.0,0.0
2026-05-22T04:00:00Z,77689.65,77689.65,77338.68,77338.68,77509.72,1552798674481.0,106554748072.0,-0.004518,0.004518,77223.27,-0.001492,0,20,0.0,0.0,0.0,0.0,0.0,0.0,1.0691,21.3811,0.0,0.0
2026-05-22T08:00:00Z,77325.0,77325.0,77204.4,77223.27,77244.62,1547577474819.0,105616176954.0,-0.001316,0.00156,76699.99,-0.006776,0,20,0.0,0.0,0.0,0.0,0.0,0.0,0.9764,19.5289,0.0,0.0
2026-05-22T12:00:00Z,77321.51,77405.71,76699.99,76699.99,77146.63,1545433188292.0,103899494208.0,-0.008038,0.009127,76442.19,-0.003361,0,19,0.0,0.0,0.0,0.0,0.0,0.0,0.9241,17.5578,0.0,0.0
2026-05-22T16:00:00Z,76716.98,76873.62,76442.19,76442.19,76678.64,1536126348425.0,107048328245.0,-0.003582,0.005624,75650.83,-0.010352,0,20,0.0,0.0,0.0,0.0,0.0,0.0,0.8945,17.8905,0.0,0.0
2026-05-22T20:00:00Z,75784.62,75909.3,75650.83,75650.83,75808.92,1518631456577.0,150244925972.0,-0.001765,0.003411,75482.61,-0.002224,0,20,0.0,0.0,0.0,0.0,0.0,0.0,0.9193,18.3855,0.0,0.0
2026-05-23T00:00:00Z,75482.52,75482.61,75308.7,75482.61,75416.37,1510795635231.0,125067958622.0,1e-06,0.002304,75315.48,-0.002214,0,20,0.0,0.0,0.0,0.0,0.0,0.0,0.8427,16.8534,0.0,0.0
2026-05-23T04:00:00Z,75547.72,75547.72,75315.48,75315.48,75421.46,1511029881939.0,122857206643.0,-0.003074,0.003074,74634.15,-0.009046,0,20,0.0,0.0,0.0,0.0,0.0,0.0,1.2727,25.4535,0.0,0.0
2026-05-23T08:00:00Z,74501.45,74634.15,74501.45,74634.15,74581.41,1494132144124.0,164969586568.0,0.001781,0.001781,75490.82,0.011478,1,20,0.0,0.0,0.0,0.0,0.0,0.0,0.9447,18.8939,0.0,0.0
2026-05-23T12:00:00Z,74726.63,75490.82,74647.68,75490.82,75002.48,1502563034463.0,187479052803.0,0.010226,0.011283,75763.66,0.003614,1,20,0.0,0.0,0.0,0.0,0.0,0.0,1.1436,22.8714,0.0,0.0
2026-05-23T16:00:00Z,75429.43,75763.66,75385.51,75763.66,75497.38,1512532439618.0,215080804480.0,0.004431,0.005013,76485.46,0.009527,1,20,0.0,0.0,0.0,0.0,0.0,0.0,1.1598,23.1963,0.0,0.0
2026-05-23T20:00:00Z,75859.36,77083.63,75859.36,76485.46,76528.14,1531511457327.0,131614458413.0,0.008253,0.016139,76741.49,0.003347,1,20,0.0,0.0,0.0,0.0,0.0,0.0,1.068,21.359,0.0,0.0
2026-05-24T00:00:00Z,76672.79,76774.22,76672.79,76741.49,76732.6,1537322967291.0,127004122001.0,0.000896,0.001323,76895.46,0.002006,1,20,0.0,0.0,0.0,0.0,0.0,0.0,1.1568,23.1361,0.0,0.0
2026-05-24T04:00:00Z,76695.51,76895.46,76695.51,76895.46,76754.55,1537737814142.0,121235708732.0,0.002607,0.002607,77091.64,0.002551,1,20,0.0,0.0,0.0,0.0,0.0,0.0,1.0952,21.9044,0.0,0.0
2026-05-24T08:00:00Z,76693.34,77091.64,76693.34,77091.64,76860.08,1539603277604.0,117902695911.0,0.005193,0.005193,76365.92,-0.009414,0,20,0.0,0.0,0.0,0.0,0.0,0.0,1.1499,22.9977,0.0,0.0
2026-05-24T12:00:00Z,77188.8,77188.8,76365.92,76365.92,76801.99,1538601204328.0,124097796373.0,-0.010661,0.010661,76577.24,0.002767,1,20,0.0,0.0,0.0,0.0,0.0,0.0,1.1363,22.7255,0.0,0.0
2026-05-24T16:00:00Z,76277.84,76611.96,76277.84,76577.24,76513.17,1532613693112.0,104484835977.0,0.003925,0.00438,76711.68,0.001756,1,20,0.0,0.0,0.0,0.0,0.0,0.0,1.0558,21.1168,0.0,0.0
2026-05-24T20:00:00Z,76667.97,76711.68,76053.09,76711.68,76492.37,1532876184281.0,94300658690.0,0.00057,0.00859,77013.51,0.003935,1,20,0.0,0.0,0.0,0.0,0.0,0.0,0.95,19.0003,0.0,0.0
2026-05-25T00:00:00Z,76988.16,77042.19,76878.52,77013.51,76980.6,1543006187271.0,94614594865.0,0.000329,0.002126,77319.49,0.003973,1,20,0.0,0.0,0.0,0.0,0.0,0.0,1.1314,22.6288,0.0,0.0
2026-05-25T04:00:00Z,76946.0,77319.49,76946.0,77319.49,77216.62,1547168434199.0,96832134015.0,0.004854,0.004854,77466.16,0.001897,1,20,0.0,0.0,0.0,0.0,0.0,0.0,0.9428,18.8562,0.0,0.0
2026-05-25T08:00:00Z,77290.94,77536.98,77290.94,77466.16,77411.58,1550660349196.0,98410552037.0,0.002267,0.003183,77630.86,0.002126,1,20,0.0,0.0,0.0,0.0,0.0,0.0,0.9829,19.6582,0.0,0.0
2026-05-25T12:00:00Z,77281.1,77630.86,77254.72,77630.86,77369.51,1550269306521.0,94740500817.0,0.004526,0.004867,77480.72,-0.001934,0,20,0.0,0.0,0.0,0.0,0.0,0.0,0.9662,19.3243,0.0,0.0
2026-05-25T16:00:00Z,77555.15,77664.65,77480.72,77480.72,77550.25,1553602168987.0,92794599850.0,-0.00096,0.002372,77092.59,-0.005009,0,20,0.0,0.0,0.0,0.0,0.0,0.0,0.9972,19.9442,0.0,0.0
2026-05-25T20:00:00Z,77360.42,77360.42,77092.59,77092.59,77240.51,1547646978933.0,91228968328.0,-0.003462,0.003462,76550.51,-0.007032,0,20,0.0,0.0,0.0,0.0,0.0,0.0,0.9524,19.049,0.0,0.0
2026-05-26T00:00:00Z,77274.4,77274.4,76550.51,76550.51,76811.94,1538774170880.0,88588494042.0,-0.009368,0.009368,76833.85,0.003701,1,20,0.0,0.0,0.0,0.0,0.0,0.0,0.9424,18.8481,0.0,0.0
2026-05-26T04:00:00Z,76583.61,76833.85,76583.61,76833.85,76727.34,1537342716534.0,91707730187.0,0.003268,0.003268,77398.32,0.007347,1,20,0.0,0.0,0.0,0.0,0.0,0.0,0.9893,19.7858,0.0,0.0
2026-05-26T08:00:00Z,76626.95,77398.32,76583.86,77398.32,76819.15,1539337007023.0,92907920749.0,0.010067,0.010629,76869.39,-0.006834,0,20,0.0,0.0,0.0,0.0,0.0,0.0,1.0643,21.2864,0.0,0.0
2026-05-26T12:00:00Z,77124.6,77147.6,76869.39,76869.39,77045.83,1543783946198.0,110276587672.0,-0.003309,0.003607,75724.21,-0.014898,0,20,0.0,0.0,0.0,0.0,0.0,0.0,1.1869,23.7378,0.0,0.0
2026-05-26T16:00:00Z,76384.18,76435.95,75724.21,75724.21,76112.51,1525124765892.0,144058798242.0,-0.00864,0.009318,75636.67,-0.001156,0,20,0.0,0.0,0.0,0.0,0.0,0.0,1.1766,23.5322,0.0,0.0
2026-05-26T20:00:00Z,75931.36,75994.62,75636.67,75636.67,75870.28,1519984092331.0,155403404174.0,-0.003881,0.004714,75710.15,0.000971,1,20,0.0,0.0,0.0,0.0,0.0,0.0,1.0934,21.8685,0.0,0.0
2026-05-27T00:00:00Z,75824.06,75847.71,75710.15,75710.15,75792.34,1518745441551.0,155468370756.0,-0.001502,0.001814,75719.04,0.000117,1,20,0.0,0.0,0.0,0.0,0.0,0.0,1.1386,22.7713,0.0,0.0
2026-05-27T04:00:00Z,75554.86,75719.04,75477.54,75719.04,75590.39,1514453619744.0,152715218513.0,0.002173,0.003196,75808.65,0.001183,1,20,0.0,0.0,0.0,0.0,0.0,0.0,0.9301,18.6016,0.0,0.0
2026-05-27T08:00:00Z,75858.35,75858.35,75754.84,75808.65,75804.23,1518770650466.0,147335182507.0,-0.000655,0.001365,74921.34,-0.011705,0,20,0.0,0.0,0.0,0.0,0.0,0.0,1.1115,22.2295,0.0,0.0
2026-05-27T12:00:00Z,75652.4,75652.4,74904.23,74921.34,75270.82,1508355667523.0,153833107861.0,-0.009663,0.00989,74885.43,-0.000479,0,20,0.0,0.0,0.0,0.0,0.0,0.0,1.0229,20.4575,0.0,0.0
2026-05-27T16:00:00Z,75186.51,75186.51,74732.64,74885.43,74996.55,1502653824958.0,143803867697.0,-0.004005,0.006037,74346.88,-0.007192,0,20,0.0,0.0,0.0,0.0,0.0,0.0,1.2395,24.7895,0.0,0.0
2026-05-27T20:00:00Z,74923.09,75154.74,74322.46,74346.88,74686.79,1496067242440.0,141845296890.0,-0.007691,0.011108,74181.84,-0.00222,0,20,0.0,0.0,0.0,0.0,0.0,0.0,1.0554,21.1074,0.0,0.0
2026-05-28T00:00:00Z,74352.7,74425.58,74181.84,74181.84,74296.94,1488592535474.0,146861551094.0,-0.002298,0.003278,73048.68,-0.015276,0,20,0.0,0.0,0.0,0.0,0.0,0.0,1.0086,20.1719,0.0,0.0
2026-05-28T04:00:00Z,73131.58,73131.58,72875.91,73048.68,73027.26,1462860084155.0,169240158527.0,-0.001134,0.003496,73306.3,0.003527,1,20,0.0,0.0,0.0,0.0,0.0,0.0,0.9619,19.2376,0.0,0.0
2026-05-28T08:00:00Z,73337.45,73418.14,73200.08,73306.3,73315.49,1468915118885.0,177462463372.0,-0.000425,0.002973,72889.83,-0.005681,0,20,0.0,0.0,0.0,0.0,0.0,0.0,1.0493,20.9858,0.0,0.0
2026-05-28T12:00:00Z,73384.84,73400.04,72889.83,72889.83,73143.34,1465210463346.0,171080128350.0,-0.006745,0.006953,73550.79,0.009068,1,20,0.0,0.0,0.0,0.0,0.0,0.0,1.1618,23.2356,0.0,0.0
2026-05-28T16:00:00Z,72785.65,73550.79,72785.65,73550.79,73272.86,1468253274235.0,174512442556.0,0.010512,0.010512,73370.36,-0.002453,0,20,0.0,0.0,0.0,0.0,0.0,0.0,1.066,21.3208,0.0,0.0
2026-05-28T20:00:00Z,73343.35,73739.62,73343.35,73370.36,73484.07,1472604331149.0,167093328020.0,0.000368,0.005403,73112.31,-0.003517,0,20,0.0,0.0,0.0,0.0,0.0,0.0,0.6648,13.2962,0.0,0.0
2026-05-29T00:00:00Z,73539.84,73613.09,73112.31,73112.31,73438.87,1471659888083.0,160097216369.0,-0.005814,0.00681,73673.47,0.007675,1,20,0.0,0.0,0.0,0.0,0.0,0.0,0.9472,18.9449,0.0,0.0
2026-05-29T04:00:00Z,73195.82,73673.47,73195.82,73673.47,73457.43,1471719788118.0,135246842079.0,0.006526,0.006526,73570.17,-0.001402,0,20,0.0,0.0,0.0,0.0,0.0,0.0,0.9661,19.3224,0.0,0.0
2026-05-29T08:00:00Z,73373.04,73634.92,73373.04,73570.17,73529.51,1473120778097.0,127657844063.0,0.002687,0.003569,73008.29,-0.007637,0,20,0.0,0.0,0.0,0.0,0.0,0.0,0.9644,19.2874,0.0,0.0
2026-05-29T12:00:00Z,73359.8,73359.8,73008.29,73008.29,73162.53,1465375624722.0,126992884128.0,-0.004792,0.004792,73252.61,0.003346,1,20,0.0,0.0,0.0,0.0,0.0,0.0,1.2432,24.8638,0.0,0.0
2026-05-29T16:00:00Z,73706.34,73944.32,73252.61,73252.61,73699.01,1476357912079.0,140053965875.0,-0.006156,0.009385,73390.22,0.001879,1,20,0.0,0.0,0.0,0.0,0.0,0.0,1.2895,25.7894,0.0,0.0
2026-05-29T20:00:00Z,73434.13,73559.99,73344.37,73390.22,73432.18,1471233998028.0,144020192139.0,-0.000598,0.002936,73678.65,0.00393,1,20,0.0,0.0,0.0,0.0,0.0,0.0,0.3991,7.9816,0.0,0.0
2026-05-30T00:00:00Z,73382.72,73678.65,73382.72,73678.65,73518.32,1473026663726.0,140482331244.0,0.004033,0.004033,73493.48,-0.002513,0,20,0.0,0.0,0.0,0.0,0.0,0.0,1.1821,23.6413,0.0,0.0
2026-05-30T04:00:00Z,73433.27,73510.98,73295.07,73493.48,73433.2,1471485369488.0,138287202168.0,0.00082,0.00294,73519.54,0.000355,1,20,0.0,0.0,0.0,0.0,0.0,0.0,0.9846,19.6912,0.0,0.0
2026-05-30T08:00:00Z,73452.81,73519.54,73415.53,73519.54,73473.92,1472247433209.0,127129030523.0,0.000908,0.001416,73828.6,0.004204,1,20,0.0,0.0,0.0,0.0,0.0,0.0,0.9387,18.7746,0.0,0.0
2026-05-30T12:00:00Z,73496.48,73828.6,73496.48,73828.6,73658.92,1475722597538.0,113728829304.0,0.004519,0.004519,73937.88,0.00148,1,20,0.0,0.0,0.0,0.0,0.0,0.0,1.1358,22.7163,0.0,0.0
2026-05-30T16:00:00Z,73821.07,73937.88,73821.07,73937.88,73872.28,1480316971153.0,89620450435.0,0.001582,0.001582,73769.52,-0.002277,0,20,0.0,0.0,0.0,0.0,0.0,0.0,0.3453,6.906,0.0,0.0
2026-05-30T20:00:00Z,73913.83,73913.83,73769.52,73769.52,73848.82,1479632325163.0,75844253437.0,-0.001952,0.001952,73964.96,0.002649,1,20,0.0,0.0,0.0,0.0,0.0,0.0,1.1493,22.9853,0.0,0.0
2026-05-31T00:00:00Z,73751.07,73964.96,73751.07,73964.96,73895.86,1480559617821.0,74720805705.0,0.0029,0.0029,73950.52,-0.000195,0,20,0.0,0.0,0.0,0.0,0.0,0.0,0.9953,19.9054,0.0,0.0
2026-05-31T04:00:00Z,74044.27,74090.79,73950.52,73950.52,74011.23,1482934806013.0,69328272951.0,-0.001266,0.001894,73777.56,-0.002339,0,20,0.0,0.0,0.0,0.0,0.0,0.0,1.0737,21.4733,0.0,0.0
2026-05-31T08:00:00Z,73771.7,73836.47,73735.33,73777.56,73780.27,1478184262170.0,68419223756.0,7.9e-05,0.001371,73524.86,-0.003425,0,20,0.0,0.0,0.0,0.0,0.0,0.0,1.0329,20.6571,0.0,0.0
2026-05-31T12:00:00Z,73856.29,73856.29,73524.86,73524.86,73737.87,1477632847021.0,67017865507.0,-0.004487,0.004487,73522.97,-2.6e-05,0,20,0.0,0.0,0.0,0.0,0.0,0.0,1.0859,21.7182,0.0,0.0
2026-05-31T16:00:00Z,73547.49,73587.5,73425.4,73522.97,73520.84,1472957589833.0,64279027027.0,-0.000333,0.002204,73876.61,0.00481,1,20,0.0,0.0,0.0,0.0,0.0,0.0,1.0944,21.8881,0.0,0.0
2026-05-31T20:00:00Z,73457.32,73876.61,73457.32,73876.61,73686.53,1476533886946.0,65668000853.0,0.005708,0.005708,73683.5,-0.002614,0,20,0.0,0.0,0.0,0.0,0.0,0.0,0.989,19.7799,0.0,0.0
2026-06-01T00:00:00Z,73570.22,73797.23,73223.85,73683.5,73568.7,1474251360379.0,69854246722.0,0.00154,0.007794,73022.23,-0.008975,0,20,0.0,0.0,0.0,0.0,0.0,0.0,1.2121,24.2419,0.0,0.0
2026-06-01T04:00:00Z,73648.96,73648.96,73022.23,73022.23,73346.95,1469427282673.0,76427138944.0,-0.00851,0.00851,72661.73,-0.004937,0,20,0.0,0.0,0.0,0.0,0.0,0.0,0.5336,10.6717,0.0,0.0
2026-06-01T08:00:00Z,72720.46,72803.3,72661.73,72661.73,72744.21,1457590979266.0,87906093241.0,-0.000808,0.001947,71370.97,-0.017764,0,20,0.0,0.0,0.0,0.0,0.0,0.0,1.0284,20.5683,0.0,0.0
2026-06-01T12:00:00Z,72393.5,72393.5,71370.97,71370.97,71862.81,1439641278361.0,124660856331.0,-0.014125,0.014125,71426.05,0.000772,1,20,0.0,0.0,0.0,0.0,0.0,0.0,0.9898,19.797,0.0,0.0
2026-06-01T16:00:00Z,70980.94,71590.28,70980.94,71426.05,71360.55,1430086161581.0,177744836727.0,0.006271,0.008584,71348.67,-0.001083,0,0,0.0,0.0,0.0,0.0,0.0,0.0,0.0,0.0,0.0,0.0
2026-06-01T20:00:00Z,71477.24,71477.24,70961.44,71348.67,71286.3,1427766428673.0,197469844576.0,-0.001799,0.007216,70674.81,-0.009445,0,0,0.0,0.0,0.0,0.0,0.0,0.0,0.0,0.0,0.0,0.0
2026-06-02T00:00:00Z,71320.1,71320.1,70674.1,70674.81,70965.36,1422128077500.0,206630430461.0,-0.009048,0.009058,70000.21,-0.009545,0,20,0.0,0.0,0.0,0.0,0.0,0.0,1.0868,21.7355,0.0,0.0
2026-06-02T04:00:00Z,70843.71,70843.71,70000.21,70000.21,70437.31,1411308642122.0,209437613483.0,-0.011906,0.011906,69578.01,-0.006032,0,20,0.0,0.0,0.0,0.0,0.0,0.0,0.9883,19.7664,0.0,0.0
2026-06-02T08:00:00Z,70030.72,70030.72,69306.64,69578.01,69652.18,1395960574882.0,220587972379.0,-0.006464,0.010339,67930.07,-0.023685,0,20,0.0,0.0,0.0,0.0,0.0,0.0,1.2131,24.2623,0.0,0.0
2026-06-02T12:00:00Z,69420.75,69420.75,67930.07,67930.07,68751.62,1378386041644.0,226182746106.0,-0.021473,0.021473,67237.5,-0.010195,0,20,0.0,0.0,0.0,0.0,0.0,0.0,1.0816,21.6314,0.0,0.0
2026-06-02T16:00:00Z,67191.73,67404.07,67191.73,67237.5,67298.86,1347318043299.0,239238460096.0,0.000681,0.00316,66315.56,-0.013712,0,20,0.0,0.0,0.0,0.0,0.0,0.0,1.1473,22.9457,0.0,0.0
2026-06-02T20:00:00Z,67136.45,67516.11,66315.56,66315.56,67118.57,1344671089196.0,258018242776.0,-0.012227,0.017882,66537.2,0.003342,1,20,0.0,0.0,0.0,0.0,0.0,0.0,0.9869,19.7371,0.0,0.0
2026-06-03T00:00:00Z,66694.75,66904.28,66537.2,66537.2,66743.43,1338116733885.0,259469058167.0,-0.002362,0.005504,66909.54,0.005596,1,20,0.0,0.0,0.0,0.0,0.0,0.0,1.1078,22.157,0.0,0.0
2026-06-03T04:00:00Z,65748.9,67269.9,65748.9,66909.54,66575.3,1334278255510.0,253170679905.0,0.017653,0.023133,67188.43,0.004168,1,20,0.0,0.0,0.0,0.0,0.0,0.0,1.0416,20.8317,0.0,0.0
2026-06-03T08:00:00Z,67140.17,67188.43,66933.36,67188.43,67071.07,1344054677474.0,237062969220.0,0.000719,0.003799,66773.0,-0.006183,0,20,0.0,0.0,0.0,0.0,0.0,0.0,1.049,20.9794,0.0,0.0
2026-06-03T12:00:00Z,66977.29,66995.05,66773.0,66773.0,66883.2,1340453073064.0,221440199706.0,-0.00305,0.003315,65964.97,-0.012101,0,20,0.0,0.0,0.0,0.0,0.0,0.0,1.0737,21.4745,0.0,0.0
2026-06-03T16:00:00Z,66021.95,66021.95,65889.62,65964.97,65961.34,1321492177867.0,201620015662.0,-0.000863,0.002004,64813.38,-0.017458,0,20,0.0,0.0,0.0,0.0,0.0,0.0,1.2029,24.0577,0.0,0.0
2026-06-03T20:00:00Z,65357.47,65671.24,64813.38,64813.38,65180.44,1305259475319.0,193471578334.0,-0.008325,0.013126,63156.13,-0.02557,0,20,0.0,0.0,0.0,0.0,0.0,0.0,1.3475,26.9496,0.0,0.0
2026-06-04T00:00:00Z,64021.89,64021.89,62114.89,63156.13,63112.08,1264366135341.0,208940391963.0,-0.013523,0.029787,63969.86,0.012884,1,20,0.0,0.0,0.0,0.0,0.0,0.0,1.1169,22.3371,0.0,0.0
2026-06-04T04:00:00Z,64273.25,64303.61,63877.1,63969.86,64105.96,1284573601074.0,235550082552.0,-0.00472,0.006636,62388.62,-0.024719,0,20,0.0,0.0,0.0,0.0,0.0,0.0,1.0636,21.2719,0.0,0.0
2026-06-04T08:00:00Z,63609.24,63609.24,62388.62,62388.62,63169.27,1264809559278.0,236426099187.0,-0.019189,0.019189,63870.93,0.023759,1,20,0.0,0.0,0.0,0.0,0.0,0.0,1.2337,24.6749,0.0,0.0
2026-06-04T12:00:00Z,62450.81,64009.79,62450.81,63870.93,63500.78,1271296754721.0,270054767604.0,0.02274,0.024963,63778.13,-0.001453,0,20,0.0,0.0,0.0,0.0,0.0,0.0,1.1258,22.5169,0.0,0.0
2026-06-04T16:00:00Z,63902.43,63902.43,63455.38,63778.13,63662.98,1274306533902.0,264261435225.0,-0.001945,0.006996,63661.25,-0.001832,0,20,0.0,0.0,0.0,0.0,0.0,0.0,1.2104,24.2087,0.0,0.0
2026-06-04T20:00:00Z,63570.98,63661.25,63243.86,63661.25,63504.16,1272240512877.0,262272534538.0,0.00142,0.006566,62563.11,-0.01725,0,20,0.0,0.0,0.0,0.0,0.0,0.0,1.2152,24.3045,0.0,0.0
2026-06-05T00:00:00Z,63796.25,63796.25,62563.11,62563.11,63261.85,1267893249777.0,240222770705.0,-0.019329,0.019329,61877.24,-0.010963,0,20,0.0,0.0,0.0,0.0,0.0,0.0,0.3763,7.5265,0.0,0.0
2026-06-05T04:00:00Z,62650.55,63384.29,61877.24,61877.24,62571.45,1254362740452.0,213000977294.0,-0.012343,0.024055,62492.07,0.009936,1,20,0.0,0.0,0.0,0.0,0.0,0.0,0.7551,15.1023,0.0,0.0
2026-06-05T08:00:00Z,62930.43,62930.43,62394.09,62492.07,62649.97,1254774231168.0,226232218743.0,-0.006966,0.008523,60787.48,-0.027277,0,20,0.0,0.0,0.0,0.0,0.0,0.0,0.6222,12.444,0.0,0.0
2026-06-05T12:00:00Z,61971.08,61971.08,60758.43,60787.48,61356.71,1230943732619.0,209965328643.0,-0.019099,0.019568,59353.42,-0.023591,0,20,0.0,0.0,0.0,0.0,0.0,0.0,0.8288,16.5752,0.0,0.0
2026-06-05T16:00:00Z,60465.25,61400.83,59353.42,59353.42,60495.24,1212695851119.0,255362212953.0,-0.018388,0.033861,61658.39,0.038835,1,20,0.0,0.0,0.0,0.0,0.0,0.0,0.7007,14.0139,0.0,0.0
2026-06-05T20:00:00Z,60317.2,61658.39,60317.2,61658.39,61313.09,1228813525715.0,288277602108.0,0.022236,0.022236,60951.52,-0.011464,0,20,0.0,0.0,0.0,0.0,0.0,0.0,0.6926,13.8525,0.0,0.0
2026-06-06T00:00:00Z,60921.79,61271.4,60921.79,60951.52,61056.39,1223680494248.0,298467965888.0,0.000488,0.005739,60742.47,-0.00343,0,20,0.0,0.0,0.0,0.0,0.0,0.0,0.681,13.6206,0.0,0.0
2026-06-06T04:00:00Z,60670.44,60915.07,60073.17,60742.47,60600.29,1214503069922.0,294231256495.0,0.001187,0.013877,60522.42,-0.003623,0,20,0.0,0.0,0.0,0.0,0.0,0.0,0.6819,13.6378,0.0,0.0
2026-06-06T08:00:00Z,60977.18,61282.93,60522.42,60522.42,60937.37,1221175264669.0,270032442410.0,-0.007458,0.012472,60801.25,0.004607,1,20,0.0,0.0,0.0,0.0,0.0,0.0,0.8935,17.8692,0.0,0.0
2026-06-06T12:00:00Z,60766.97,61010.49,60766.97,60801.25,60840.58,1220446231541.0,253044251188.0,0.000564,0.004007,60632.13,-0.002781,0,20,0.0,0.0,0.0,0.0,0.0,0.0,0.6953,13.9061,0.0,0.0
2026-06-06T16:00:00Z,60787.41,60787.41,60544.18,60632.13,60670.26,1214999026882.0,194314959228.0,-0.002554,0.004001,60583.53,-0.000802,0,20,0.0,0.0,0.0,0.0,0.0,0.0,0.6034,12.0686,0.0,0.0
2026-06-06T20:00:00Z,60600.08,60747.39,60583.53,60583.53,60658.32,1215551219496.0,149054111730.0,-0.000273,0.002704,61492.78,0.015008,1,20,0.0,0.0,0.0,0.0,0.0,0.0,0.7428,14.857,0.0,0.0
2026-06-07T00:00:00Z,60861.88,61492.78,60761.62,61492.78,61146.98,1225343741999.0,127436677506.0,0.010366,0.012013,62108.18,0.010008,1,20,0.0,0.0,0.0,0.0,0.0,0.0,0.4251,8.5022,0.0,0.0
2026-06-07T04:00:00Z,61664.74,62108.18,61664.74,62108.18,61842.86,1238815551430.0,117850093337.0,0.007191,0.007191,62356.9,0.004005,1,20,0.0,0.0,0.0,0.0,0.0,0.0,0.5873,11.7455,0.0,0.0
2026-06-07T08:00:00Z,62354.66,62799.62,62354.66,62356.9,62506.74,1252792245890.0,116046226028.0,3.6e-05,0.007136,61869.12,-0.007822,0,20,0.0,0.0,0.0,0.0,0.0,0.0,0.6735,13.4698,0.0,0.0
2026-06-07T12:00:00Z,62592.25,62592.25,61708.49,61869.12,62017.32,1242381086885.0,121845462208.0,-0.011553,0.014119,62065.13,0.003168,1,20,0.0,0.0,0.0,0.0,0.0,0.0,0.6195,12.3902,0.0,0.0
2026-06-07T16:00:00Z,62040.16,62139.1,62019.38,62065.13,62065.94,1243606856210.0,123692975023.0,0.000403,0.00193,62898.84,0.013433,1,20,0.0,0.0,0.0,0.0,0.0,0.0,0.9461,18.9227,0.0,0.0
2026-06-07T20:00:00Z,61277.74,62898.84,61277.74,62898.84,61952.32,1241498746737.0,131489781904.0,0.026455,0.026455,63092.97,0.003087,1,20,0.0,0.0,0.0,0.0,0.0,0.0,0.6588,13.1753,0.0,0.0
2026-06-08T00:00:00Z,63254.57,63591.55,63092.97,63092.97,63268.71,1267653609356.0,153034991148.0,-0.002555,0.007882,62955.75,-0.002175,0,20,0.0,0.0,0.0,0.0,0.0,0.0,0.3729,7.4588,0.0,0.0
2026-06-08T04:00:00Z,63097.74,63097.74,62686.89,62955.75,62871.62,1260121508664.0,149135483580.0,-0.00225,0.006511,63090.98,0.002148,1,20,0.0,0.0,0.0,0.0,0.0,0.0,0.7514,15.0288,0.0,0.0
2026-06-08T08:00:00Z,63263.64,63430.01,63090.98,63090.98,63222.44,1266228979405.0,140341016178.0,-0.002729,0.005359,63717.8,0.009935,1,20,0.0,0.0,0.0,0.0,0.0,0.0,0.7379,14.7579,0.0,0.0
