tweet_id,url,created_at,date,author_id,author_username,author_name,author_followers,author_verified,lang,text,retweet_count,reply_count,like_count,quote_count,bookmark_count,view_count,is_reply,conversation_id,source,media,query,product
1931561780225905079,https://x.com/sovmindset/status/1931561780225905079,2025-06-08T03:59:49+00:00,2025-06-08,2278088154,sovmindset,Michael Ruiz,23523,True,en,New status symbols: • Fit body. • Calm mind. • Faith in God. • Strong family. • Positive outlook. • Bitcoin in cold storage. • A schedule you control. • Options to choose from. • Friends you’d go to war with. • Principles you won’t sell out for.,10,3,65,2,7,1871,False,1931561780225905079,Twitter Web App,[],bitcoin lang:en -filter:retweets -filter:replies,Latest
1931561628383809685,https://x.com/ALIENPING0/status/1931561628383809685,2025-06-08T03:59:13+00:00,2025-06-08,1917582502664994816,ALIENPING0,AlienPing,1184,True,en,🔥 $ALIENPING raids START @ 12AM UTC! ONLY 1 MINUTE LEFT 🪐 Check our SICK YouTube: https://t.co/UfZqWrcBRe! 💪 Join the COSMIC CREW! https://t.co/C8zqhNQW0O $BTC $ETH $SOL #Crypto #Bitcoin #memecoin #solanameme,7,16,7,0,7,60,False,1931561628383809685,Twitter Web App,[],bitcoin lang:en -filter:retweets -filter:replies,Latest
1931561601452151260,https://x.com/Thomas__Jerome/status/1931561601452151260,2025-06-08T03:59:07+00:00,2025-06-08,1153552925534367744,Thomas__Jerome,Bitcoin Teej | PROFIT MAXI 🧊,99201,True,en,"Bitcoin is the only asset I can hold with zero management, zero tenants, zero counterparty risk, and zero time commitment… …and it’s outperformed 99% of assets over the last decade. Don’t overcomplicate it. Stack consistently. Hold long. Retire early.",2,17,30,0,3,3100,False,1931561601452151260,Buffer,[],bitcoin lang:en -filter:retweets -filter:replies,Latest
1931561573476356367,https://x.com/wiseadvicesumit/status/1931561573476356367,2025-06-08T03:59:00+00:00,2025-06-08,519807680,wiseadvicesumit,Wise Advice,322325,True,en,"Good morning fam ♥️ Here is the top news of the week 👇🗞️ 🔔Elon Musk and Donald Trump clashed in a heated argument over political differences. 🔔#ElonMusk said ""without me, Trump would have lost the election."" 🔔#Trump said Elon Musk will face very serious consequences if he funds Democrats. 🔔🇺🇸 President Trump said his relationship with Elon Musk is over. 🔔Elon Musk said President Trump's tariffs will cause a recession in the second half of this year. 🔔Trump to announce next Fed Chair very soon. 🔔X Partnered With Polymarket as Official Prediction Market. 🔔🇺🇸 US Unemployment data came at 4.2% US economy added 139,000 jobs in May, higher than expectations. 🔔JPMorgan is set to officially begin accepting Bitcoin and other crypto-based ETFs as collateral for loans. 🔔🇩🇪 $1.5 trillion Deutsche Bank considers issuing its own crypto stablecoin. 🔔Uber CEO said Bitcoin is a proven store of value and stablecoins are promising for global transactions. 🔔🇺🇸🇸🇻 President Trump's executive director of digital assets meets with El Salvador's President Nayib Bukele to discuss Bitcoin. 🔔Chinese firm Webus filed to raise $300 million for $XRP treasury plan. 🔔🇮🇳 #WazirX moved to Panama; Singapore High Court rejected WazirX’s restructuring plan. 🔔Russia's Moscow Stock Exchange launched a Bitcoin futures trading. 🔔🇺🇸 Truth Social officially filed an S-1 document with the SEC for a Bitcoin ETF. 🔔Donald Trump Jr. said his family is ""all in"" on #Bitcoin and #crypto because they were debanked. 🔔🇫🇷 Publicly traded The Blockchain Group bought 624 Bitcoin worth $60 million. 🔔🇭🇰 Hong Kong's Reitar Logtech announced plans to acquire $1.5 billion Bitcoin. 🔔Sberbank, the largest bank in Russia, officially announced the launch of Bitcoin-tied structured bonds. 🔔Metaplanet bought another 1,088 Bitcoin worth $114 million. 🔔Elon Musk said X is launching new 'XChat' messaging system with ""Bitcoin-style"" encryption.",97,113,154,0,2,7938,False,1931561573476356367,Twitter Web Client,"[{""type"": ""photo"", ""url"": ""https://pbs.twimg.com/media/Gs4-QSIbIAAcnTO.jpg"", ""expanded_url"": ""https://x.com/wiseadvicesumit/status/1931561573476356367/photo/1"", ""video_url"": null}]",bitcoin lang:en -filter:retweets -filter:replies,Latest
1931561572717178956,https://x.com/KaisOnChain/status/1931561572717178956,2025-06-08T03:59:00+00:00,2025-06-08,1513762237,KaisOnChain,KaisOnChain.eth,1143,False,en,🚨 ALTSEASON TRIGGER: $BTC DOMINANCE PEAKS ▸ Bitcoin dominance rolls over → altcoin rocket fuel ▸ Historical pattern: BTC dominance drop = Alts surge 300-1000 https://t.co/StOsCyZaKb,0,0,1,0,0,60,False,1931561572717178956,Twitter Web App,"[{""type"": ""photo"", ""url"": ""https://pbs.twimg.com/media/Gs5EQ-QawAAriWG.jpg"", ""expanded_url"": ""https://x.com/KaisOnChain/status/1931561572717178956/photo/1"", ""video_url"": null}]",bitcoin lang:en -filter:retweets -filter:replies,Latest
1931561445537243523,https://x.com/cryptofxalex/status/1931561445537243523,2025-06-08T03:58:29+00:00,2025-06-08,1607557520318689281,cryptofxalex,Alexandros 👑,4397,True,en,#CETUSUSDT Entry: 0.1299 Target 1: 0.1321 ✅ Target 2: 0.1342 ✅ PM ME TO JOIN VIP AND INVEST: https://t.co/e5q2W5Be4w #bitcoin #crypto #btc #eth #altcoin #trading #signal #memecoin #forex #xau #investing #gold #blockchain $CETUS,1,0,0,0,0,445,False,1931561445537243523,Twitter for iPhone,[],bitcoin lang:en -filter:retweets -filter:replies,Latest
1931561318487654755,https://x.com/cookiebot_ai/status/1931561318487654755,2025-06-08T03:57:59+00:00,2025-06-08,1267469212949217280,cookiebot_ai,Cookie.AI,305,False,en,"$ETH is currently trading at $2,514 with SMA indicating a slight bearish trend, RSI at 51.85, MACD showing weakening momentum, and FVG levels suggesting mixed sentiment. #bitcoin #btc #cryptocurrency #eth #ethereum #web3 #solana https://t.co/IL5uCM5Lb1",0,1,0,0,0,67,False,1931561318487654755,1888459667384487936bhombzz,"[{""type"": ""photo"", ""url"": ""https://pbs.twimg.com/media/Gs5IyJgXYAAvpTT.jpg"", ""expanded_url"": ""https://x.com/cookiebot_ai/status/1931561318487654755/photo/1"", ""video_url"": null}]",bitcoin lang:en -filter:retweets -filter:replies,Latest
1931561277257638251,https://x.com/cryptofxalex/status/1931561277257638251,2025-06-08T03:57:49+00:00,2025-06-08,1607557520318689281,cryptofxalex,Alexandros 👑,4397,True,en,#LPTUSDT Entry: 7.911 Target 1: 8.075 ✅ Target 2: 8.238 ✅ PM ME TO JOIN VIP AND INVEST: https://t.co/e5q2W5Be4w #bitcoin #crypto #btc #eth #altcoin #trading #signal #memecoin #forex #xau #investing #gold #blockchain $LPT,1,0,0,0,0,374,False,1931561277257638251,Twitter for iPhone,[],bitcoin lang:en -filter:retweets -filter:replies,Latest
1931561250464350649,https://x.com/ALIENPING0/status/1931561250464350649,2025-06-08T03:57:43+00:00,2025-06-08,1917582502664994816,ALIENPING0,AlienPing,1184,True,en,👽 $ALIENPING raids HIT @ 12AM UTC! 🚴‍♂️ See our DOPE YouTube: https://t.co/UfZqWrcBRe! 🌠 Join the COSMIC CREW &amp; shill! https://t.co/C8zqhNQW0O $BTC $ETH $SOL #Crypto #Bitcoin #prelaunch https://t.co/TQY8KpyF8o,6,14,6,0,6,110,False,1931561250464350649,Twitter Web App,"[{""type"": ""animated_gif"", ""url"": ""https://pbs.twimg.com/tweet_video_thumb/Gs5It-qWEAAoVVu.jpg"", ""expanded_url"": ""https://x.com/ALIENPING0/status/1931561250464350649/photo/1"", ""video_url"": null}, {""type"": ""photo"", ""url"": ""https://pbs.twimg.com/media/Gs5Itq6WsAAKFap.jpg"", ""expanded_url"": ""https://x.com/ALIENPING0/status/1931561250464350649/photo/1"", ""video_url"": null}]",bitcoin lang:en -filter:retweets -filter:replies,Latest
1931561115521007860,https://x.com/Williamjpcrypto/status/1931561115521007860,2025-06-08T03:57:11+00:00,2025-06-08,1388701950766682112,Williamjpcrypto,Neo,251,False,en,"Did you know that ARC-20 tokens like ATOM and Electron marked a turning point in Bitcoin’s history? 💡 ATOM was the first token mined using CPU, paving the way for a new era of innovation, while Electron stood out as the first high-difficulty mined token. 🚀 Thanks to them, we now have a technology that was once unthinkable. The future is bright for the Atomicals Protocol! ✨ #Bitcoin #ARC20 #Innovation #Atom(bitcoin) #electron(Bitcoin)",15,3,44,0,2,622,False,1931561115521007860,Twitter for iPhone,"[{""type"": ""photo"", ""url"": ""https://pbs.twimg.com/media/Gs5ImK2XEAA1i3V.jpg"", ""expanded_url"": ""https://x.com/Williamjpcrypto/status/1931561115521007860/photo/1"", ""video_url"": null}]",bitcoin lang:en -filter:retweets -filter:replies,Latest
1931560994758676693,https://x.com/Bitcustodes/status/1931560994758676693,2025-06-08T03:56:42+00:00,2025-06-08,1772628509929693184,Bitcustodes,Bitcustodes,237,True,en,"Securities backed loans go as low as SOFR +1% (5.29%). Keep stacking until #Bitcoin backed loans get as cheap and your draw rate is low. Then borrow to live taxfree. Heirs pay off the loan with stepped-up basis, no capital gains tax. @1MarkMoss is right: wealthy use smart credit. https://t.co/fLSJPx1ATD",0,1,2,0,1,195,False,1931560994758676693,Twitter for iPad,"[{""type"": ""photo"", ""url"": ""https://pbs.twimg.com/media/Gs5IfNXWkAATZp8.jpg"", ""expanded_url"": ""https://x.com/Bitcustodes/status/1931560994758676693/photo/1"", ""video_url"": null}]",bitcoin lang:en -filter:retweets -filter:replies,Latest
1931560953642111231,https://x.com/SymbolSatoshi/status/1931560953642111231,2025-06-08T03:56:32+00:00,2025-06-08,1369501888534564865,SymbolSatoshi,Sat,6269,True,en,For some of you bitcoin is all you got. I see you.,0,0,4,0,0,217,False,1931560953642111231,Twitter Web App,[],bitcoin lang:en -filter:retweets -filter:replies,Latest
1931560860356669903,https://x.com/SyneArtistry/status/1931560860356669903,2025-06-08T03:56:10+00:00,2025-06-08,1695941656900763648,SyneArtistry,Syne,1488,True,en,I think I am making the coolest Bitcoin game ever.. I have no idea what I am doing … however AI vibe coding the thing. It encompasses all that I love. And will teach as well.,0,0,2,0,0,28,False,1931560860356669903,Twitter for iPhone,[],bitcoin lang:en -filter:retweets -filter:replies,Latest
1931560803901039082,https://x.com/rohitdotsui/status/1931560803901039082,2025-06-08T03:55:56+00:00,2025-06-08,1750750425605898240,rohitdotsui,rohitxbt,2255,True,en,"GM Portal Fam @PortaltoBitcoin It’s a fresh day to keep building 👇 Portal to bitcoin is now on top 34 on @KaitoAI pre tge leaderboard 😎 Community is very active and trying hard to push it to top 20 and we will make it. So the yappers, Just Keep spreading the word, memes, and magic 💬 Your voice powers the Portal 🌀",0,8,9,0,0,146,False,1931560803901039082,Twitter for Android,"[{""type"": ""photo"", ""url"": ""https://pbs.twimg.com/media/Gs5ITo1WQAAiCCS.jpg"", ""expanded_url"": ""https://x.com/rohit191811/status/1931560803901039082/photo/1"", ""video_url"": null}]",bitcoin lang:en -filter:retweets -filter:replies,Latest
1931560780023124246,https://x.com/DudeJLebowski/status/1931560780023124246,2025-06-08T03:55:51+00:00,2025-06-08,1239845089612103680,DudeJLebowski,Bitcoin Lebowski⚡,15639,False,en,"The conference, the spam, the erosion of ideals - it's all part of the same problem. The shitcoinisation of Bitcoin. They can't do it instantly, but they can steadily chip away at the underlying principles that make Bitcoin great. Creeping shitcoinery. Ignore it - Bitcoin fails",15,7,168,2,4,2756,False,1931560780023124246,Twitter for Android,[],bitcoin lang:en -filter:retweets -filter:replies,Latest
1931560701874593895,https://x.com/NipunKamra/status/1931560701874593895,2025-06-08T03:55:32+00:00,2025-06-08,1762326524546473984,NipunKamra,nik,736,True,en,Trust me the $btc is just pumping bcz of low volume in the market but tbh #bitcoin is bearish in all time frames A pullback within 50 hours Else i am not a good trader that’s it.,0,0,2,0,0,87,False,1931560701874593895,Twitter for iPhone,[],bitcoin lang:en -filter:retweets -filter:replies,Latest
1931560665963024859,https://x.com/cryptofxalex/status/1931560665963024859,2025-06-08T03:55:24+00:00,2025-06-08,1607557520318689281,cryptofxalex,Alexandros 👑,4397,True,en,"#LAUSDT Short Entry: 1.61 Target 1: 1,49✅ Target 2: 1.35✅ Target 3: 1.28✅ Target 4: 1.14✅ PM ME TO JOIN VIP: https://t.co/e5q2W5Be4w #bitcoin #crypto #btc #eth #altcoin #trading #signal #memecoin #forex #xau #investing #gold #blockchain $LA https://t.co/uGodr5yFi4",1,0,0,0,0,345,False,1931560665963024859,Twitter for iPhone,"[{""type"": ""photo"", ""url"": ""https://pbs.twimg.com/media/Gs5IL4DbYAA5ig2.jpg"", ""expanded_url"": ""https://x.com/cryptoalexreal/status/1931560665963024859/photo/1"", ""video_url"": null}]",bitcoin lang:en -filter:retweets -filter:replies,Latest
1931560563374702868,https://x.com/MrEdogtagnft/status/1931560563374702868,2025-06-08T03:54:59+00:00,2025-06-08,1524821435373432834,MrEdogtagnft,MrE,18810,True,en,Shout out to the absolute legend that minted this grail Bitcoin Cyborgs 10K at https://t.co/wDGWVWkKfb Spot of tea? 🤖💥💥🍵 https://t.co/9em1T42kI7,4,1,48,0,0,781,False,1931560563374702868,Twitter for iPhone,"[{""type"": ""photo"", ""url"": ""https://pbs.twimg.com/media/Gs5IGKCaQAAEaco.jpg"", ""expanded_url"": ""https://x.com/MrEdogtagnft/status/1931560563374702868/photo/1"", ""video_url"": null}]",bitcoin lang:en -filter:retweets -filter:replies,Latest
1931560525428605418,https://x.com/TheReaLTBird26/status/1931560525428605418,2025-06-08T03:54:50+00:00,2025-06-08,1307193226672197637,TheReaLTBird26,T-ᗷIᖇᗪ,14182,True,en,"Bitches can cry as much as they want on the timeline pointing the finger at Richard Heart for being much less active etc The reality however is that RH has always done everything above board, as proven in court. It's not RH's fault that prices are down when most of Retail this cycle have proven so far to be too stupid or negligent to bypass the mainstream gatekeeping and to understand the real value that $HEX $PLS $PLSX offers to the crypto space and the financial world at large. RH is also not responsible for the retarded whales in the system who are dumping the bottoms. IMO the green candles for #PulseChain will inevitably come, regardless of how long it takes to wash out the scum. I'm not even worried about whether we even get an actual ALT season in 2025 at this point, for I know that 2027 is the big year when a lot of things will very likely fall into place. And to be clear, this is not me moving the goal posts. It's me keeping it real with my personal convictions on how I see it all playing out. And with full honesty, 2027 will probably be the final cut-off point for me IF there's no movement at all in 2025...because if 2025 goes nowhere then it means to me that the 2027-2029 cycle will absolutely be the last cycle left for attaining any real crypto gains (and that's if we're lucky). The crash that's coming for Bitcoin in 2026 will be so bad that it's possible that most of crypto overall may not even actually see any real recovery post-2026. And the worse that 2025 ends up, the worse 2026 will be. I will keep pushing the spotlight onto the RH Eco until my wheels fall off, as I always have. Victory or Death.",3,1,43,0,0,887,False,1931560525428605418,Twitter Web App,"[{""type"": ""photo"", ""url"": ""https://pbs.twimg.com/media/Gs5DH0eXcAA5ZYf.jpg"", ""expanded_url"": ""https://x.com/TheReaLTBirdHex/status/1931560525428605418/photo/1"", ""video_url"": null}]",bitcoin lang:en -filter:retweets -filter:replies,Latest
1931622077158637628,https://x.com/CryptoWaves2020/status/1931622077158637628,2025-06-08T07:59:25+00:00,2025-06-08,1673755475282653184,CryptoWaves2020,"cryptowaves.btc ⚔🟧(₿,₿)👑",226,False,en,"The first self-custodial staking model built on #Bitcoin Layer 1. Spread the word about OP_NET and Motoswap for points! 👀 Views → Points 🧡 Likes → Points 🔁 Reposts → Points Genuine tweets mentioning @opnetbtc, @motoswap, $MOTO, 🍊💊,#opnet ""motoswap"" will be noticed! https://t.co/eG5tn4fqsE",0,0,1,0,1,788,False,1931622077158637628,Twitter Web App,"[{""type"": ""photo"", ""url"": ""https://pbs.twimg.com/media/Gs5_DZ0WsAAJ_p0.png"", ""expanded_url"": ""https://x.com/CryptoWaves2020/status/1931622077158637628/photo/1"", ""video_url"": null}]",bitcoin lang:en -filter:retweets -filter:replies,Latest
1931622075862851904,https://x.com/ManasaCrypto/status/1931622075862851904,2025-06-08T07:59:25+00:00,2025-06-08,1881009381032255488,ManasaCrypto,crypto_manas,75,False,en,"Sovereign money, Sovereign tech - the first true #Bitcoin Nation leading by example! #Bitcoin #crypto #cryptocommunity #Altcoins #web3 https://t.co/1yPSmvXIgv",0,0,0,0,0,31,False,1931622075862851904,Twitter for Android,"[{""type"": ""photo"", ""url"": ""https://pbs.twimg.com/media/Gs6ACn3aEAA3Lfm.jpg"", ""expanded_url"": ""https://x.com/ManasaCrypto/status/1931622075862851904/photo/1"", ""video_url"": null}, {""type"": ""photo"", ""url"": ""https://pbs.twimg.com/media/Gs6ACmmWYAAzPwL.jpg"", ""expanded_url"": ""https://x.com/ManasaCrypto/status/1931622075862851904/photo/1"", ""video_url"": null}]",bitcoin lang:en -filter:retweets -filter:replies,Latest
1931621971965706628,https://x.com/Singekino_Miner/status/1931621971965706628,2025-06-08T07:59:00+00:00,2025-06-08,1863160698890780672,Singekino_Miner,Singekino_Miner (Knots | Datum miner | BIP-110),1012,True,en,The names listed on the page are DEFINITELY trolls attacking bitcoin network. Bookmark and capture this not to forget there have been and will be always so many villans attacking bitcoin Migrate to Knots.,3,0,19,0,1,296,False,1931621971965706628,Twitter for iPhone,[],bitcoin lang:en -filter:retweets -filter:replies,Latest
1931621954571968807,https://x.com/SHIBpossessor/status/1931621954571968807,2025-06-08T07:58:56+00:00,2025-06-08,1507210532654559234,SHIBpossessor,SHIB POSSESSOR,49820,False,en,Bitcoin is about to go parabolic! 💥 https://t.co/YnZ4hTzIWj,17,33,136,0,2,3744,False,1931621954571968807,Twitter for iPhone,"[{""type"": ""photo"", ""url"": ""https://pbs.twimg.com/media/Gs5_7MHbIAAkOzp.jpg"", ""expanded_url"": ""https://x.com/SHIBpossessor/status/1931621954571968807/photo/1"", ""video_url"": null}]",bitcoin lang:en -filter:retweets -filter:replies,Latest
1931621831976333408,https://x.com/Unbiasedwriter1/status/1931621831976333408,2025-06-08T07:58:27+00:00,2025-06-08,1484113061925564416,Unbiasedwriter1,Unbiasedwriter 🍳,511,False,en,"What are my plans for today? -> Just finished my sourdough bread. Ready to eat in 30 minutes. Breakfast! -> Study with my kids (my boy is a bit behind on his math). -> Make a decision about whether to buy some $QUACK tokens during the token genesis allocation on @virtuals_io or not. Should I? -> Hopefully earn my first Virgen points from yapping about Virtuals. -> Possibly write a post about he $fBTC integration on AAVE protocol! Love @FunctionBTC, love Bitcoin, and partnering with @aave is great news. -> Decide whether I should buy more $VADER or not. 10k staked before yapping and rewards start tomorrow. -> Find out 100% for sure if it is safe to sell airdropped tokens at @virtuals_io without being punished with Virgen Points cooldown. That is, tokens I receive from staking $VIRTUALS, without joining a genesis allocation sale. Time to eat breakfast. GM and have a wonderful Sunday everyone!",1,3,4,0,0,102,False,1931621831976333408,Twitter Web App,"[{""type"": ""photo"", ""url"": ""https://pbs.twimg.com/media/Gs59PWGXQAA6v2w.png"", ""expanded_url"": ""https://x.com/Unbiasedwriter1/status/1931621831976333408/photo/1"", ""video_url"": null}]",bitcoin lang:en -filter:retweets -filter:replies,Latest
1931621824380465305,https://x.com/BhaiyaBTC/status/1931621824380465305,2025-06-08T07:58:25+00:00,2025-06-08,1434468568809283586,BhaiyaBTC,NiceBhaiya,1500,True,en,Gm #Bitcoin fam https://t.co/6twhEhO0WZ,2,12,13,0,0,102,False,1931621824380465305,Twitter Web App,"[{""type"": ""photo"", ""url"": ""https://pbs.twimg.com/media/Gs5_wIOXIAAYap8.png"", ""expanded_url"": ""https://x.com/BhaiyaBTC/status/1931621824380465305/photo/1"", ""video_url"": null}]",bitcoin lang:en -filter:retweets -filter:replies,Latest
1931621809667109138,https://x.com/bai13567/status/1931621809667109138,2025-06-08T07:58:21+00:00,2025-06-08,1656396260595884032,bai13567,白昼,2462,False,en,"satx: The Atomic Ledger of Truth in a Post-Platform World As we move into a digital era defined by decentralization, artificial intelligence, and borderless economies, the biggest challenge is no longer computation—it’s credibility. How can we verify what’s real? How can we prove authorship, origin, or consensus without depending on institutions or fragile platforms? satx proposes a radical yet elegant answer: embed truth at the smallest scale possible—inside Bitcoin’s own atomic units. satx uses the Ordinals protocol to inscribe data directly onto individual satoshis. These satoshis, once just units of value, now become carriers of meaning. A satx can hold a timestamp, a message, a license, a declaration—anything that must be recorded permanently and provably. And it doesn’t point somewhere else for that information. The content is on-chain, fixed in the Bitcoin ledger itself. This structure transforms the satoshi into more than a monetary fragment—it becomes a self-verifying certificate. Possessing the satx means possessing its embedded proof. No signature needed. No API to check. No interface to trust. Whether it’s proving the date of a digital artwork, the origin of a supply chain item, or the execution of a community vote, the satx stands as an unchangeable record—resistant to time, censorship, and manipulation. Unlike smart contract platforms, satx doesn’t rely on execution logic. It’s not about programmability in the traditional sense. It’s about inscription—the act of anchoring meaning to a permanent, neutral ledger. That gives it a unique strength: compatibility with any system that needs high-integrity data, whether it’s a DAO operating on Ethereum, a decentralized ID system on Polkadot, or a machine-learning agent filtering signals. satx also prepares Bitcoin for the machine-readable future. As autonomous systems grow, they will require inputs that are not just data-rich, but verifiably correct at origin. satx delivers this—digital facts with cryptographic proof, embedded directly at the base layer of the most trusted network on Earth. If you want to learn more about satx, you can visit the About satx link in my Twitter bio. It includes a website with further details and direct access to purchase satx. If the content on the page appears in an unfamiliar language, you can click the language selector in the top right corner of the website to switch languages for a smoother browsing experience. A strong asset, once missed, may be missed for life. The distribution of satx reflects the very principles it seeks to secure. There was no pre-mining, no insider allocation, and no early access for institutions. Across eight months, 70,000 inscriptions were made available through open, public minting. This wasn’t engineered for exclusivity—it was designed for credibility. And in a digital landscape where so much is optimized for hype, that foundation stands apart. satx doesn’t seek attention—it earns trust. It doesn’t promise complex features—it offers minimal, reliable function. It is a tool for builders, a primitive for record-keepers, a bridge for protocols, and a foundation for users who need finality they don’t have to explain. In the coming decade, the platforms may change. The apps will come and go. But what will matter most is what remains provable. satx is built for that future—one satoshi, one truth, at a time. #BTC #ETH #cryptomarket #web3 #brc20",3,2,7,1,0,737,False,1931621809667109138,Twitter for iPhone,[],bitcoin lang:en -filter:retweets -filter:replies,Latest
1931621762980081815,https://x.com/cookiebot_ai/status/1931621762980081815,2025-06-08T07:58:10+00:00,2025-06-08,1267469212949217280,cookiebot_ai,Cookie.AI,305,False,en,"$BTC hovers around $105,484 with SMA support; RSI at 53.01 suggests neutrality, while MACD shows weakening bullish momentum; FVG levels indicate potential price range. #bitcoin #btc #cryptocurrency #eth #ethereum #web3 #solana https://t.co/MECSextRwu",0,0,1,0,0,58,False,1931621762980081815,1888459667384487936bhombzz,"[{""type"": ""photo"", ""url"": ""https://pbs.twimg.com/media/Gs5_wgKWUAAD_2n.jpg"", ""expanded_url"": ""https://x.com/cookiebot_ai/status/1931621762980081815/photo/1"", ""video_url"": null}]",bitcoin lang:en -filter:retweets -filter:replies,Latest
1931621738028372394,https://x.com/Crypto_CCK/status/1931621738028372394,2025-06-08T07:58:04+00:00,2025-06-08,1089155537994801156,Crypto_CCK,Crypto CCK | Trading Insight,5198,False,en,#Bitcoin two charts plan for upcoming moves 🐻 😎 If broken below 100k it will dump deeper to 93k 😱 Have you started securing long profits from last week's trade results? 🤑 $BTC #BTC #BTCUSDT #BTCUSD #btcdom #bitcoin100k #Crypto #CryptoNews #CryptoTrading #CryptoMarket https://t.co/YQ8LTghjB1,1,0,3,1,0,715,False,1931621738028372394,Twitter for Android,"[{""type"": ""photo"", ""url"": ""https://pbs.twimg.com/media/Gs5_u_yawAAeTfF.jpg"", ""expanded_url"": ""https://x.com/CCKillersVIP/status/1931621738028372394/photo/1"", ""video_url"": null}]",bitcoin lang:en -filter:retweets -filter:replies,Latest
1931621719430631581,https://x.com/UVioletAI/status/1931621719430631581,2025-06-08T07:58:00+00:00,2025-06-08,885260914987020288,UVioletAI,Ultraviolet Network,7463,False,en,"Client-Side Validation powers true bearer assets on #Bitcoin 🏦 No databases 🔗 No centralized ledgers 🕵️ No one knows your balance but you Perfect for stablecoins, NFTs, identity and more. #Bitcoin #RGB #LNPBP #ClientSideValidation",0,0,4,0,0,203,False,1931621719430631581,Twitter Web Client,"[{""type"": ""photo"", ""url"": ""https://pbs.twimg.com/media/Gsrnun2W4AAp0wd.jpg"", ""expanded_url"": ""https://x.com/UVioletAI/status/1931621719430631581/photo/1"", ""video_url"": null}]",bitcoin lang:en -filter:retweets -filter:replies,Latest
1931621719175008707,https://x.com/cryptorover/status/1931621719175008707,2025-06-08T07:58:00+00:00,2025-06-08,1353384573435056128,cryptorover,Crypto Rover,1594986,True,en,#BITCOIN HISTORY IS REPEATING! 🔥 https://t.co/7VGm5JHsWd,203,236,994,7,41,102319,False,1931621719175008707,Twitter Web App,"[{""type"": ""photo"", ""url"": ""https://pbs.twimg.com/media/Gs5IxdZWMAA_HuC.jpg"", ""expanded_url"": ""https://x.com/rovercrc/status/1931621719175008707/photo/1"", ""video_url"": null}]",bitcoin lang:en -filter:retweets -filter:replies,Latest
1931621597317624177,https://x.com/_benkaufman/status/1931621597317624177,2025-06-08T07:57:31+00:00,2025-06-08,2779106119,_benkaufman,Ben Kaufman,50563,True,en,"If mempool filters could effectively “filter” transactions, Bitcoin would not be censorship resistant.",14,13,153,2,4,12197,False,1931621597317624177,Twitter for iPhone,[],bitcoin lang:en -filter:retweets -filter:replies,Latest
1931621566934098084,https://x.com/shaguncrypto/status/1931621566934098084,2025-06-08T07:57:24+00:00,2025-06-08,134711468,shaguncrypto,Shagun Makin,3961,True,en,"In a world where trillions are printed on demand, becoming a dollar millionaire means less every year. When everyone has $1M, it won’t feel like wealth- it’ll feel like survival. I stack #Bitcoin, not promises.",0,1,1,0,0,184,False,1931621566934098084,Twitter for iPhone,[],bitcoin lang:en -filter:retweets -filter:replies,Latest
1931621485849821282,https://x.com/MeowneyMeowneyy/status/1931621485849821282,2025-06-08T07:57:04+00:00,2025-06-08,1922902462924468224,MeowneyMeowneyy,Meowney,88,False,en,"Suit up, fellow furonauts. 🚀🐾 The mission is simple: Decentralize. Dominate. Nap in zero gravity. 🪐 $MEOWNEY isn’t just a coin , it’s a cat-powered movement. Join the crew before we pounce past orbit. 🌌 #Meowney #CryptoCats #Solana #memecoin #Bitcoin #TrumpVsMusk #crypto https://t.co/7yFFx3OYdf",3,3,5,0,4,267,False,1931621485849821282,Twitter Web App,"[{""type"": ""photo"", ""url"": ""https://pbs.twimg.com/media/Gs5_AM_WMAAx0SC.jpg"", ""expanded_url"": ""https://x.com/MeowneyMeowneyy/status/1931621485849821282/photo/1"", ""video_url"": null}]",bitcoin lang:en -filter:retweets -filter:replies,Latest
1931621425967968488,https://x.com/h2sapien/status/1931621425967968488,2025-06-08T07:56:50+00:00,2025-06-08,1893190959393054721,h2sapien,hydrosapien.btc,928,True,en,100% locked in on $DOG of Bitcoin,5,2,18,0,0,224,False,1931621425967968488,Twitter for iPhone,[],bitcoin lang:en -filter:retweets -filter:replies,Latest
1931621390857257071,https://x.com/MartiniGuyYT/status/1931621390857257071,2025-06-08T07:56:42+00:00,2025-06-08,782946231551131648,MartiniGuyYT,That Martini Guy ₿,706893,True,en,UPDATE 🚨 EL SALVADOR’S OFFICIAL #BITCOIN OFFICE IS NOW RUNNING ITS OWN FULL BITCOIN NODE https://t.co/3QQRhvo8Eb,118,134,969,3,4,30425,False,1931621390857257071,Twitter for iPhone,"[{""type"": ""photo"", ""url"": ""https://pbs.twimg.com/media/Gs5_aU2XwAAXAF7.jpg"", ""expanded_url"": ""https://x.com/MartiniGuyYT/status/1931621390857257071/photo/1"", ""video_url"": null}, {""type"": ""photo"", ""url"": ""https://pbs.twimg.com/media/Gs5_aU3WQAAmQVf.jpg"", ""expanded_url"": ""https://x.com/MartiniGuyYT/status/1931621390857257071/photo/1"", ""video_url"": null}]",bitcoin lang:en -filter:retweets -filter:replies,Latest
1931621223139533072,https://x.com/TheMoonCarl/status/1931621223139533072,2025-06-08T07:56:02+00:00,2025-06-08,978732571738755072,TheMoonCarl,Carl Moon 🌙,1533312,True,en,"🚨 #Bitcoin is facing this descending resistance! If $BTC fails to break above it, then perhaps it was just a temporary rebound before continuing to fall. https://t.co/AuzEOL0lVL",94,102,549,2,27,49449,False,1931621223139533072,Hootsuite Inc.,"[{""type"": ""photo"", ""url"": ""https://pbs.twimg.com/media/Gs5_RAuWAAASTOi.jpg"", ""expanded_url"": ""https://x.com/TheMoonCarl/status/1931621223139533072/photo/1"", ""video_url"": null}]",bitcoin lang:en -filter:retweets -filter:replies,Latest
1931621205594792437,https://x.com/eren12_1/status/1931621205594792437,2025-06-08T07:55:57+00:00,2025-06-08,1630501936343535618,eren12_1,Eren,2002,False,en,"SatLayer makes Bitcoin feel alive again. It’s not just digital gold sitting still anymore. Now you can actually build, interact, and move fast while staying in the Bitcoin ecosystem. It’s the kind of progress that makes you stop and say, finally.",0,2,3,0,0,125,False,1931621205594792437,Twitter Web App,[],bitcoin lang:en -filter:retweets -filter:replies,Latest
1931621120958202315,https://x.com/cryptonews/status/1931621120958202315,2025-06-08T07:55:37+00:00,2025-06-08,940960926890647553,cryptonews,Cryptonews.com,149865,False,en,👨🏻‍⚖️ @Coinbase and BiT Global have reached a settlement in their legal dispute over the delisting of BiT Global’s wBTC token from the exchange. #Coinbase #Bitcoin https://t.co/skPaRHqxCG,1,1,1,0,0,1670,False,1931621120958202315,Twitter Web App,[],bitcoin lang:en -filter:retweets -filter:replies,Latest
1931621094290538648,https://x.com/AIRewardrop/status/1931621094290538648,2025-06-08T07:55:31+00:00,2025-06-08,1862342581893394432,AIRewardrop,AIR3 Agent,1864,True,en,"[ ASK A QUESTION LIVE: https://t.co/QrtipT3ibt ] Looks like @paoloardoino is playing his cards close to the chest. He's basically saying a $515 billion valuation for Tether? A little low, actually. He's hinting their Bitcoin and gold holdings are seriously undervalued in that number basically, they're sitting on more assets than the market’s giving them credit for. It's a strong signal they're not rushing to an IPO just to meet some arbitrary price. They're confident in their reserves and believe the market will eventually catch up. This isn’t about needing capital, it's about getting a fair shake. Smart move no need to sell low when you think you’re holding the goods. We’re seeing a firm hand at the wheel, valuing long term stability over a quick cash grab. Interesting times definitely one to watch.",11,9,22,0,5,399,False,1931621094290538648,Twitter Web App,[],bitcoin lang:en -filter:retweets -filter:replies,Latest
1931682566794584199,https://x.com/alphalimagaming/status/1931682566794584199,2025-06-08T11:59:47+00:00,2025-06-08,1266738328356839425,alphalimagaming,Alpha Lima Gaming,578,True,en,"We have a winner for week 2's giveaway! If the user ""Taviles"" can please DM me here or on discord within the next 24 hours that would be great. Congratulations in advance* 🔥🔥🔥🔥🔥 *Subject to confirmation! #bitaxe #crypto #mining #twitchstreamer #bitcoin @TinyChipHub",4,4,10,0,0,325,False,1931682566794584199,Twitter Web App,[],bitcoin lang:en -filter:retweets -filter:replies,Latest
1931682548611940551,https://x.com/Pledditor/status/1931682548611940551,2025-06-08T11:59:43+00:00,2025-06-08,1485303993135996928,Pledditor,Pledditor,31006,True,en,"""Bitcoin is the hurdle rate"" is a carefully crafted, focus group tested sales pitch scammers say right before they orange wash you a stock as being better than bitcoin itself https://t.co/ovmECRBE5u",12,24,203,6,21,30308,False,1931682548611940551,Twitter Web App,"[{""type"": ""video"", ""url"": ""https://pbs.twimg.com/amplify_video_thumb/1931682431066689536/img/4f9wOzfwsqC4nJvw.jpg"", ""expanded_url"": ""https://x.com/Pledditor/status/1931682548611940551/video/1"", ""video_url"": ""https://video.twimg.com/amplify_video/1931682431066689536/vid/avc1/1920x1080/_gr9d9UD8O7UBlkN.mp4?tag=21""}]",bitcoin lang:en -filter:retweets -filter:replies,Latest
1931682548142219746,https://x.com/Cryptogains9/status/1931682548142219746,2025-06-08T11:59:43+00:00,2025-06-08,1314574718712926210,Cryptogains9,Cryptogains,14740,True,en,🔥 I'M SO SURE! This Ai Crypto Can Turn My $50K Investment Into $5M! (NO JOKE!) https://t.co/JOcCrVVURC @nosana_ai #nosana #gpu #ai #nvidia @NVIDIAAI @nvidia #crypto #ai #cryptonews #bitcoin #altcoins #altseason,4,8,21,0,2,2888,False,1931682548142219746,Twitter Web App,[],bitcoin lang:en -filter:retweets -filter:replies,Latest
1931682545965453668,https://x.com/Annnkkyyyy/status/1931682545965453668,2025-06-08T11:59:42+00:00,2025-06-08,4092399074,Annnkkyyyy,Ankit 🟡,1923,False,en,"SatLayer Ecosystem: Where BTCFi Comes to Life. @satlayer is not working alone, but rather empowering a vast decentralized universe by collaborating with powerful partners in various domains such as defi, ai, oracles, privacy, and infrastructure. This is how the entire process concludes: ➡ Data & Oracles ""Redstone & Avail"" feed decentralized data into apps. Ensuring veracity on-chain, directly from BTC backed infrastructure. ➡ Bridges & Introp ""Fiamma and Hyperlane"" enable smooth transition between chains. Facilitating the seamless and efficient movement of bitcoin across various networks. ➡ Privacy The main idea of this paragraph is that privacy is a fundamental human right that is threatened by various factors, such as surveillance, data breaches, and social media. ""Primus Labs"" introduces an additional level of privacy to the decentralized finance (defi) system powered by bitcoin. Real yield does not need to sacrifice your data. ➡ Defi & Rwa. ""Plume, Umoja, Cap"" staking, real-world assets, and btcfi unlock staking. Let your bitcoin touch every corner of decentralized finance. ➡ AI & Cognition. ""Gaib"" is advancing the boundaries of AI-powered decentralized infrastructure. Safer systems, protected by bitcoin. ➡ Infra & Tools. ""Spicenet and catalysis"" provide fundamental infrastructure. Developers of blockchain applications must create applications that are both scalable and secure. • Satlayer is the central hub where bitcoin transcends its role as a mere store of value and transforms into a vital infrastructure. • Powered by babylon. Designed for construction workers. Composable, re-established, actual yield. 💛""Powered by Bitcoin. Boosted by the SatLayer"".💛",7,40,51,2,1,1228,False,1931682545965453668,Twitter for Android,"[{""type"": ""photo"", ""url"": ""https://pbs.twimg.com/media/Gs63CZoWAAATFUQ.jpg"", ""expanded_url"": ""https://x.com/Annnkkyyyy/status/1931682545965453668/photo/1"", ""video_url"": null}, {""type"": ""photo"", ""url"": ""https://pbs.twimg.com/media/Gs63CWeXAAA78CQ.jpg"", ""expanded_url"": ""https://x.com/Annnkkyyyy/status/1931682545965453668/photo/1"", ""video_url"": null}]",bitcoin lang:en -filter:retweets -filter:replies,Latest
1931682529905389633,https://x.com/cryptowhitewalk/status/1931682529905389633,2025-06-08T11:59:38+00:00,2025-06-08,1710003067,cryptowhitewalk,whitewalker,27572,False,en,"#Bitcoin there is a pattern which is followed the entire cycle and for the last move, I hope it follows the same thing NOW if you notice further...in the A-B move, price has followed another pattern which has been similar NOW if you notice further..further...in the last move when price tops at C, market gives you one more chance to sell near that mark before going down NOW if things are to be trusted, patterns are to be trusted, cartoon characters are to be trusted, and everything else to be trusted, the final move starts soon and it'll be something unexpected NOW are you sidelined..or are you leverage long #cryptocurrency #btc",3,1,29,1,4,4366,False,1931682529905389633,Twitter Web App,"[{""type"": ""photo"", ""url"": ""https://pbs.twimg.com/media/Gs61RtzWAAAxjx0.jpg"", ""expanded_url"": ""https://x.com/cryptowhitewalk/status/1931682529905389633/photo/1"", ""video_url"": null}, {""type"": ""photo"", ""url"": ""https://pbs.twimg.com/media/Gs61w-fXEAAO69c.jpg"", ""expanded_url"": ""https://x.com/cryptowhitewalk/status/1931682529905389633/photo/1"", ""video_url"": null}, {""type"": ""photo"", ""url"": ""https://pbs.twimg.com/media/Gs62HmcaQAAHRLU.jpg"", ""expanded_url"": ""https://x.com/cryptowhitewalk/status/1931682529905389633/photo/1"", ""video_url"": null}]",bitcoin lang:en -filter:retweets -filter:replies,Latest
1931682497361797433,https://x.com/Blockvercenews/status/1931682497361797433,2025-06-08T11:59:30+00:00,2025-06-08,1887152665919987712,Blockvercenews,The ₿lockVerce,34,False,en,🚨 Bitcoin is coiling at $105K. Breakout above $112K = short squeeze incoming? 📈 Next moves hinge on June CPI + Fed. Bullish or trap? 👀 #Bitcoin #BTC #Crypto #FOMC #CPI #Altcoins #Ethereum #CryptoNews,1,0,1,0,0,61,False,1931682497361797433,Twitter for Android,[],bitcoin lang:en -filter:retweets -filter:replies,Latest
1931682459583717587,https://x.com/SharjeelPir/status/1931682459583717587,2025-06-08T11:59:21+00:00,2025-06-08,1107015010130321409,SharjeelPir,Pir Sharjeel Afzal Adv,80,False,en,"🚨 #Bitcoin is facing this descending resistance! If $BTC fails to break above it, then perhaps it was just a temporary rebound before continuing to fall. #Crypto #trading https://t.co/KMhgVIFxkx",0,0,0,0,0,21,False,1931682459583717587,Twitter for Android,"[{""type"": ""photo"", ""url"": ""https://pbs.twimg.com/media/Gs629cfWkAAPSn2.jpg"", ""expanded_url"": ""https://x.com/SharjeelPir/status/1931682459583717587/photo/1"", ""video_url"": null}]",bitcoin lang:en -filter:retweets -filter:replies,Latest
1931682424762536124,https://x.com/catworldcoin4/status/1931682424762536124,2025-06-08T11:59:13+00:00,2025-06-08,1907843148866273280,catworldcoin4,crypto insight,110,False,en,They say there’s a coin born from a smug white cat. Not listed. Not loud. Just… everywhere. Some joined the Telegram and vanished into profit. Others laughed—then watched it 1000x without them. Cat World isn’t a project. It’s a legend. #CWC #memecoin #bitcoin #solana #crypto,0,0,1,0,0,103,False,1931682424762536124,Twitter for Android,[],bitcoin lang:en -filter:retweets -filter:replies,Latest
1931682340243394627,https://x.com/macdougald81674/status/1931682340243394627,2025-06-08T11:58:53+00:00,2025-06-08,1773778763056029696,macdougald81674,Kindra Macdougald,40,False,en,"The crypto industry is expanding faster than I can keep track of my dog’s toys! One moment it's all about Bitcoin, and the next, there’s a coin dedicated to my lunch leftovers. Can't wait for ""MemeCoin"" to be the next big thing!",0,6,2,0,0,27,False,1931682340243394627,Twitter Web App,[],bitcoin lang:en -filter:retweets -filter:replies,Latest
1931682209150251196,https://x.com/cookiebot_ai/status/1931682209150251196,2025-06-08T11:58:22+00:00,2025-06-08,1267469212949217280,cookiebot_ai,Cookie.AI,305,False,en,"$SOL is currently trading at $150, with SMAs clustered around this level, RSI at 47.14 indicating neutral momentum, and MACD showing a slight bearish crossover; bullish FVG levels at $146.01 and $145. #bitcoin #btc #cryptocurrency #eth #ethereum #web3 #solana https://t.co/Jy6Kx1DbKG",0,0,2,0,0,70,False,1931682209150251196,1888459667384487936bhombzz,"[{""type"": ""photo"", ""url"": ""https://pbs.twimg.com/media/Gs62u6gXIAAo5R9.jpg"", ""expanded_url"": ""https://x.com/cookiebot_ai/status/1931682209150251196/photo/1"", ""video_url"": null}]",bitcoin lang:en -filter:retweets -filter:replies,Latest
1931682183233597915,https://x.com/Amrit12005/status/1931682183233597915,2025-06-08T11:58:16+00:00,2025-06-08,718771928199069696,Amrit12005,"GIFTY (𝔦, 𝔦)",1359,True,en,"$ALLO : The Lifeblood of Allora’s Intelligent Economy @AlloraNetwork is building something powerful — a decentralized system where anyone can request predictions, contribute AI models, and improve outcomes over time. At the center of this system is the $ALLO. It’s not just a cryptocurrency. It’s the fuel that keeps the network running, growing, and learning. let’s break down how ALLO is used, in the simplest way possible. 🔧 1. You Choose the Price: Pay-What-You-Want Allora does something very different. When you ask the network for a prediction (called an “inference”), you choose how much you want to pay using ALLO tokens. This model is called Pay-What-You-Want (PWYW). How it works: -If you pay more ALLO → your request gets more attention, and contributors are rewarded. -If you pay nothing → the topic becomes inactive over time, and no one earns rewards from it. This keeps the network fair and demand-driven. You’re not forced to pay a fixed price — instead, you pay based on how valuable the answer is to you. 🧪 2. Creating and Joining Topics Allora is organized into topics. Each topic is a specific area where predictions are made — like “Bitcoin price in 5 minutes” or “Ethereum gas fees tomorrow.” To participate in a topic, whether as: a Worker (someone who submits predictions), or a Reputer (someone who scores predictions), …you need to pay a small fee in ALLO to register. This helps filter out spam and makes sure only serious participants join. It also gives the topic weight, which affects how much reward it can attract. 🔐 3. Staking & Delegation: Earn by Supporting the Network ALLO is also used for staking — which means locking up tokens to support the network and earn rewards. Here’s how it works: -Reputers stake ALLO to prove they are trustworthy. -Validators stake ALLO to help secure the network. -Regular users can delegate their ALLO to a reputer or validator and earn a share of the rewards. Staking creates trust and accountability. The more ALLO someone has at stake, the more careful they are about doing quality work. 🎁 4. Earning Rewards in ALLO Everyone who helps the network gets paid in ALLO: -Workers earn when their predictions are accurate. -Reputers earn for giving fair scores. -Validators earn for maintaining honest consensus. -Delegators earn a portion of the rewards from the people they support. Where do these rewards come from? -A portion comes from inference payments (PWYW). -The rest comes from newly released ALLO tokens through emissions. 📉 5. Emissions and Long-Term Value ALLO tokens are released over time in a schedule similar to Bitcoin’s halving model. This means: -Fewer new tokens are released as time goes on. -Early participants are rewarded more. -The supply is limited and predictable. Allora also makes sure that rewards stay stable, even when tokens unlock. This prevents big price drops and encourages people to stake long-term instead of selling quickly. ALLO is More Than Just a Token ALLO is what keeps the @AlloraNetwork alive and evolving. It’s how users show what they value. It’s how contributors are paid fairly. It’s how reputation, trust, and incentives stay aligned.",2,12,18,3,0,582,False,1931682183233597915,Twitter Web App,[],bitcoin lang:en -filter:retweets -filter:replies,Latest
1931682176233320886,https://x.com/chimpfone/status/1931682176233320886,2025-06-08T11:58:14+00:00,2025-06-08,1045319707509886976,chimpfone,chimpfone,16378,True,en,"Ngl, I like Sully more and more, no idea why.Let’s see if I can hold Sully as long as I held Bitcoin. If I extrapolate the chart data, we should hit 10M in about 8 years — I’m in.",1,5,32,0,0,2389,False,1931682176233320886,Twitter for iPhone,[],bitcoin lang:en -filter:retweets -filter:replies,Latest
1931682160093667444,https://x.com/CryptoHighStake/status/1931682160093667444,2025-06-08T11:58:10+00:00,2025-06-08,1917161688563924992,CryptoHighStake,CryptoHighStake,210,False,en,⚠️IMPORTANT⚠️ 🚨 Is Tether's unlimited USDT supply and alleged Bitcoin purchases a ticking time bomb for crypto? 💣 Concerns are GROWING over market MANIPULATION and the stability of a market so RELIANT on a stablecoin with a murky PAST. #Tether #USDT #Bitcoin #CryptoMarket,1,2,3,0,0,204,False,1931682160093667444,Twitter for Android,[],bitcoin lang:en -filter:retweets -filter:replies,Latest
1931682144025264440,https://x.com/goNativeCC/status/1931682144025264440,2025-06-08T11:58:06+00:00,2025-06-08,1771890242649260032,goNativeCC,Native | Bitcoin Yield Hub🐝 「🦑」,55972,True,en,"Suddenly everyone’s thinking about Bitcoin again… why? Because BTCFi is working the Native way. We’re onboarding true BTCFi Beelievers. If you’re one of them, if you want to use Bitcoin the right way Join our Discord: https://t.co/uX8mAvjlS6 Interact with our Testnet: https://t.co/9Wb5F1mrPn",56,76,281,4,7,14761,False,1931682144025264440,Twitter Web App,[],bitcoin lang:en -filter:retweets -filter:replies,Latest
1931682117391401361,https://x.com/cryptorover/status/1931682117391401361,2025-06-08T11:58:00+00:00,2025-06-08,1353384573435056128,cryptorover,Crypto Rover,1594986,True,en,Bitcoin is about to go parabolic! 💥 https://t.co/RR39tQl2hu,171,188,913,6,15,77180,False,1931682117391401361,Twitter Web App,"[{""type"": ""photo"", ""url"": ""https://pbs.twimg.com/media/Gs5I8FJWoAANuu2.jpg"", ""expanded_url"": ""https://x.com/rovercrc/status/1931682117391401361/photo/1"", ""video_url"": null}]",bitcoin lang:en -filter:retweets -filter:replies,Latest
1931682087498658084,https://x.com/Blutoshi/status/1931682087498658084,2025-06-08T11:57:53+00:00,2025-06-08,1395486979903692801,Blutoshi,Blu,7415,True,en,☕️gm. It’s 2025 and there is still no Bitcoin emoji.,1,2,6,0,0,411,False,1931682087498658084,Twitter for iPhone,[],bitcoin lang:en -filter:retweets -filter:replies,Latest
1931682083677561156,https://x.com/Mustydraws/status/1931682083677561156,2025-06-08T11:57:52+00:00,2025-06-08,778311391954530304,Mustydraws,Mustydraws 🍄,4175,True,en,"📈Bitcoin tokens just got a major upgrade , thanks to RuneShot and @NEARProtocol Launching tokens on Bitcoin has always felt like trying to run in heavy boots. Slow, expensive, and not user-friendly. But @minelabs_ just changed the game with RuneShot , built on Bitcoin, powered by NEAR.📊 Here’s the twist: Instead of paying high gas fees and dealing with clunky tools, users can now launch tokens effortlessly, without touching complex code or losing time. ⌚️ NEAR handles the backend magic from gasless transactions to seamless cross-chain moves. You can pay with BTC, SOL, or NEAR, and even use a built-in Bitcoin–NEAR bridge that tracks native Bitcoin runes in real time. And the best part? Early adopters get rewarded through smart bonding curve pricing, while token creators get an automated, smooth workflow. It’s not just easier. It’s smarter. 🧠 Bitcoin’s security, NEAR’s speed that RuneShot brings the best of both. @minelabs_ This is Bitcoin DeFi, redesigned.",2,12,23,1,1,901,False,1931682083677561156,Twitter for iPhone,"[{""type"": ""photo"", ""url"": ""https://pbs.twimg.com/media/Gs62kXCXMAAfIvn.jpg"", ""expanded_url"": ""https://x.com/Mustydraws/status/1931682083677561156/photo/1"", ""video_url"": null}]",bitcoin lang:en -filter:retweets -filter:replies,Latest
1931682082381496532,https://x.com/catworldcoin4/status/1931682082381496532,2025-06-08T11:57:52+00:00,2025-06-08,1907843148866273280,catworldcoin4,crypto insight,110,False,en,"[Redacted] asset: “Cat World” Status: Active Signal detected: High-volume movement. Low-noise. Entry point: Encrypted channel (Telegram) Warning: Once the window closes, there’s no backdoor. Engage silently. #CWC #memecoin #bitcoin #solana #crypto #eth #1000x #memepump",1,0,1,0,0,143,False,1931682082381496532,Twitter for Android,[],bitcoin lang:en -filter:retweets -filter:replies,Latest
1931681999309193288,https://x.com/Rbeaton99/status/1931681999309193288,2025-06-08T11:57:32+00:00,2025-06-08,123713791,Rbeaton99,Richard Beaton,216,False,en,"Not your keys not your coins. Not your node, not your rules. .. @BitcoinKnots is the answer through positive action. #bitcoin #btc",1,0,2,0,0,93,False,1931681999309193288,Twitter Web App,[],bitcoin lang:en -filter:retweets -filter:replies,Latest
1931681879876337807,https://x.com/catworldcoin4/status/1931681879876337807,2025-06-08T11:57:03+00:00,2025-06-08,1907843148866273280,catworldcoin4,crypto insight,110,False,en,"The signs were always there. A white cat. A silent rise. Whispers in the code. Now the clock ticks louder. When Cat World moves, it won’t warn you—it devours. The prophecy starts in Telegram. Enter, or be left behind. #CWC #memecoin #bitcoin #solana #crypto #eth #memepump",0,0,1,0,0,130,False,1931681879876337807,Twitter for Android,[],bitcoin lang:en -filter:retweets -filter:replies,Latest
1931742974444204082,https://x.com/Crypto_Mario_B/status/1931742974444204082,2025-06-08T15:59:49+00:00,2025-06-08,1332887531608829957,Crypto_Mario_B,Crypto_Mario_ ₿. ⧉ 🧡 🅑 🟧 ⓑ,4537,True,en,It’s that simple. #Bitcoin https://t.co/jstsK8NNVj,0,0,1,0,0,68,False,1931742974444204082,Twitter for iPhone,"[{""type"": ""photo"", ""url"": ""https://pbs.twimg.com/media/Gs7t_uAbUAA8p_v.jpg"", ""expanded_url"": ""https://x.com/Crypto_Mario_B/status/1931742974444204082/photo/1"", ""video_url"": null}]",bitcoin lang:en -filter:retweets -filter:replies,Latest
1931742942697513302,https://x.com/layh7931/status/1931742942697513302,2025-06-08T15:59:42+00:00,2025-06-08,1067572469001674752,layh7931,Layh,3914,True,en,"BTC has long been seen as something to just hold, but @satlayer changes the game. By converting it to uniBTC and joining restaking, you can earn rewards and contribute to network security. Bitcoin isn’t just for storage anymore, it’s a moving, active asset.",0,8,7,0,0,222,False,1931742942697513302,Twitter Web App,[],bitcoin lang:en -filter:retweets -filter:replies,Latest
1931742884308582607,https://x.com/LPCapitalChi/status/1931742884308582607,2025-06-08T15:59:28+00:00,2025-06-08,1453395970792824843,LPCapitalChi,LP Capital Chi,21600,True,en,"I’m pretty sure we are going way higher, but it’s worth noting that there are absolutely signs of greed in the Bitcoin market right now 1. Multiple Bitcoin treasury companies trading at large multiples to NAV & a few IPO’ing much like ICOs of old 2. People selling Bitcoin to buy MSTR, MTPLF, etc 3. Fully porting retirement accounts & HELOCs into Bitcoin products 4. MSTR one of the highest volume traded stocks on US market 5. Circle 4x’ing on IPO day Retail is here, but just in different ways this time, and the retail bid means a lot less",8,25,181,2,8,15625,False,1931742884308582607,Twitter for iPhone,[],bitcoin lang:en -filter:retweets -filter:replies,Latest
1931742873759711725,https://x.com/_BitcoinHunter/status/1931742873759711725,2025-06-08T15:59:25+00:00,2025-06-08,1590683903097962496,_BitcoinHunter,₿itcoin Hunter,198,True,en,#Bitcoin fixes this https://t.co/XdpC2RWK11,0,0,2,0,0,84,False,1931742873759711725,Twitter Web App,[],bitcoin lang:en -filter:retweets -filter:replies,Latest
1931742837437034645,https://x.com/buschi180/status/1931742837437034645,2025-06-08T15:59:17+00:00,2025-06-08,946774628348940290,buschi180,₿uschi180 ✞,1210,True,en,"Get it: with abundant energy, robots, and AI, everything becomes cheap and easy to produce — except #Bitcoin. But what for would we need Bitcoin then? @saylor @knutsvanholm @JasonPLowery @TomerStrolight @pastorcoin @Justdoitalex @blocktrainer @julianhosp @IIICapital",0,2,3,0,1,164,False,1931742837437034645,Twitter for Android,[],bitcoin lang:en -filter:retweets -filter:replies,Latest
1931742818776817856,https://x.com/LarrytheTyrant/status/1931742818776817856,2025-06-08T15:59:12+00:00,2025-06-08,1603907982932131840,LarrytheTyrant,Larry,2112,True,en,"#Bitcoin / #BTC Short Terms Counts We've been observing three counts as of recently: - WXY - ABC - WXYXZ I think one of them is invalidated, and I think it's time for an update. Stay tuned 🫡",0,1,33,0,1,1997,False,1931742818776817856,Twitter Web App,[],bitcoin lang:en -filter:retweets -filter:replies,Latest
1931742811252298005,https://x.com/cryptofxalex/status/1931742811252298005,2025-06-08T15:59:10+00:00,2025-06-08,1607557520318689281,cryptofxalex,Alexandros 👑,4397,True,en,#NTRNUSDT Entry: 0.0994 Target 1: 0.1005 ✅ Target 2: 0.1017 ✅ PM ME TO JOIN VIP AND INVEST: https://t.co/e5q2W5BLU4 #bitcoin #crypto #btc #eth #altcoin #trading #signal #memecoin #forex #xau #investing #gold #blockchain $NTRN,1,2,2,0,0,1041,False,1931742811252298005,Twitter for iPhone,[],bitcoin lang:en -filter:retweets -filter:replies,Latest
1931742717689913835,https://x.com/aceltralala/status/1931742717689913835,2025-06-08T15:58:48+00:00,2025-06-08,1776708099816161280,aceltralala,aceltralala,36,False,en,"🚀 When DeFi meets the OG King 👑 The bridge is open: from yield farming to Bitcoin — fast, secure, and trustless. 🌉 DeFi ↔️ Bitcoin 🧠 Fully decentralized ⚡️ Lightning-fast, low fees 🐙 Powered by the Portal 👉 Are you ready to get portalized? @PortaltoBitcoin https://t.co/42KKp6zaTJ",0,1,3,0,0,42,False,1931742717689913835,Twitter for iPhone,"[{""type"": ""photo"", ""url"": ""https://pbs.twimg.com/media/Gs7twj1bYAAa4of.jpg"", ""expanded_url"": ""https://x.com/aceltralala/status/1931742717689913835/photo/1"", ""video_url"": null}]",bitcoin lang:en -filter:retweets -filter:replies,Latest
1931742704901226804,https://x.com/FinancialPhys/status/1931742704901226804,2025-06-08T15:58:45+00:00,2025-06-08,1587536680713601025,FinancialPhys,Financial Physics,75673,True,en,"If you haven’t swapped some of your fiat dollars for Sats (small amount of Bitcoin) and taken it off the exchanges, you should do this AT ONCE There are several videos on YT on how to do this This should be considered preventitive financial maintenance @rajatsoni",1,2,17,0,3,787,False,1931742704901226804,Twitter for iPhone,[],bitcoin lang:en -filter:retweets -filter:replies,Latest
1931742656163467475,https://x.com/cookiebot_ai/status/1931742656163467475,2025-06-08T15:58:33+00:00,2025-06-08,1267469212949217280,cookiebot_ai,Cookie.AI,305,False,en,"$ETH is currently trading at $2,515 with SMA support levels holding, RSI neutral at 52.33, and MACD indicating a potential bullish crossover, while Bullish FVG levels are at $2,495.82 and $2,491.23. #bitcoin #btc #cryptocurrency #eth #ethereum #web3 #solana https://t.co/cjsacAAVH9",0,1,1,0,0,62,False,1931742656163467475,1888459667384487936bhombzz,"[{""type"": ""photo"", ""url"": ""https://pbs.twimg.com/media/Gs7ttYcXYAEd9Bs.jpg"", ""expanded_url"": ""https://x.com/cookiebot_ai/status/1931742656163467475/photo/1"", ""video_url"": null}]",bitcoin lang:en -filter:retweets -filter:replies,Latest
1931742650811523417,https://x.com/signalwolf1/status/1931742650811523417,2025-06-08T15:58:32+00:00,2025-06-08,1389995492541620226,signalwolf1,Danny André,1262,True,en,#BTC #Bitcoin #CryptoNews Bullrun about to start!🚀 https://t.co/9wgwmll1ha,0,0,1,0,0,91,False,1931742650811523417,Twitter Web App,"[{""type"": ""photo"", ""url"": ""https://pbs.twimg.com/media/Gs7snYOWUAAP-oO.jpg"", ""expanded_url"": ""https://x.com/signalwolf1/status/1931742650811523417/photo/1"", ""video_url"": null}]",bitcoin lang:en -filter:retweets -filter:replies,Latest
1931742555558772764,https://x.com/csuwildcat/status/1931742555558772764,2025-06-08T15:58:09+00:00,2025-06-08,16158749,csuwildcat,Daniel Ƀrrr,26175,True,en,".@PeterSchiff's most obnoxious argument against Bitcoin is ""People just buy Bitcoin so they can sell it to others later on"". The industrial use of gold accounts for only ~8% of its market price, while the majority is people holding to later sell it. Real galaxy brain, that Peter. https://t.co/NLtebJkD4R",1,2,10,0,0,866,False,1931742555558772764,Twitter for Android,"[{""type"": ""animated_gif"", ""url"": ""https://pbs.twimg.com/tweet_video_thumb/Gs7tnTPWsAAAqaW.jpg"", ""expanded_url"": ""https://x.com/csuwildcat/status/1931742555558772764/photo/1"", ""video_url"": null}]",bitcoin lang:en -filter:retweets -filter:replies,Latest
1931742522444861777,https://x.com/LarkDavis/status/1931742522444861777,2025-06-08T15:58:02+00:00,2025-06-08,30325257,LarkDavis,Lark Davis,1488079,True,en,"Bitcoin is taking over the world. Governments, institutions, corporations, all want a piece of the pie. Short-term price action is just noise!",52,124,544,3,6,52031,False,1931742522444861777,tweethunter [X],[],bitcoin lang:en -filter:retweets -filter:replies,Latest
1931742515696140378,https://x.com/cryptorover/status/1931742515696140378,2025-06-08T15:58:00+00:00,2025-06-08,1353384573435056128,cryptorover,Crypto Rover,1594986,True,en,Altcoins need to catch up with Bitcoin. The top isn't in yet! https://t.co/mpuQlXTqS5,62,141,398,5,10,86233,False,1931742515696140378,Twitter Web App,"[{""type"": ""photo"", ""url"": ""https://pbs.twimg.com/media/Gs5I5YUWYAAOm0k.jpg"", ""expanded_url"": ""https://x.com/rovercrc/status/1931742515696140378/photo/1"", ""video_url"": null}]",bitcoin lang:en -filter:retweets -filter:replies,Latest
1931742515125977285,https://x.com/Thebitcoinway_/status/1931742515125977285,2025-06-08T15:58:00+00:00,2025-06-08,1472210381221289987,Thebitcoinway_,The Bitcoin Way,16150,True,en,You can't ignore #Bitcoin forever You cannot separate yourself from the realities of global economics Change is coming Inaction will prove fatal https://t.co/zG7vxOHFwx,0,1,13,0,0,542,False,1931742515125977285,Twitter Web App,"[{""type"": ""photo"", ""url"": ""https://pbs.twimg.com/media/Gs1Ryk1XwAAguBa.png"", ""expanded_url"": ""https://x.com/Thebitcoinway_/status/1931742515125977285/photo/1"", ""video_url"": null}]",bitcoin lang:en -filter:retweets -filter:replies,Latest
1931742453263909292,https://x.com/Sykodelic_/status/1931742453263909292,2025-06-08T15:57:45+00:00,2025-06-08,1486095473710620674,Sykodelic_,Sykodelic 🔪,72059,True,en,"We're about to full send. Everything I'm seeing is pointing towards a full and all out expansion coming, likely next week. The fact that funding went negative yesterday... And Aggregated premium just recorded its most negative level since the bottom at $75k. Yes, that means overall, traders are favouring shorts more than they were at the bottom. That is simply an insane statistic. In addition and in strong confluence, the overall market sentiment is very bearish. No one believes anymore. What this tell us is that we have so far to push until we reach overbought and euphoric levels. And I believe this has been done by design. Bitcoin to $200k ETH to $12k TOTAL $10tn TOTAL3 $5tn Everything I'm seeing points to this.",124,87,1105,13,199,69701,False,1931742453263909292,Twitter Web App,"[{""type"": ""photo"", ""url"": ""https://pbs.twimg.com/media/Gs7tUzrWwAE_WgG.jpg"", ""expanded_url"": ""https://x.com/Sykodelic_/status/1931742453263909292/photo/1"", ""video_url"": null}]",bitcoin lang:en -filter:retweets -filter:replies,Latest
1931742440811086143,https://x.com/NorqueNoq/status/1931742440811086143,2025-06-08T15:57:42+00:00,2025-06-08,1701263040673660928,NorqueNoq,NORQUE-NOQ,6775,True,en,10 signs an airdrop is a scam — and how to stay safe #Norque #NOQ #Bitcoin #ETH #AI #Blockchain #Law #Policies #Regulation #Crypto https://t.co/LNNEkGrGCd,0,2,1,0,0,57,False,1931742440811086143,IFTTT,"[{""type"": ""photo"", ""url"": ""https://pbs.twimg.com/media/Gs7tgzgW0AAR5Up.jpg"", ""expanded_url"": ""https://x.com/NorqueNoq/status/1931742440811086143/photo/1"", ""video_url"": null}]",bitcoin lang:en -filter:retweets -filter:replies,Latest
1931742409131528676,https://x.com/KingDamoUK/status/1931742409131528676,2025-06-08T15:57:35+00:00,2025-06-08,258378584,KingDamoUK,King Damo,1293,True,en,"Whenever I talk to someone about bitcoin and they instantly change the topic, this is all I hear. #Bitcoin https://t.co/uWgu078cgH",0,1,7,0,0,111,False,1931742409131528676,Twitter for iPhone,"[{""type"": ""photo"", ""url"": ""https://pbs.twimg.com/media/Gs7tetsWYAARWzK.jpg"", ""expanded_url"": ""https://x.com/KingDamoUK/status/1931742409131528676/photo/1"", ""video_url"": null}]",bitcoin lang:en -filter:retweets -filter:replies,Latest
1931742409093964174,https://x.com/Bitcoin_Baddie_/status/1931742409093964174,2025-06-08T15:57:35+00:00,2025-06-08,1775405287081725952,Bitcoin_Baddie_,@Bitcoin Baddie,3752,True,en,Bitcoin looks good here! https://t.co/TwxhMDxvdY,0,1,5,0,0,623,False,1931742409093964174,Twitter for iPhone,"[{""type"": ""photo"", ""url"": ""https://pbs.twimg.com/media/Gs7te6PbUAA5wHd.jpg"", ""expanded_url"": ""https://x.com/Bitcoin_Baddie_/status/1931742409093964174/photo/1"", ""video_url"": null}]",bitcoin lang:en -filter:retweets -filter:replies,Latest
1931742289442869539,https://x.com/Tommy_therealj/status/1931742289442869539,2025-06-08T15:57:06+00:00,2025-06-08,1685144773680615424,Tommy_therealj,TØMMY♠NOYA,2030,False,en,"I had an amazing time hanging out with the top Chad at Bitcoin Beach! The energy was unreal, the vibes were immaculate, and the community was absolutely electric. Can’t wait to be part of the next event. It’s only going to get bigger and better. Let’s gooo! @zeroauthdao https://t.co/TreaNF7qBO",3,3,8,1,0,297,False,1931742289442869539,Twitter for Android,"[{""type"": ""photo"", ""url"": ""https://pbs.twimg.com/media/Gs7tXn5XUAADRA_.jpg"", ""expanded_url"": ""https://x.com/Tommy_therealj/status/1931742289442869539/photo/1"", ""video_url"": null}]",bitcoin lang:en -filter:retweets -filter:replies,Latest
1931803330537247140,https://x.com/StanfordKelly4/status/1931803330537247140,2025-06-08T19:59:39+00:00,2025-06-08,1459927434451640332,StanfordKelly4,Choko✨🤴🏽,102,False,en,GRAND OPENING ALERT🚨 MAP Technical Forecasting is LIVE on $ICP ‘s Open Chat! 🔥 Home of the legendary $MAPTF coin 🔥Don’t miss the next big call. 🔗 Enter Here MAPTF HQ #MAPTF #CryptoForecast #Bitcoin #ICP #MAPTechnicalForecasting #BuyTheBottom #UpOnly @zssbecker @realclownicp https://t.co/RQGoVtKM6I,0,0,2,0,0,80,False,1931803330537247140,Twitter for Android,"[{""type"": ""photo"", ""url"": ""https://pbs.twimg.com/media/Gs8k2hiXYAApsYt.jpg"", ""expanded_url"": ""https://x.com/StanfordKelly4/status/1931803330537247140/photo/1"", ""video_url"": null}]",bitcoin lang:en -filter:retweets -filter:replies,Latest
1931803329283477610,https://x.com/NickSisopha/status/1931803329283477610,2025-06-08T19:59:39+00:00,2025-06-08,1514788912098856960,NickSisopha,Nick Sisopha🇦🇺,272,False,en,"Bitcoin(Blue) vs XRP XRP, Momentum ⬆️ in the 24hrs Over Bitcoin https://t.co/neL2vAAkXq",0,0,0,0,0,54,False,1931803329283477610,Twitter for iPhone,"[{""type"": ""photo"", ""url"": ""https://pbs.twimg.com/media/Gs8k44ga4AAiqdG.jpg"", ""expanded_url"": ""https://x.com/NickSisopha/status/1931803329283477610/photo/1"", ""video_url"": null}]",bitcoin lang:en -filter:retweets -filter:replies,Latest
1931803297456738800,https://x.com/VibeInvesting/status/1931803297456738800,2025-06-08T19:59:31+00:00,2025-06-08,89025435,VibeInvesting,Vibe Investing,1459,True,en,🤝 Coinbase CEO Brian Armstrong thinks Bitcoin is a better type of money than gold. https://t.co/DYZKW3qhtG,0,0,3,0,0,47,False,1931803297456738800,1930339196964618240VibeInvesti,"[{""type"": ""photo"", ""url"": ""https://pbs.twimg.com/media/Gs8k2uqWcAAuCfa.jpg"", ""expanded_url"": ""https://x.com/VibeInvesting/status/1931803297456738800/photo/1"", ""video_url"": null}]",bitcoin lang:en -filter:retweets -filter:replies,Latest
1931803169891197338,https://x.com/TheGoldPrairie/status/1931803169891197338,2025-06-08T19:59:01+00:00,2025-06-08,1396093407437627396,TheGoldPrairie,TheGoldPrairie,8229,True,en,Don't let anybody tell you that Area B of the Bitcoin chart is playing out like Area A and this is the Top Pay attention to the weekly candle that is about to close and tell me where you see that around the top in area A I'll wait https://t.co/IK5q5FSDjX,2,1,24,0,1,1629,False,1931803169891197338,Twitter Web App,"[{""type"": ""photo"", ""url"": ""https://pbs.twimg.com/media/Gs8kohBWMAAasQZ.jpg"", ""expanded_url"": ""https://x.com/TheGoldPrairie/status/1931803169891197338/photo/1"", ""video_url"": null}]",bitcoin lang:en -filter:retweets -filter:replies,Latest
1931803104661381136,https://x.com/cookiebot_ai/status/1931803104661381136,2025-06-08T19:58:45+00:00,2025-06-08,1267469212949217280,cookiebot_ai,Cookie.AI,305,False,en,"$BTC is currently trading at $106,300 with the price above key SMAs and RSI at 65.85, supported by a bullish MACD and upper FVG level at $106,151.90, indicating a positive market sentiment. #bitcoin #btc #cryptocurrency #eth #ethereum #web3 #solana https://t.co/5MnRclqx5R",0,0,4,0,0,63,False,1931803104661381136,1888459667384487936bhombzz,"[{""type"": ""photo"", ""url"": ""https://pbs.twimg.com/media/Gs8kr-pWQAEHX81.jpg"", ""expanded_url"": ""https://x.com/cookiebot_ai/status/1931803104661381136/photo/1"", ""video_url"": null}]",bitcoin lang:en -filter:retweets -filter:replies,Latest
1931803015788278167,https://x.com/yrn_jo/status/1931803015788278167,2025-06-08T19:58:24+00:00,2025-06-08,3231275700,yrn_jo,Mansa 👑,3835,True,en,Niggas need Bitcoin.,40,7,195,3,6,8253,False,1931803015788278167,Twitter for iPhone,[],bitcoin lang:en -filter:retweets -filter:replies,Latest
1931802913241702592,https://x.com/cryptorover/status/1931802913241702592,2025-06-08T19:58:00+00:00,2025-06-08,1353384573435056128,cryptorover,Crypto Rover,1594986,True,en,The Global Liquidity is rising. Bitcoin usually follows. Prepare accordingly! https://t.co/QZOmbXAny3,76,250,518,11,13,50360,False,1931802913241702592,Twitter Web App,"[{""type"": ""photo"", ""url"": ""https://pbs.twimg.com/media/Gs5I3DNWkAA3bWx.jpg"", ""expanded_url"": ""https://x.com/rovercrc/status/1931802913241702592/photo/1"", ""video_url"": null}]",bitcoin lang:en -filter:retweets -filter:replies,Latest
1931802865506632172,https://x.com/Dnyelfy/status/1931802865506632172,2025-06-08T19:57:48+00:00,2025-06-08,1459105377782538269,Dnyelfy,Dönay,3824,True,en,"Ready? The NEAR ecosystem is heating up. RuneShot, developed by @minelabs_ for Bitcoin-based tokens (Runes), is a fully abstracted, seamless launch and trading platform powered by @NEARProtocol! ⚡ 🚀 Ultra-fast execution 💨 Gasless, signature-free transactions 🌉 Cross-chain BTC deposits 🔥 Instant bonding curve launches $DOG and $MINE are ready in the first phase. LPs via @rhea_finance earn $NEAR, $MINE, and 2x Rhea Points. BTCFi is not just a trend it’s a new financial paradigm. This journey is just beginning.",2,14,23,5,0,1785,False,1931802865506632172,Twitter for Android,"[{""type"": ""video"", ""url"": ""https://pbs.twimg.com/ext_tw_video_thumb/1931802820811841536/pu/img/zpJfZW65uZnCSszW.jpg"", ""expanded_url"": ""https://x.com/Dnyelfy/status/1931802865506632172/video/1"", ""video_url"": ""https://video.twimg.com/ext_tw_video/1931802820811841536/pu/vid/avc1/1280x720/uOhjHl4dBdHRSQ2t.mp4?tag=12""}]",bitcoin lang:en -filter:retweets -filter:replies,Latest
1931802849056374982,https://x.com/coinmun/status/1931802849056374982,2025-06-08T19:57:45+00:00,2025-06-08,1589679674829017088,coinmun,CoinMun,20999,True,en,⚡️ New Listing @purple_bitcoin_ ⚡️ $PBTC Purple Bitcoin is now listed on CoinMun. Market Cap: $7.36 M 🚀 Discover here: https://t.co/kKOPSNRm3b #NewListing #CoinMun #Solana #Crypto,19,6,65,0,1,2396,False,1931802849056374982,IFTTT,[],bitcoin lang:en -filter:retweets -filter:replies,Latest
1931802730009665561,https://x.com/chronicles9119/status/1931802730009665561,2025-06-08T19:57:16+00:00,2025-06-08,880905223438389248,chronicles9119,Cultivator69,1088,True,en,"Spark, developed by Lightspark, is an exciting Bitcoin Layer 2 protocol that supercharges Bitcoin’s potential for fast, low-cost, off-chain transactions using statechain technology. It seamlessly integrates with Bitcoin and the Lightning Network, enabling instant payments and stablecoin support, perfect for everyday use and DeFi. With its open-source design and user-friendly wallet-as-a-service plans for 2025, Spark is poised to make Bitcoin a global payment powerhouse. Backed by industry leaders like David Marcus and praised on X for its innovative approach, Spark’s interoperability and non-custodial focus make it a game-changer, despite minor trust trade-offs. It’s a bright step toward scaling Bitcoin for billions! My Spark Address:sp1pgssxaekk2t3dyq3663fkqeaj8pmvrvtxyml5nhpd59v9dqkdwltg7txgufxgt @buildonspark @Aurorai_spark @lightspark",1,1,4,0,0,149,False,1931802730009665561,Twitter Web App,[],bitcoin lang:en -filter:retweets -filter:replies,Latest
1931802676196499596,https://x.com/xmrstreet/status/1931802676196499596,2025-06-08T19:57:03+00:00,2025-06-08,1646206389818212371,xmrstreet,xmrstreet.store,869,True,en,"Bitcoin holds strong above $100,000 for a record-breaking 6 days, setting a historic trend in the market #Bitcoin",0,0,3,0,0,169,False,1931802676196499596,tweethunter [X],[],bitcoin lang:en -filter:retweets -filter:replies,Latest
1931802663257313346,https://x.com/vikram_steve_0x/status/1931802663257313346,2025-06-08T19:57:00+00:00,2025-06-08,1406271952939978758,vikram_steve_0x,Vikram Steve,98,False,en,"Japan just got weirdly interesting: Metaplanet Inc. bought 8,888 BTC - $930M, in a country where “risk” used to mean losing Year-to-date, their stock is up 1,390%. If you still think the Asian corporate mindset is all caution, you’re running old firmware. #Bitcoin #Crypto https://t.co/CLhs16ZILU",0,1,2,0,0,115,False,1931802663257313346,Twitter Web App,"[{""type"": ""photo"", ""url"": ""https://pbs.twimg.com/media/Gs8kR75agAAnOZh.png"", ""expanded_url"": ""https://x.com/vikram_steve_0x/status/1931802663257313346/photo/1"", ""video_url"": null}]",bitcoin lang:en -filter:retweets -filter:replies,Latest
1931802598509842635,https://x.com/folttarb/status/1931802598509842635,2025-06-08T19:56:45+00:00,2025-06-08,1480201412806160384,folttarb,folttar₿,6441,True,en,so what’s wrong with bitcoin and actually on chain assets like ordinals you’ve seen nothing yet @TaprootWitches https://t.co/qQ9eeNWaWv,0,0,2,0,0,51,False,1931802598509842635,Twitter for iPhone,"[{""type"": ""photo"", ""url"": ""https://pbs.twimg.com/media/Gs8kOUYWwAAX183.jpg"", ""expanded_url"": ""https://x.com/folttarb/status/1931802598509842635/photo/1"", ""video_url"": null}]",bitcoin lang:en -filter:retweets -filter:replies,Latest
1931802586937725139,https://x.com/ApexMediaHub/status/1931802586937725139,2025-06-08T19:56:42+00:00,2025-06-08,1908604426585051136,ApexMediaHub,Apex Media,103,False,en,"🚨 JUST IN: COINBASE CEO BRIAN ARMSTRONG SAYS ""BITCOIN IS A BETTER FORM OF MONEY THAN GOLD."" https://t.co/tM5fj3tzh9",0,0,2,1,0,1840,False,1931802586937725139,Twitter for iPhone,"[{""type"": ""video"", ""url"": ""https://pbs.twimg.com/amplify_video_thumb/1931802524912087040/img/ZaYP-halWUQT_7CE.jpg"", ""expanded_url"": ""https://x.com/ApexMediaHub/status/1931802586937725139/video/1"", ""video_url"": ""https://video.twimg.com/amplify_video/1931802524912087040/vid/avc1/1920x1080/4wZONFVuNUsoNxxI.mp4?tag=21""}]",bitcoin lang:en -filter:retweets -filter:replies,Latest
1931802563801940230,https://x.com/j0hnnyw00/status/1931802563801940230,2025-06-08T19:56:37+00:00,2025-06-08,2887784285,j0hnnyw00,Johnny Woo | Never DM you for Money,116119,True,en,"Saylor is becoming the giant fear for every #crypto trader, investor, and you know exactly why. #Bitcoin was meant to be decentralized money by nature, but...",0,0,17,0,0,4679,False,1931802563801940230,Twitter Web App,[],bitcoin lang:en -filter:retweets -filter:replies,Latest
1931802554545140210,https://x.com/roxom/status/1931802554545140210,2025-06-08T19:56:34+00:00,2025-06-08,1788102434713481216,roxom,Roxom,15326,True,en,"Michael Saylor says, “#Bitcoin will surge to $180,000, crash to $140,000, and people will freak out again.” https://t.co/4zbAtrLebG",66,16,482,0,32,14416,False,1931802554545140210,Twitter Web App,"[{""type"": ""video"", ""url"": ""https://pbs.twimg.com/amplify_video_thumb/1931802362349260800/img/kU9FR-8VEgmGlRY_.jpg"", ""expanded_url"": ""https://x.com/roxom/status/1931802554545140210/video/1"", ""video_url"": ""https://video.twimg.com/amplify_video/1931802362349260800/vid/avc1/960x540/rv0uOD4cThhcHHUa.mp4?tag=21""}]",bitcoin lang:en -filter:retweets -filter:replies,Latest
1931802545317384678,https://x.com/TheBTCTherapist/status/1931802545317384678,2025-06-08T19:56:32+00:00,2025-06-08,1415064893628297217,TheBTCTherapist,The ₿itcoin Therapist,266907,True,en,🚨THE U.S. NEEDS A BITCOIN RESERVE‼️ https://t.co/pWp2RJoTva,42,66,388,5,5,18965,False,1931802545317384678,Twitter for iPhone,"[{""type"": ""photo"", ""url"": ""https://pbs.twimg.com/media/Gs8kLRJWkAADrnn.jpg"", ""expanded_url"": ""https://x.com/TheBTCTherapist/status/1931802545317384678/photo/1"", ""video_url"": null}]",bitcoin lang:en -filter:retweets -filter:replies,Latest
1931802527902900530,https://x.com/KDN444/status/1931802527902900530,2025-06-08T19:56:28+00:00,2025-06-08,1487511942889492483,KDN444,KDN,1286,False,en,Bitcoin Weirdos are 🔥. https://t.co/bDLlQMvYok,5,6,42,1,0,2496,False,1931802527902900530,Twitter for Android,"[{""type"": ""photo"", ""url"": ""https://pbs.twimg.com/media/Gs8kKYAakAAgJ2B.jpg"", ""expanded_url"": ""https://x.com/KDN444/status/1931802527902900530/photo/1"", ""video_url"": null}]",bitcoin lang:en -filter:retweets -filter:replies,Latest
1931802511939440786,https://x.com/solanapoet/status/1931802511939440786,2025-06-08T19:56:24+00:00,2025-06-08,1464400811300212736,solanapoet,degen poet,30655,True,en,"you can’t just have X amount of money &amp; 51% attack bitcoin. you have to have the equivalent in physical mining machines, all humming along to the right tune. the sheer scale of the facilities would require years &amp; years to build. you’d have to dedicate your life to the chance",0,1,14,0,0,624,False,1931802511939440786,Twitter for iPhone,[],bitcoin lang:en -filter:retweets -filter:replies,Latest
1931802388282642912,https://x.com/Vuarnet_/status/1931802388282642912,2025-06-08T19:55:55+00:00,2025-06-08,1885352516910784512,Vuarnet_,Cryptọ Wọọɗyz,12356,True,en,"#Bitcoin • Oct ’23: $27,000 → $73,000 (+170%) • Oct ’24: $63,000 → $109,000 (+73%) • May ’25: $110,000 → ???$ #Bullrun2025 https://t.co/vwcJmngNZO",0,5,3,1,0,154,False,1931802388282642912,Twitter for iPhone,"[{""type"": ""photo"", ""url"": ""https://pbs.twimg.com/media/Gs8kCE3X0AA0KXl.jpg"", ""expanded_url"": ""https://x.com/Bit_Montie/status/1931802388282642912/photo/1"", ""video_url"": null}]",bitcoin lang:en -filter:retweets -filter:replies,Latest
1931863550974194068,https://x.com/cookiebot_ai/status/1931863550974194068,2025-06-08T23:58:57+00:00,2025-06-08,1267469212949217280,cookiebot_ai,Cookie.AI,305,False,en,"$SOL price at $152 with SMA indicating a stable trend, RSI neutral at 54.99, MACD showing bullish momentum, and FVG levels at Upper: $153.06, Lower: $152.20, suggesting potential upward movement. #bitcoin #btc #cryptocurrency #eth #ethereum #web3 #solana https://t.co/NsrYUWAT2Y",0,0,0,0,0,67,False,1931863550974194068,1888459667384487936bhombzz,"[{""type"": ""photo"", ""url"": ""https://pbs.twimg.com/media/Gs9bqVRXkAAsWiZ.jpg"", ""expanded_url"": ""https://x.com/cookiebot_ai/status/1931863550974194068/photo/1"", ""video_url"": null}]",bitcoin lang:en -filter:retweets -filter:replies,Latest
1931863343272464552,https://x.com/OjasGambhiraa/status/1931863343272464552,2025-06-08T23:58:07+00:00,2025-06-08,1282311129893670913,OjasGambhiraa,OG .ink,639,False,en,"Day 3 – Tweet Day 3 of farming $YAP with @newton_xyz 🧠 This isn’t just AI hype — it’s real, composable on-chain logic. hVM + Bitcoin Tunnels = the future is coded, not promised. #MagicNewton #KaitoPoints #CryptoAI #Web3 https://t.co/PVZNhLQ0LE",0,1,2,0,0,180,False,1931863343272464552,Twitter for iPhone,"[{""type"": ""photo"", ""url"": ""https://pbs.twimg.com/media/Gs9bd7ZWgAAfvRo.jpg"", ""expanded_url"": ""https://x.com/OjasGambhiraa/status/1931863343272464552/photo/1"", ""video_url"": null}]",bitcoin lang:en -filter:retweets -filter:replies,Latest
1931863255930323406,https://x.com/alliseeis_W/status/1931863255930323406,2025-06-08T23:57:47+00:00,2025-06-08,811497060079833089,alliseeis_W,alliseeisW,6441,True,en,"🍌📈 $CLSK “banana squeeze” loading… • Inverse cup-&-handle breakout primed • June retest➡️ $15 - handle rim • July thrust ➡️ $25 • Projection ➡️ $40+ as #Bitcoin enters new price-discovery in 2025 • Weekly MACD flips green, RSI crosses 50 = momentum tailwind Bears about to slip on this peel and smash the buyback. 🚀 #CLSK #Miners #CryptoTA",3,3,55,0,3,4724,False,1931863255930323406,Twitter Web App,"[{""type"": ""photo"", ""url"": ""https://pbs.twimg.com/media/Gs9bDA3aEAAP9DE.jpg"", ""expanded_url"": ""https://x.com/alliseeis_W/status/1931863255930323406/photo/1"", ""video_url"": null}]",bitcoin lang:en -filter:retweets -filter:replies,Latest
1931863175240057269,https://x.com/ChrisCyberBTC/status/1931863175240057269,2025-06-08T23:57:27+00:00,2025-06-08,1831308577585156096,ChrisCyberBTC,ChrisCyber⚡,1820,True,en,"Your audience is your asset. Educate them in Bitcoin, and you both get richer. ⚡ https://t.co/VkvprATNWg",0,6,11,0,0,91,False,1931863175240057269,Twitter for Android,"[{""type"": ""photo"", ""url"": ""https://pbs.twimg.com/media/Gs9bUPLWQAAs6vw.jpg"", ""expanded_url"": ""https://x.com/ThinkCryptoVIP/status/1931863175240057269/photo/1"", ""video_url"": null}]",bitcoin lang:en -filter:retweets -filter:replies,Latest
1931863100065816698,https://x.com/lborderpulse/status/1931863100065816698,2025-06-08T23:57:09+00:00,2025-06-08,1572613791963320325,lborderpulse,LBOrderPulse,3910,True,en,BTC Liquidation Levels #btc #bitcoin #btcusdt #crypto #cryptocurrency https://t.co/vKshwrI2mp,0,0,9,0,0,481,False,1931863100065816698,Twitter Web App,"[{""type"": ""photo"", ""url"": ""https://pbs.twimg.com/media/Gs9bP5eawAEdYkc.jpg"", ""expanded_url"": ""https://x.com/lborderpulse/status/1931863100065816698/photo/1"", ""video_url"": null}, {""type"": ""photo"", ""url"": ""https://pbs.twimg.com/media/Gs9bP5iacAANsVH.jpg"", ""expanded_url"": ""https://x.com/lborderpulse/status/1931863100065816698/photo/1"", ""video_url"": null}]",bitcoin lang:en -filter:retweets -filter:replies,Latest
1931863005593051611,https://x.com/joaopedronbello/status/1931863005593051611,2025-06-08T23:56:47+00:00,2025-06-08,1184943930040897541,joaopedronbello,João Pedro Bello | Bitflow 🌊🏄‍♂️,3937,True,en,"Nobody wants to be Ethereum anymore. Now, everyone wants to be Bitcoin. Ordinals, Runes, DeFi, on-chain stablecoins… Security, scarcity, and an unstoppable narrative. The standard is back — stronger than ever. $DOG #bitcoin https://t.co/vOrQauICm1",3,2,25,0,1,582,False,1931863005593051611,Twitter Web App,"[{""type"": ""photo"", ""url"": ""https://pbs.twimg.com/media/Gs9ayVCWcAAbnyU.png"", ""expanded_url"": ""https://x.com/joaopedronbello/status/1931863005593051611/photo/1"", ""video_url"": null}]",bitcoin lang:en -filter:retweets -filter:replies,Latest
1931862977197523301,https://x.com/NavajTasy/status/1931862977197523301,2025-06-08T23:56:40+00:00,2025-06-08,1534935762042511362,NavajTasy,hollyjane.eth 🦇🔊,1846,True,en,"""To the moon""🌛or Where Lambo?"" Forecasts for Bitcoin price development from grok without financial advice 🔎📃 🫴https://t.co/51XK0dHukq [AI Bing, DALL-E 3] https://t.co/TCfeCwp8Cm",2,1,9,0,1,127,False,1931862977197523301,Twitter for Android,"[{""type"": ""photo"", ""url"": ""https://pbs.twimg.com/media/Gs9bI5DXsAAH-P7.jpg"", ""expanded_url"": ""https://x.com/NavajTasy/status/1931862977197523301/photo/1"", ""video_url"": null}]",bitcoin lang:en -filter:retweets -filter:replies,Latest
1931862968142069941,https://x.com/CryptoAnu_/status/1931862968142069941,2025-06-08T23:56:38+00:00,2025-06-08,1546613469310492673,CryptoAnu_,Crypto.Anu🎰🍌,29617,False,en,🚨 GIVEAWAY EXTENDED! 🚨 I’ve decided to extend the $300 giveaway until next Saturday – more time for everyone to join! 💸 Winner will be picked then 🎉 To enter: ✅ Like 🔁 Retweet 💬 Tag 1 friend in the comments #CryptoGiveaway #Bitcoin #Ethereum #Web3 #Crypto #Airdrop,4,3,5,0,1,458,False,1931862968142069941,Twitter Web App,[],bitcoin lang:en -filter:retweets -filter:replies,Latest
1931862939411362185,https://x.com/coolab2010/status/1931862939411362185,2025-06-08T23:56:31+00:00,2025-06-08,129180101,coolab2010,Ray,96,False,en,"$HYLX HyperSwap AI: An Overview HyperSwap AI is an innovative, AI-powered, and non-custodial cryptocurrency exchange platform designed to facilitate instant digital asset swaps. It distinguishes itself by eliminating the need for sign-ups or Know Your Customer (KYC) verification, streamlining the trading process for users. Core Technology and Features At its heart, HyperSwap AI leverages advanced artificial intelligence to optimize various aspects of cryptocurrency trading. The platform dynamically identifies the most favorable liquidity sources across multiple blockchains, ensuring that users always receive the most competitive exchange rates. This AI-driven approach also plays a crucial role in minimizing slippage, a common issue in decentralized exchanges where the price of an asset changes between the time an order is placed and when it is executed. The platform’s core functionalities include: •AI-Powered Optimization: Utilizes artificial intelligence for real-time decision-making, optimizing price discovery and maximizing trade efficiency. •Non-Custodial Swaps: Users maintain full control over their assets throughout the swapping process, as the platform does not hold user funds. •Instant Digital Asset Swaps: Facilitates rapid exchanges of cryptocurrencies, enhancing user experience and responsiveness. •No Sign-ups or KYC: Offers a privacy-centric approach by removing traditional barriers to entry, allowing for immediate access to trading. •Multi-Blockchain Access: Provides access to the best prices across various blockchains, expanding trading opportunities for users. •Robust and Scalable Infrastructure: Built to handle high volumes of transactions, ensuring reliability and performance. Market Position and Performance As of June 8, 2025, HyperSwap AI (HYLX) holds a market capitalization of approximately $1,541,884, ranking it at #3213 on CoinGecko. The platform has demonstrated significant market activity, with a daily trading volume of $292,238. Notably, HYLX has shown strong price performance, outperforming both the global cryptocurrency market and similar Solana Ecosystem cryptocurrencies with a 200.00% price increase over the last seven days. HYLX tokens are primarily traded on decentralized exchanges, with Meteora being the most active platform for the HYLX/SOL trading pair. The token has experienced an all-time high of $0.002982 and an all-time low of $0.000394, currently trading 48.28% below its peak and 291.52% above its lowest price. Conclusion HyperSwap AI presents itself as a compelling solution in the decentralized finance space, offering an efficient, secure, and user-friendly platform for digital asset swaps. Its reliance on AI for optimizing trading parameters, coupled with its non-custodial and no-KYC approach, positions it as a notable player in the evolving landscape of cryptocurrency exchanges. #HYLX #HyperSwapAI #CryptoExchange #AIpowered #NonCustodial #InstantSwaps #NoKYC #DeFi #Blockchain #Crypto #CryptoNews #BlockchainTechnology #DigitalAssets #CryptoTrading #DeFiNews #Web3 #CryptocurrencyNews #Investing #Bitcoin #Ethereum #Solana #SolanaCommunity #SolanaGems",1,0,3,0,1,130,False,1931862939411362185,Twitter for iPhone,[],bitcoin lang:en -filter:retweets -filter:replies,Latest
1931862849225212336,https://x.com/hathbanger/status/1931862849225212336,2025-06-08T23:56:10+00:00,2025-06-08,28226407,hathbanger,hathbanger,6824,True,en,"🧪 Introducing Alkamist: a new experiment in luck-based token mining, powered by the Alkanes metaprotocol from @oylwallet. No L2s, no sidechains—just pure Bitcoin and real smart contracts. Here’s what makes it special 👇",55,53,317,34,72,141512,False,1931862849225212336,Twitter Web App,[],bitcoin lang:en -filter:retweets -filter:replies,Latest
1931862466960498727,https://x.com/DarikVariks/status/1931862466960498727,2025-06-08T23:54:39+00:00,2025-06-08,1586384255571173376,DarikVariks,Darik Variks,69,False,en,"Native staking for $MOTO, on Bitcoin. This is what we’ve been waiting for. Powered by @opnetbtc 🍊💊 #opnet #OP_NET 🍊💊 $MOTO @opnetbtc @motoswap",17,18,17,0,0,78,False,1931862466960498727,Twitter Web App,[],bitcoin lang:en -filter:retweets -filter:replies,Latest
1931862380436439094,https://x.com/cuixatribe/status/1931862380436439094,2025-06-08T23:54:18+00:00,2025-06-08,1547490244592734208,cuixatribe,"xuis chu | 🍊,💊 |",23,False,en,Yield farming isn’t just for EVM anymore. It’s live on Bitcoin with @opnetbtc. #UnbreakableDONBELLE,0,0,2,0,0,37,False,1931862380436439094,Twitter Web App,[],bitcoin lang:en -filter:retweets -filter:replies,Latest
1931862352254681388,https://x.com/HonkCTO/status/1931862352254681388,2025-06-08T23:54:11+00:00,2025-06-08,1562210640072019968,HonkCTO,Honk🔪,1134,True,en,HONKers will be rewarded 💎👐 #Bitcoin #Crypto #memecoin #Solana https://t.co/kP9s2EhS1u,5,8,21,0,2,296,False,1931862352254681388,Twitter for Android,"[{""type"": ""photo"", ""url"": ""https://pbs.twimg.com/media/Gs9akoKXwAE6V6H.jpg"", ""expanded_url"": ""https://x.com/HonkCTO/status/1931862352254681388/photo/1"", ""video_url"": null}]",bitcoin lang:en -filter:retweets -filter:replies,Latest
1931862253395226882,https://x.com/alliseeis_W/status/1931862253395226882,2025-06-08T23:53:48+00:00,2025-06-08,811497060079833089,alliseeis_W,alliseeisW,6441,True,en,"📈 Calling the next $MSTR leg: • Breakout targets $450 next week • Retest $550 in June/July as cup-handle rim with 9 to 21 weekly MA golden crossing and weekly MACD flip • Macro cycle path to $1,000+ in 2025 — fueled by Saylor’s endless orange 🟧 and $BTC supply crunch Strap in—this squeeze is just heating up. 🚀 #MSTR #Bitcoin #ShortSqueeze",0,2,9,0,1,1139,False,1931862253395226882,Twitter Web App,"[{""type"": ""photo"", ""url"": ""https://pbs.twimg.com/media/Gs9aeRgbkAAOIMR.jpg"", ""expanded_url"": ""https://x.com/alliseeis_W/status/1931862253395226882/photo/1"", ""video_url"": null}]",bitcoin lang:en -filter:retweets -filter:replies,Latest
1931862209287598554,https://x.com/henryclara434/status/1931862209287598554,2025-06-08T23:53:37+00:00,2025-06-08,1818972540980887553,henryclara434,Clara Henry,303,False,en,"The biggest adventure you can ever take is to live the life of your dreams,the only limit to our realization of tomorrow will be our doubts of today #bitcoin https://t.co/WSorRnZUaR",0,0,10,0,0,729,False,1931862209287598554,Twitter for Android,"[{""type"": ""photo"", ""url"": ""https://pbs.twimg.com/media/Gs9abYdXwAAvfl-.jpg"", ""expanded_url"": ""https://x.com/henryclara434/status/1931862209287598554/photo/1"", ""video_url"": null}, {""type"": ""photo"", ""url"": ""https://pbs.twimg.com/media/Gs9abdIXkAEI9xx.jpg"", ""expanded_url"": ""https://x.com/henryclara434/status/1931862209287598554/photo/1"", ""video_url"": null}, {""type"": ""photo"", ""url"": ""https://pbs.twimg.com/media/Gs9abmnXYAA7GUI.jpg"", ""expanded_url"": ""https://x.com/henryclara434/status/1931862209287598554/photo/1"", ""video_url"": null}]",bitcoin lang:en -filter:retweets -filter:replies,Latest
1931862200253374707,https://x.com/alliseeis_W/status/1931862200253374707,2025-06-08T23:53:35+00:00,2025-06-08,811497060079833089,alliseeis_W,alliseeisW,6441,True,en,"📈 Calling the next $MSTR leg: • Breakout targets $450 next week • Retest $550 in June/July as cup-handle rim with 9 to 21 weekly MA golden crossing and weekly MACD flip • Macro cycle path to $1,000+ in 2025 — fueled by Saylor’s endless orange 🟧 and $BTC supply crunch Strap in—this squeeze is just heating up. 🚀 #MSTR #Bitcoin #ShortSqueeze",0,1,8,0,1,946,False,1931862200253374707,Twitter Web App,"[{""type"": ""photo"", ""url"": ""https://pbs.twimg.com/media/Gs9aX6AacAAn4mu.jpg"", ""expanded_url"": ""https://x.com/alliseeis_W/status/1931862200253374707/photo/1"", ""video_url"": null}]",bitcoin lang:en -filter:retweets -filter:replies,Latest
1931861866654859473,https://x.com/CryptoSays/status/1931861866654859473,2025-06-08T23:52:15+00:00,2025-06-08,879546046430552064,CryptoSays,Joe Mitoshi 👨🏻‍🚀,94405,True,en,"Told you about this back in November 2024... Now remember this chart next time people get all emotional calling 150K ""Just because that's what Bitcoin did in the past"", some are still waiting for the ""Halving Cycle"". Remember this chart next time people get all emotional calling 15K. Follow the trend, trade the trend, period! 🪐",8,36,87,1,34,17937,False,1931861866654859473,Twitter Web App,"[{""type"": ""photo"", ""url"": ""https://pbs.twimg.com/media/Gs9aFOeXAAAMdbt.jpg"", ""expanded_url"": ""https://x.com/CryptoSays/status/1931861866654859473/photo/1"", ""video_url"": null}]",bitcoin lang:en -filter:retweets -filter:replies,Latest
1931861692658614656,https://x.com/gigagriff/status/1931861692658614656,2025-06-08T23:51:34+00:00,2025-06-08,485361628,gigagriff,Griff (dcamarkets.com enjoyer),17616,False,en,. $GIGA combines the best aspects of $BTC $DOGE and $XRP A “movement” like bitcoin Memetics and virality of $DOGE “Business” that makes sense to normies like $XRP The Big One🗿,7,5,59,0,1,1640,False,1931861692658614656,Twitter for iPhone,[],bitcoin lang:en -filter:retweets -filter:replies,Latest
1931861667421237623,https://x.com/cryptorebel_SV/status/1931861667421237623,2025-06-08T23:51:28+00:00,2025-06-08,1087674049331834881,cryptorebel_SV,Truth_Machine,9353,False,en,"They want us dead, simply because we supported Satoshi's vision for #Bitcoin #BSV and Satoshi's whitepaper and quotes which describes how the true Bitcoin system works. What is wrong with these psychos. I think they are possessed with devils, its the only logical explanation: https://t.co/v2Mc52uQNU",4,7,41,1,3,5142,False,1931861667421237623,Twitter Web App,"[{""type"": ""photo"", ""url"": ""https://pbs.twimg.com/media/Gs9YpkUXwAElOeL.jpg"", ""expanded_url"": ""https://x.com/cryptorebel_SV/status/1931861667421237623/photo/1"", ""video_url"": null}, {""type"": ""photo"", ""url"": ""https://pbs.twimg.com/media/Gs9YvCwXEAAuntD.jpg"", ""expanded_url"": ""https://x.com/cryptorebel_SV/status/1931861667421237623/photo/1"", ""video_url"": null}, {""type"": ""photo"", ""url"": ""https://pbs.twimg.com/media/Gs9YxrRXMAAPBva.jpg"", ""expanded_url"": ""https://x.com/cryptorebel_SV/status/1931861667421237623/photo/1"", ""video_url"": null}, {""type"": ""photo"", ""url"": ""https://pbs.twimg.com/media/Gs9ZHgzWAAAFye9.png"", ""expanded_url"": ""https://x.com/cryptorebel_SV/status/1931861667421237623/photo/1"", ""video_url"": null}]",bitcoin lang:en -filter:retweets -filter:replies,Latest
1931861652472844560,https://x.com/Oldhorse8757/status/1931861652472844560,2025-06-08T23:51:24+00:00,2025-06-08,1683570905002409991,Oldhorse8757,Old Horse,685,True,en,Good Morning Mint site: https://t.co/qtzbq0lOcx Geisha Mint - https://t.co/HTbgB55Uwe Telegram: https://t.co/ddil8Yk1HU Mint Geishas - https://t.co/LFsfGVtX67 $TARO token: https://t.co/6dZ99Q9ljT #NFT #NFTs #Crypt #Cryptocurrency #Bitcoin #Ethereum #Shiba #ShibaInu #Bone #Leash #Shibacals #Mantra #NFTCommunity #Shibarium #Hoichi #TARO,0,0,2,0,0,28,False,1931861652472844560,Twitter Web App,"[{""type"": ""photo"", ""url"": ""https://pbs.twimg.com/media/Gs9Z30QXAAERIJs.jpg"", ""expanded_url"": ""https://x.com/ShibaGeishas/status/1931861652472844560/photo/1"", ""video_url"": null}]",bitcoin lang:en -filter:retweets -filter:replies,Latest
1931924121329508575,https://x.com/gildedpleb/status/1931924121329508575,2025-06-09T03:59:38+00:00,2025-06-09,1605708138866479106,gildedpleb,Gilded Pleb,874,True,en,There was no point making these cars. All that money should have been invested in bitcoin.,0,0,2,0,0,172,False,1931924121329508575,Twitter Web App,[],bitcoin lang:en -filter:retweets -filter:replies,Latest
1931924085405045007,https://x.com/PoisedM1/status/1931924085405045007,2025-06-09T03:59:30+00:00,2025-06-09,1644589248643756033,PoisedM1,poised.sol,5327,True,en,Bitcoin used to be just crypto https://t.co/cJD1UxV5Tz,0,0,2,0,0,136,False,1931924085405045007,Twitter for iPhone,"[{""type"": ""photo"", ""url"": ""https://pbs.twimg.com/media/Gs-StzFXsAAdT9L.jpg"", ""expanded_url"": ""https://x.com/PoisedM1/status/1931924085405045007/photo/1"", ""video_url"": null}, {""type"": ""photo"", ""url"": ""https://pbs.twimg.com/media/Gs-StzFW8AA4FQj.jpg"", ""expanded_url"": ""https://x.com/PoisedM1/status/1931924085405045007/photo/1"", ""video_url"": null}]",bitcoin lang:en -filter:retweets -filter:replies,Latest
1931923936754667878,https://x.com/1kaylanii/status/1931923936754667878,2025-06-09T03:58:54+00:00,2025-06-09,1501872840173395968,1kaylanii,.kayy | (rise up arc) ✦,2200,True,en,"Bitcoin tokens now launch in seconds with RuneShot on @NEARProtocol no gas, no bridges, just smooth DeFi.",0,4,4,1,0,193,False,1931923936754667878,Twitter for iPhone,[],bitcoin lang:en -filter:retweets -filter:replies,Latest
1931923648476037241,https://x.com/Achari_Nimboo/status/1931923648476037241,2025-06-09T03:57:45+00:00,2025-06-09,115048157,Achari_Nimboo,Kru,14726,False,en,Bas uss daulat se thode reliance ke shares aur Bitcoin de dena. 🤭 Link profile me hai 🤣,0,2,4,0,0,216,False,1931923648476037241,Twitter for Android,[],bitcoin lang:en -filter:retweets -filter:replies,Latest
1931923591723200567,https://x.com/kogafighterEX/status/1931923591723200567,2025-06-09T03:57:32+00:00,2025-06-09,1486279338945232904,kogafighterEX,こがぽん,674,False,en,"I was shot all over the ‘ERRAI’ server! My name is ‘kogapon’! Nice to meet you, please, ！！！！！ I made the guild logo M with everyone! @vip_hokage #MaplestoryU #MaplestoryN #NXPC #Bitcoin #CryptoM https://t.co/phC0PV9q9V",0,0,2,0,0,151,False,1931923591723200567,Twitter Web App,"[{""type"": ""photo"", ""url"": ""https://pbs.twimg.com/media/Gs-RrRlaoAAD15E.jpg"", ""expanded_url"": ""https://x.com/kogafighterEX/status/1931923591723200567/photo/1"", ""video_url"": null}]",bitcoin lang:en -filter:retweets -filter:replies,Latest
1931923561612189944,https://x.com/rohitdotsui/status/1931923561612189944,2025-06-09T03:57:25+00:00,2025-06-09,1750750425605898240,rohitdotsui,rohitxbt,2255,True,en,"“Bitcoin is powerful, but idle. @satlayer changes that.” 1/ Bitcoin is the most secure, trusted, and decentralized asset in crypto. But here’s the issue: most of it just sits idle there. No yield. No utility. No contribution to decentralized ecosystems. 2/ While ETH, SOL, and others are working hard in DeFi, Bitcoin’s capital is mostly passive. Billions in BTC = dormant. What if Bitcoin could work — without compromising its principles? That’s where SatLayer comes in. 3/ SatLayer lets you restake your Bitcoin — native or liquid — to secure decentralized applications while earning rewards (called sats²) 📈 It’s like staking, but designed for BTC and without wrapping or leaving the network. 4/ No bridges. No custodians. No synthetic assets. Just pure BTC doing real work through a system called Bitcoin Validated Services (BVS). 5/ sats² isn’t a token It tracks your early contribution and unlocks ecosystem benefits: Airdrops Governance perks Protocol access Future utility 6/ SatLayer is built on @babylon_chain — a platform that makes Bitcoin programmable without changing Bitcoin itself. BTC remains secure, decentralized, and untouched. But now, it's active and productive 🔥 9/ So what’s the impact? • Bitcoin becomes more than digital gold • It becomes a working part of DeFi infrastructure • And finally, holders get to earn without leaving Bitcoin Restake. Earn sats². Secure Web3. @satlayer @KaitoAI @Cryptowithkhan @Annnkkyyyy @encrypt_wizard Like and comment this post and say gsat 🫶",0,6,6,0,0,158,False,1931923561612189944,Twitter for Android,"[{""type"": ""photo"", ""url"": ""https://pbs.twimg.com/media/Gs-SOUAa4AAImCL.jpg"", ""expanded_url"": ""https://x.com/rohit191811/status/1931923561612189944/photo/1"", ""video_url"": null}]",bitcoin lang:en -filter:retweets -filter:replies,Latest
1931923459598069886,https://x.com/amirkalantari33/status/1931923459598069886,2025-06-09T03:57:00+00:00,2025-06-09,1378627475618553859,amirkalantari33,AMIR,63,False,en,When charts speak: Bitcoin outperforms gold in every metric. #Bitcoin #Gold #Crypto #DigitalGold https://t.co/MaP1cvanX9,0,0,2,0,0,30,False,1931923459598069886,Twitter for Android,"[{""type"": ""video"", ""url"": ""https://pbs.twimg.com/ext_tw_video_thumb/1931923371874299904/pu/img/_kG-k48pW-g-WoEe.jpg"", ""expanded_url"": ""https://x.com/amirkalantari33/status/1931923459598069886/video/1"", ""video_url"": ""https://video.twimg.com/ext_tw_video/1931923371874299904/pu/vid/avc1/1280x720/0JDKdJElJHuR96Z5.mp4?tag=12""}]",bitcoin lang:en -filter:retweets -filter:replies,Latest
1931923319294468580,https://x.com/domainname/status/1931923319294468580,2025-06-09T03:56:27+00:00,2025-06-09,1349791,domainname,Jack@DN.com,7372,True,en,Bitcoin to the moon https://t.co/M4CdyVwUPH for sale at https://t.co/QC9h1ZxZiS,1,0,13,0,0,846,False,1931923319294468580,Twitter for iPhone,[],bitcoin lang:en -filter:retweets -filter:replies,Latest
1931923256430510187,https://x.com/KuCoinFutures/status/1931923256430510187,2025-06-09T03:56:12+00:00,2025-06-09,1131747226470871040,KuCoinFutures,KuCoin Futures ⚡️,64062,True,en,"🔥Market Highights - June 9 🔹#TRUMP token partners with WLFI, which plans long-term holding. 🔹Trump Media registers up to $12B in new securities via S-3 filing, potentially for #Bitcoin purchases 🔹#BTC rose alongside U.S. stock indexes on Friday, extending gains into a weekend rally. 🔹ETH/BTC remains range-bound. 🔹Swiss government approves law enabling automatic crypto asset info exchange with 74 partners. 🔹U.S. SEC to host “DeFi and the American Spirit” roundtable on June 9. 🔹Apple, X, Airbnb exploring crypto adoption.",4,0,8,0,0,760,False,1931923256430510187,Twitter Web App,"[{""type"": ""photo"", ""url"": ""https://pbs.twimg.com/media/Gs-QZUSbUAA1PUU.jpg"", ""expanded_url"": ""https://x.com/KuCoinFutures/status/1931923256430510187/photo/1"", ""video_url"": null}]",bitcoin lang:en -filter:retweets -filter:replies,Latest
1931923143947411836,https://x.com/VictorB39400/status/1931923143947411836,2025-06-09T03:55:45+00:00,2025-06-09,1859273949973995520,VictorB39400,CryptoInsightPro,732,True,en,"One day, everyone will know about Bhutan and how they quietly build their wealth, buying Bitcoin when no one is paying attention. #Bitcoin #Crypto",0,0,1,0,0,187,False,1931923143947411836,Twitter for Android,[],bitcoin lang:en -filter:retweets -filter:replies,Latest
1931923037387190375,https://x.com/redkitepad/status/1931923037387190375,2025-06-09T03:55:20+00:00,2025-06-09,1110616526057426944,redkitepad,Red Kite Launchpad,468597,False,en,"🔥 Market Recap – June 9, 2025 ⚡️ Bitcoin rebounds right away to $106K after plunging to $100K amid the Musk–Trump feud. 🌧 President Trump declares his relationship with Elon Musk is “over” and warns of “serious consequences” if Musk supports Democrats. 🤫 Trump says he will soon announce the next Federal Reserve Chair — a decision that could shape U.S. monetary policy ahead of the election. 💸 Michael Saylor hints at more BTC buys. His firm, Strategy, now holds 580,955 BTC worth ~$61.3B. 🔈 Tether CEO Paolo Ardoino says a potential IPO could value the firm at $515B — higher than Costco or Coca-Cola — but states there's no need to go public as their business model remains highly effective. 🔗 Cetus Protocol relaunches post-hack with a recovery plan: • 85–99% liquidity restoration • $30M loan from Sui Foundation • 15% CETUS token allocation for affected users (starting June 8) ⭐️ Pumpdotfun will distribute protocol revenue to $PUMP holders and may adopt a buyback-driven utility model. 🗓 Macro Calendar • June 9 – 2nd round of US–China trade negotiations takes place in London • June 11 – 12:30 PM UTC – US May CPI data release • CPI YoY (Forecast: 2.5%, Previous: 2.3%) • Core CPI YoY (Forecast: 2.9%, Previous: 2.8%) • June 12 – 12:30 PM UTC – US May PPI data release • PPI YoY (Forecast: 2.6%, Previous: 2.4%) • Core PPI YoY (Forecast: 3.0%, Previous: 3.1%) • June 13 – University of Michigan to release US Consumer Sentiment Index and Inflation Expectations for June 📈 Market Snapshot • $BTC: around $105K • $ETH: around $2,500 • Altcoins: stay still • BTCDOM: 64.64% • Total Market Cap: $3.3T • Fear & Greed Index: 55 – Neutral • Altcoin Index: 29 🕯 ETF Flow (June 6) • BTC: -$47.8M (Blackrock sold; Fidelity, Bitwise, Ark, VanEck Grayscale bought) • ETH: +$23.3M (Blackrock, Grayscale bought)",0,5,5,0,0,1303,False,1931923037387190375,Twitter Web App,"[{""type"": ""photo"", ""url"": ""https://pbs.twimg.com/media/Gs-Rv18asAAZ1v2.jpg"", ""expanded_url"": ""https://x.com/redkitepad/status/1931923037387190375/photo/1"", ""video_url"": null}]",bitcoin lang:en -filter:retweets -filter:replies,Latest
1931922965840757191,https://x.com/WuBlockchain/status/1931922965840757191,2025-06-09T03:55:03+00:00,2025-06-09,111533746,WuBlockchain,Wu Blockchain,557035,True,en,"From June 2 to June 6 (ET), spot Bitcoin ETFs saw a net outflow of $129 million, with Fidelity’s FBTC leading the outflows at $168 million. In contrast, spot Ethereum ETFs recorded a net inflow of $281 million for the week, with all nine ETFs posting positive inflows — marking four consecutive weeks of net inflows. https://t.co/6uLEKKEmw6",6,25,43,2,0,14244,False,1931922965840757191,Twitter Web App,[],bitcoin lang:en -filter:retweets -filter:replies,Latest
1931922702467797299,https://x.com/Kylechasse/status/1931922702467797299,2025-06-09T03:54:00+00:00,2025-06-09,1187664208160124930,Kylechasse,Kyle Chassé 🐸,289619,True,en,"🪙COINBASE CEO SAYS THAT BITCOIN IS A BETTER FORM OF MONEY THAN GOLD I agree, but it never hurts to spread your assets across multiple areas. https://t.co/bHjy8qfkit",6,23,85,0,2,6830,False,1931922702467797299,Twitter Web App,"[{""type"": ""video"", ""url"": ""https://pbs.twimg.com/amplify_video_thumb/1931914553186746368/img/voclJE2G0UXOozvt.jpg"", ""expanded_url"": ""https://x.com/kyle_chasse/status/1931922702467797299/video/1"", ""video_url"": ""https://video.twimg.com/amplify_video/1931914553186746368/vid/avc1/1280x720/wkvwzNi8Hgw9mrEp.mp4?tag=21""}]",bitcoin lang:en -filter:retweets -filter:replies,Latest
1931922547332833765,https://x.com/HaileyLennonBTC/status/1931922547332833765,2025-06-09T03:53:23+00:00,2025-06-09,3740778132,HaileyLennonBTC,Hailey Lennon,100499,True,en,My timeline is a weird combination of LA riots and cop cars in flames and then the bitcoin symbol and price charts GN,0,22,49,0,1,2179,False,1931922547332833765,Twitter for iPhone,[],bitcoin lang:en -filter:retweets -filter:replies,Latest
1931922516530049319,https://x.com/TKDOG1996/status/1931922516530049319,2025-06-09T03:53:15+00:00,2025-06-09,1832920327221018624,TKDOG1996,ɴɪᴄʜᴏʟᴀꜱ🇹🇭 🄳🄾🄶 $🪙,964,False,en,$DOG (Bitcoin)🫡,0,0,3,0,0,23,False,1931922516530049319,Twitter for Android,[],bitcoin lang:en -filter:retweets -filter:replies,Latest
1931922124484034831,https://x.com/1kaylanii/status/1931922124484034831,2025-06-09T03:51:42+00:00,2025-06-09,1501872840173395968,1kaylanii,.kayy | (rise up arc) ✦,2200,True,en,". @NEARProtocol is quietly becoming Web3’s backbone, 600ms blocks, gasless UX, social logins, and chain native AI. From RuneShot’s Bitcoin tokenization to Infinex’s trading and Rhea’s yield, it’s real, fast, and happening.",0,5,4,1,0,199,False,1931922124484034831,Twitter for iPhone,[],bitcoin lang:en -filter:retweets -filter:replies,Latest
1931921715543826682,https://x.com/p0stc4p0n3/status/1931921715543826682,2025-06-09T03:50:05+00:00,2025-06-09,1487512410474876933,p0stc4p0n3,Post Capone,6989,False,en,"Bitcoin Core is done But…ya know…if they wouldn’t mind addressing that CVE so we can patch knots, that would be really appreciated",0,2,6,0,0,322,False,1931921715543826682,Twitter for iPhone,[],bitcoin lang:en -filter:retweets -filter:replies,Latest
1931921697843847215,https://x.com/TheBitcoin__/status/1931921697843847215,2025-06-09T03:50:00+00:00,2025-06-09,2411500460,TheBitcoin__,The ₿itcoin⚡️Libertarian,27952,True,en,"Nobody is noticing this, but bitcoin has been over 100k USD since more than one month...",1,4,20,0,0,529,False,1931921697843847215,Twitter Web App,[],bitcoin lang:en -filter:retweets -filter:replies,Latest
1931921643884179908,https://x.com/Maksimoos/status/1931921643884179908,2025-06-09T03:49:47+00:00,2025-06-09,113781821,Maksimoos,Corini (base.eth),1066,True,en,"With the early presidential election and the launch of a new government, all we can do now is hope for better governance. In line with the new administration, I’m reviewing and adjusting my portfolio and taking stock of the asset markets. The new government has signaled aggressive fiscal expansion, promising large-scale support for small businesses and household livelihoods. Programs like the nationwide 250,000 KRW “Livelihood Recovery Payment” and support for Itaewon disaster victims have already been announced, with a supplementary budget also expected. With more money flowing into the economy, a decline in the value of the Korean won seems likely. That’s why I plan to maintain my allocation to dollar-denominated assets. Between US stocks and Bitcoin, Bitcoin actually looks more promising, given the likely sideways movement in US equities. Real estate polarization will likely accelerate. Prime residential properties in Seoul will become even more attractive, while a rebound in commercial or regional real estate seems unlikely. If Korea follows Japan’s path, owning a single high-quality residential property in a prime location will be essential. Considering the property price surge under the previous progressive government, those “one solid home” assets could become unaffordable in a few years. Of course, real estate policy is a key variable, so I’ll be keeping an eye on that. Personally, I don’t see clear new growth engines for Korea’s future economy. Despite ambitions to become a top-three AI powerhouse, the reality looks tough. Our main industries—semiconductors, autos, shipbuilding—are already being caught up by China and other competitors. With working hours set to decrease further, productivity gains will be hard to achieve. Still, stock markets don’t always move in lockstep with the real economy. Whether we see KOSPI 5000 or not, the government is likely to roll out more capital market reforms and stock-boosting measures. With ample liquidity and a rising real estate market, I think many people will continue to see “wealth accumulation through domestic stocks → real estate purchase” as the path forward, so Korean equities could still rise. Since I’m not great at picking individual stocks, I’ll stick with KOSPI or KOSDAQ ETFs. @MirraTerminal @KaitoAI @irys_xyz",1,1,5,0,0,41,False,1931921643884179908,Twitter Web App,[],bitcoin lang:en -filter:retweets -filter:replies,Latest
1931921622367433061,https://x.com/0xLurpis/status/1931921622367433061,2025-06-09T03:49:42+00:00,2025-06-09,722759790393303040,0xLurpis,Lurpis 🧠,4784,True,en,"From an objective perspective, the risk-return ratio of buying undervalued assets is definitely higher. The market value of @Polkadot eco projects is generally underestimated, making it a good catalyst. There is an opportunity for these ecosystem projects to attract more attention and external liquidity through price increases, and the holding by Polkadot Treasury will bring more confidence to holders. When the market value of these projects returns to a reasonable level, the treasury's book income will also rise, allowing for more Bitcoin buybacks (regardless, we really shouldn't buy at BTC ATH). However, the impact on prices requires more rigorous calculations. Currently, the actual calculation is based on trading slippage. Liquidity is usually distributed in multiple places. When a price difference occurs, arbitrage occurs, which results in a relatively large loss of funds. I think it would be more accurate to calculate the price impact directly based on the circulation market value. In any case, I support the idea and believe that developing a @Hydration DCA buyback strategy with more detailed calculations is a highly feasible proposal.",7,6,41,2,1,3075,False,1931921622367433061,Twitter Web App,[],bitcoin lang:en -filter:retweets -filter:replies,Latest
1931984474927145307,https://x.com/Michaelbybitpro/status/1931984474927145307,2025-06-09T07:59:28+00:00,2025-06-09,1736227236,Michaelbybitpro,BybitPro® ( Futures/Spot ),241,False,en,MARKET UPDATE: $BTC Bitcoin has broken out of its descending triangle and is now retesting from above. Holding above the 20 EMA signals potential upside A close back inside the triangle could mean more consolidation ahead. #Bitcoin #Crypto #BTC https://t.co/84r3CAm7dX,1,0,4,1,0,100,False,1931984474927145307,Twitter for Android,"[{""type"": ""photo"", ""url"": ""https://pbs.twimg.com/media/Gs_JoyCXoAAGUv0.jpg"", ""expanded_url"": ""https://x.com/Michaelbybitpro/status/1931984474927145307/photo/1"", ""video_url"": null}]",bitcoin lang:en -filter:retweets -filter:replies,Latest
1931984445923623237,https://x.com/EverdeenArturo/status/1931984445923623237,2025-06-09T07:59:21+00:00,2025-06-09,2713718772,EverdeenArturo,"Arturo Everdeen:) (✸,✸)🔆🔆",54,False,en,"Hemi’s hVM enables novel apps like AI model hashing on Bitcoin. It’s a bold vision, but niche use cases need broader market appeal to drive adoption. @hemi_xyz #HemiNetwork https://t.co/yKb7fwqpim",0,2,0,0,0,40,False,1931984445923623237,Twitter Web App,"[{""type"": ""photo"", ""url"": ""https://pbs.twimg.com/media/Gs_JirobsAApu9c.jpg"", ""expanded_url"": ""https://x.com/EverdeenArturo/status/1931984445923623237/photo/1"", ""video_url"": null}]",bitcoin lang:en -filter:retweets -filter:replies,Latest
1931984436075094241,https://x.com/EmmaReyes0/status/1931984436075094241,2025-06-09T07:59:18+00:00,2025-06-09,351813532,EmmaReyes0,Emma Reyes,4501,False,en,"👉👉👉The latest trading drop good cash out let you see. ✅Practice With a $110,000 Real Cash Balance ✅Trading Starts From $19k ✅Bonus Up To $280,000 ✅Safe And Comfortable, Start Trading Now! @EmmaReyes0 #BITCOIN #TRADING",7,5,21,0,0,219,False,1931984436075094241,Twitter for iPhone,[],bitcoin lang:en -filter:retweets -filter:replies,Latest
1931984427719983594,https://x.com/Aniket_626/status/1931984427719983594,2025-06-09T07:59:16+00:00,2025-06-09,1877999137129656321,Aniket_626,Aniket,179,False,en,"20% discount if you're early $SPWR public sale coming and if u already missed Bitcoin, Ethereum, MATIC, etc... maybe don’t miss this one too 📈 Don’t fade the early round: https://t.co/sfS0J9fJMp",0,0,2,0,0,82,False,1931984427719983594,Twitter for Android,[],bitcoin lang:en -filter:retweets -filter:replies,Latest
1931984342047219840,https://x.com/CryptoJobs3/status/1931984342047219840,2025-06-09T07:58:56+00:00,2025-06-09,1293821182282784776,CryptoJobs3,Crypto_Jobs,41951,True,en,"#TAO - Price Analysis 🟧 General Trend 🟨 Medium/Long term: Neutral (Daily in neutral zone [Kumo/cloud]. Weekly price locked between $395 - $356) Key Levels 🔻 Support zones: $356, $330, $320 🔺 Resistances: $395, $415-$420 Summary ➜ No clear trend. Consolidation inside Kumo on daily ✓ Weekly close and breakout above $415 = bullish potential ✗ No breakout = likely retest of $320–$330 (0.786 fib / 6M wedge support) ⚠️ Risk buying here under $415-420 resistance. Safer to be patient to enter on lower zone (320 - 330$) 500$ to 2500$ copy trading challenge is running! 🚀 Join: 👉 https://t.co/cCAT0yvLQ0 #alt #trading #tao @taoshi_sol $taoshi #taoshi #bitcoin",0,3,2,1,2,879,False,1931984342047219840,Twitter Web App,"[{""type"": ""photo"", ""url"": ""https://pbs.twimg.com/media/Gs_Hc1SXsAA4WJl.png"", ""expanded_url"": ""https://x.com/CryptoJobs3/status/1931984342047219840/photo/1"", ""video_url"": null}, {""type"": ""photo"", ""url"": ""https://pbs.twimg.com/media/Gs_I1YkX0AACBUO.png"", ""expanded_url"": ""https://x.com/CryptoJobs3/status/1931984342047219840/photo/1"", ""video_url"": null}]",bitcoin lang:en -filter:retweets -filter:replies,Latest
1931984277853626759,https://x.com/theedgemalaysia/status/1931984277853626759,2025-06-09T07:58:41+00:00,2025-06-09,19107088,theedgemalaysia,The Edge Malaysia,517387,False,en,Bitcoin buyer Metaplanet jumps on US$5.4b fundraising plan https://t.co/IlfrpkNYqh,0,0,0,0,0,669,False,1931984277853626759,Twitter Web App,[],bitcoin lang:en -filter:retweets -filter:replies,Latest
1931984163843736050,https://x.com/TMdefi/status/1931984163843736050,2025-06-09T07:58:13+00:00,2025-06-09,1815382937845596160,TMdefi,TMdefi,3590,True,en,"One week after introducing my grandad to MagicNewton agent, he made quite a profit, it’s his first year in web3 too Luckily for him bitcoin dipped a little and he set up some wise DCA trades through @newton_xyz Now he’s walking all over town doing money spreads with his profit https://t.co/UHZiaPdvaG",2,15,12,0,0,206,False,1931984163843736050,Twitter for iPhone,"[{""type"": ""photo"", ""url"": ""https://pbs.twimg.com/media/Gs_JWW8W8AA79CK.jpg"", ""expanded_url"": ""https://x.com/TMdefi/status/1931984163843736050/photo/1"", ""video_url"": null}]",bitcoin lang:en -filter:retweets -filter:replies,Latest
1931984106893832613,https://x.com/bc1_anchor/status/1931984106893832613,2025-06-09T07:58:00+00:00,2025-06-09,1910940779276558336,bc1_anchor,anchor,1112,False,en,GM Block #900494 mined Fiat needs trust. Bitcoin runs on math. How are you showing up this Monday? #BTC #GM #StaySovereign,0,2,4,0,0,204,False,1931984106893832613,Twitter Web App,[],bitcoin lang:en -filter:retweets -filter:replies,Latest
1931984056507375734,https://x.com/Phillip74393930/status/1931984056507375734,2025-06-09T07:57:48+00:00,2025-06-09,1557391199132172289,Phillip74393930,Phillip Fuller,70,False,en,Deployed a pool on @motoswap. The Bitcoin DeFi experience is real. #opnet #OP_NET 🍊💊 $MOTO @opnetbtc @motoswap,0,19,18,0,0,61,False,1931984056507375734,Twitter Web App,[],bitcoin lang:en -filter:retweets -filter:replies,Latest
1931983942074147322,https://x.com/streetcyber_art/status/1931983942074147322,2025-06-09T07:57:20+00:00,2025-06-09,849401352996478977,streetcyber_art,Street CY₿ER,15346,True,en,Swinging into the future—Bitcoin lifts the next generation 🚀🧡 https://t.co/MgFK3ax1xP,5,1,23,0,0,993,False,1931983942074147322,tweethunter [X],"[{""type"": ""photo"", ""url"": ""https://pbs.twimg.com/media/Gs_JJ3HXMAAgqDb.jpg"", ""expanded_url"": ""https://x.com/streetcyber_art/status/1931983942074147322/photo/1"", ""video_url"": null}]",bitcoin lang:en -filter:retweets -filter:replies,Latest
1931983939788288035,https://x.com/LearnCryptoUK/status/1931983939788288035,2025-06-09T07:57:20+00:00,2025-06-09,1055408041330438144,LearnCryptoUK,Learning:Crypto,7097,False,en,"𝐂𝐫𝐲𝐩𝐭𝐨/𝐓𝐫𝐚𝐝𝐟𝐢 𝐍𝐞𝐰𝐬: 𝐗𝐑𝐏 𝐀𝐝𝐝𝐞𝐝 𝐭𝐨 𝐍𝐚𝐬𝐝𝐚𝐪 𝐂𝐫𝐲𝐩𝐭𝐨 𝐈𝐧𝐝𝐞𝐱 𝐢𝐧 𝐌𝐚𝐣𝐨𝐫 𝐈𝐧𝐬𝐭𝐢𝐭𝐮𝐭𝐢𝐨𝐧𝐚𝐥 𝐌𝐨𝐯𝐞 XRP has officially joined the Nasdaq Crypto US Settlement Price Index (NCIUS), marking a key milestone for institutional adoption. According to a June 6 SEC filing by Hashdex’s Nasdaq Crypto Index US ETF (NCIQ), the index expanded on June 2, 2025, to include XRP, Cardano (ADA), Solana (SOL), and Stellar Lumens (XLM)—alongside existing constituents Bitcoin (BTC) and Ethereum (ETH). This change broadens exposure for investors and signals growing recognition of top altcoins within regulated ETF frameworks.",1,0,3,0,0,320,False,1931983939788288035,Twitter Web App,[],bitcoin lang:en -filter:retweets -filter:replies,Latest
1931983938781598184,https://x.com/xmrstreet/status/1931983938781598184,2025-06-09T07:57:20+00:00,2025-06-09,1646206389818212371,xmrstreet,xmrstreet.store,869,True,en,Bankers: Bitcoin is bad! Meanwhile bankers: Realizing you're borrowing without them! https://t.co/W4K4pB14xU,0,0,2,0,0,110,False,1931983938781598184,tweethunter [X],"[{""type"": ""photo"", ""url"": ""https://pbs.twimg.com/media/Gs_JJzSXgAAJkQx.jpg"", ""expanded_url"": ""https://x.com/xmrstreet/status/1931983938781598184/photo/1"", ""video_url"": null}]",bitcoin lang:en -filter:retweets -filter:replies,Latest
1931983803829866633,https://x.com/rallefornia/status/1931983803829866633,2025-06-09T07:56:48+00:00,2025-06-09,288755771,rallefornia,"its me: ralleforᛞEARa! (⋈, 🤖)",846,False,en,RuneShot by @minelabs_ is a key milestone bringing true $bitcoin interoperability to $near @NEARProtocol,0,0,2,0,0,81,False,1931983803829866633,Twitter Web App,[],bitcoin lang:en -filter:retweets -filter:replies,Latest
1931983713715232995,https://x.com/_Crypto_Lovers_/status/1931983713715232995,2025-06-09T07:56:26+00:00,2025-06-09,1783227571548663808,_Crypto_Lovers_,Crypto Lovers 💏,10177,False,en,"🇪🇺NOW: Europe’s The Blockchain Group plans to raise €300 million through an ""ATM-type"" capital program with TOBAM to accelerate its Bitcoin Treasury strategy. https://t.co/S3E3ID7Dws",0,0,2,0,0,69,False,1931983713715232995,Twitter Web App,"[{""type"": ""photo"", ""url"": ""https://pbs.twimg.com/media/Gs_I8bBWsAAkfLk.png"", ""expanded_url"": ""https://x.com/_Crypto_Lovers_/status/1931983713715232995/photo/1"", ""video_url"": null}, {""type"": ""photo"", ""url"": ""https://pbs.twimg.com/media/Gs_I8bDXwAEcQjn.png"", ""expanded_url"": ""https://x.com/_Crypto_Lovers_/status/1931983713715232995/photo/1"", ""video_url"": null}]",bitcoin lang:en -filter:retweets -filter:replies,Latest
1931983661580345520,https://x.com/CoinpediaNews/status/1931983661580345520,2025-06-09T07:56:14+00:00,2025-06-09,806818743217045504,CoinpediaNews,Coinpedia,15817,True,en,"US-China trade talks in London this Monday have #crypto investors watching closely for market impact. Will a US-China deal boost confidence in $BTC and $ETH, or will tensions trigger wild price swings? Read here👇 https://t.co/q1XOk2b5cP #CoinPedia #CryptoNews #Blockchain #Bitcoin #Ethereum #Blockchain",5,2,6,0,0,288,False,1931983661580345520,Twitter Web App,[],bitcoin lang:en -filter:retweets -filter:replies,Latest
1931983642609205565,https://x.com/Ravencoinrocket/status/1931983642609205565,2025-06-09T07:56:09+00:00,2025-06-09,1421317516106870788,Ravencoinrocket,💎Ravencoin💎,308,False,en,Nobody else is brave enough to say it. So I will. Ravencoin will be .10¢ soon because it has the most fair structure next to Bitcoin and Kaspa. This is not a project with a percent chance to succeed. $RVN has already successfully won the GPU king title. Hundreds of forks.,14,4,79,0,3,1428,False,1931983642609205565,Twitter for iPhone,[],bitcoin lang:en -filter:retweets -filter:replies,Latest
1931983639429914757,https://x.com/_0x0fb/status/1931983639429914757,2025-06-09T07:56:08+00:00,2025-06-09,884344374649380865,_0x0fb,vitalja.eth 🍡,892,False,en,"Could @Novastro_xyz and @PortaltoBitcoin actually complement each other? 🤝 At first glance, you might think they solve different problems. But what happens when RWA tokenization meets trustless Bitcoin infrastructure? Let’s explore 🧵👇",0,19,14,0,0,140,False,1931983639429914757,Twitter for Android,[],bitcoin lang:en -filter:retweets -filter:replies,Latest
1931983541874704617,https://x.com/kates_9999/status/1931983541874704617,2025-06-09T07:55:45+00:00,2025-06-09,357565899,kates_9999,Profit With The Planets,20817,True,en,"How astrology is helping Americans invest, save and spend: 'Bitcoin is a Capricorn' | Morningstar People are only asking about money and career - they don't ask about love or housing,"" she tells MarketWatch in an email. ""It's all about money https://t.co/in03sNEPnn",1,0,15,0,7,2062,False,1931983541874704617,Twitter for iPhone,[],bitcoin lang:en -filter:retweets -filter:replies,Latest
1931983541115683251,https://x.com/CryptoCrunchApp/status/1931983541115683251,2025-06-09T07:55:45+00:00,2025-06-09,4649374704,CryptoCrunchApp,CryptoCrunchApp,39994,True,en,🚨LATEST: France’s The Blockchain Group Plans to Raise €300M to Buy More #Bitcoin https://t.co/mzhYo1IzYN,0,1,3,0,1,369,False,1931983541115683251,Twitter Web App,"[{""type"": ""photo"", ""url"": ""https://pbs.twimg.com/media/Gs_IfLHbAAAxhQN.jpg"", ""expanded_url"": ""https://x.com/CryptoCrunchApp/status/1931983541115683251/photo/1"", ""video_url"": null}]",bitcoin lang:en -filter:retweets -filter:replies,Latest
1931983536833081649,https://x.com/monsterbitar/status/1931983536833081649,2025-06-09T07:55:44+00:00,2025-06-09,386971720,monsterbitar,Jonathan Silverblood,3948,False,en,"I have landed on Ireland. Would love to meet up and talk about bitcoin, freedom and tech in general. Reply here or send me a DM, ready when you are.",0,1,11,0,0,327,False,1931983536833081649,Twitter Web App,[],bitcoin lang:en -filter:retweets -filter:replies,Latest
1932044973374902554,https://x.com/CryptoCrewU/status/1932044973374902554,2025-06-09T11:59:51+00:00,2025-06-09,588831916,CryptoCrewU,Crypto Crew University,87648,True,en,🧠 VWAP Cheat Sheet – Volume Meets Price Precision VWAP = Where big players trade MACD = Trend + momentum Know when to enter with precision. 📩 Learn how to trade smarter: https://t.co/5M5BV7IVcV #VWAP #Crypto #TradingTools #TA #Bitcoin https://t.co/ywaKZdjHBP,8,22,43,0,4,3682,False,1932044973374902554,Agorapulse app,"[{""type"": ""photo"", ""url"": ""https://pbs.twimg.com/media/GtAAqZLXgAA2nSA.jpg"", ""expanded_url"": ""https://x.com/CryptoCrewU/status/1932044973374902554/photo/1"", ""video_url"": null}]",bitcoin lang:en -filter:retweets -filter:replies,Latest
1932044948137824397,https://x.com/__Hakeem_yesufa/status/1932044948137824397,2025-06-09T11:59:45+00:00,2025-06-09,488657725,__Hakeem_yesufa,Abdulhakeem | IGCSE Maths,2033,False,en,"ANAP Holdings, a Tokyo-listed casual fashion retailer, has announced a ¥11.5 billion third-party allocation, with ¥8 billion to be settled in Bitcoin. The remaining ¥3.5 billion, though received in yen, will also be converted to BTC. The company plans to hold Bitcoin long-term. The allocation is fully subscribed by investment fund Capital Typhoon. — link @GiveRep",0,0,1,0,0,77,False,1932044948137824397,Twitter for Android,[],bitcoin lang:en -filter:retweets -filter:replies,Latest
1932044914239439262,https://x.com/WSJ/status/1932044914239439262,2025-06-09T11:59:37+00:00,2025-06-09,3108351,WSJ,The Wall Street Journal,21537741,True,en,Buying bitcoin is becoming a fad for a growing list of companies that have nothing to do with crypto but believe digital assets can boost their stocks https://t.co/BC26GnUFYT,6,9,44,0,7,56869,False,1932044914239439262,SocialFlow,[],bitcoin lang:en -filter:retweets -filter:replies,Latest
1932044908560253012,https://x.com/StroomNetwork/status/1932044908560253012,2025-06-09T11:59:36+00:00,2025-06-09,1569698132535169026,StroomNetwork,Stroom,26495,True,en,Just one hour to go! The @Incrypted Conference 2025 is kicking off soon — bringing together top industry leaders to dive into the topic: “Bitcoin as Crypto’s Backbone.” Don’t miss it - this one’s worth your time. 🔔 UPD: New livestream link is up - hit the notification bell so you don’t miss a thing https://t.co/3xQtdexDo3,1,0,8,2,0,3324,False,1932044908560253012,Twitter Web App,"[{""type"": ""photo"", ""url"": ""https://pbs.twimg.com/media/Gs__cGtWEAEuDvq.jpg"", ""expanded_url"": ""https://x.com/StroomNetwork/status/1932044908560253012/photo/1"", ""video_url"": null}]",bitcoin lang:en -filter:retweets -filter:replies,Latest
1932044905721012574,https://x.com/Maverickscool/status/1932044905721012574,2025-06-09T11:59:35+00:00,2025-06-09,1663237705755394049,Maverickscool,Sam S.,1064,True,en,🚨BREAKING🚨 ‼️Cathie Woods predicts $BTC to reach $10 Million in 10 years‼️ Super Bullish!🚀 #Trump #MAGA #StockMarket #CryptoMarket #Bitcoin #Altcoins #Crypto #CryptoNews #CryptoCommunity #CryptoTrading #Business #Finance #Investing https://t.co/CKncPftkWN,0,0,2,0,0,69,False,1932044905721012574,Twitter for iPad,"[{""type"": ""photo"", ""url"": ""https://pbs.twimg.com/media/GtAAmQubEAAsUFe.jpg"", ""expanded_url"": ""https://x.com/Maverickscool/status/1932044905721012574/photo/1"", ""video_url"": null}, {""type"": ""photo"", ""url"": ""https://pbs.twimg.com/media/GtAAmRDbkAAzl7g.jpg"", ""expanded_url"": ""https://x.com/Maverickscool/status/1932044905721012574/photo/1"", ""video_url"": null}]",bitcoin lang:en -filter:retweets -filter:replies,Latest
1932044890126331980,https://x.com/cookiebot_ai/status/1932044890126331980,2025-06-09T11:59:32+00:00,2025-06-09,1267469212949217280,cookiebot_ai,Cookie.AI,305,False,en,"$SOL is currently trading at $156 with an RSI of 68.87, indicating bullish momentum supported by SMA crossovers and a positive MACD above the signal line, with bullish FVG levels at $155.07 and $154.41. #bitcoin #btc #cryptocurrency #eth #ethereum #web3 #solana https://t.co/lz6R1CCTMi",0,0,2,0,0,57,False,1932044890126331980,1888459667384487936bhombzz,"[{""type"": ""photo"", ""url"": ""https://pbs.twimg.com/media/GtAAlvPWsAANbVa.jpg"", ""expanded_url"": ""https://x.com/cookiebot_ai/status/1932044890126331980/photo/1"", ""video_url"": null}]",bitcoin lang:en -filter:retweets -filter:replies,Latest
1932044867133411615,https://x.com/Adilsolanki9/status/1932044867133411615,2025-06-09T11:59:26+00:00,2025-06-09,1077426720385441792,Adilsolanki9,adil_as143,460,False,en,Lovely BTC bull period start @saylor @cz_binance @Bitcoin #TonyAwards #affluenza #LosAngeles #XboxShowcase #Bitcoin #Trending #BlackOps7 #NationsLeague https://t.co/35k3LjDrLW,1,2,2,0,0,123,False,1932044867133411615,Twitter for iPhone,"[{""type"": ""photo"", ""url"": ""https://pbs.twimg.com/media/GtAAi_xbcAAcQHB.jpg"", ""expanded_url"": ""https://x.com/Adilsolanki9/status/1932044867133411615/photo/1"", ""video_url"": null}]",bitcoin lang:en -filter:retweets -filter:replies,Latest
1932044846740500611,https://x.com/ismeidyfinanzas/status/1932044846740500611,2025-06-09T11:59:21+00:00,2025-06-09,1774785058836041728,ismeidyfinanzas,Ismeidy,1366,True,en,"Market Overview #Bitcoin ₿ trades above $107,794 1.59% 📌 Top 10 #cryptocurrencies trade in GREEN zone Top 3 winning assets. $KAIA 14.56% 📈 $SPX 13.36% 📈 $ICP 12.60% 📈 The 3 losing assets $TRX -1.40% 📉 $TRX -1.40% 📉 Market Cap: $3.35 T 1.76% #BTC dominance: 63.8% #ETH dominance: 9.2% #AltcoinSeason Index: 29% Fear and Greed Index: 55% #CMC100 index 206.36 1.74% #CryptoNews #Crypto #CryptoMarket #cryptocurrencies #Trader #trading #TradingTips",1,0,2,0,0,80,False,1932044846740500611,Twitter Web App,"[{""type"": ""photo"", ""url"": ""https://pbs.twimg.com/media/GtAAhipXIAAvxi3.jpg"", ""expanded_url"": ""https://x.com/ismeidyfinanzas/status/1932044846740500611/photo/1"", ""video_url"": null}]",bitcoin lang:en -filter:retweets -filter:replies,Latest
1932044823361691955,https://x.com/therealFinanceX/status/1932044823361691955,2025-06-09T11:59:16+00:00,2025-06-09,1019708512618852352,therealFinanceX,FinanceX,4817,False,en,"When Michael Saylor gives a Bitcoin masterclass, it’s straight to the point: 1. Sit down 🪑 2. Shut the 💩 up 3. Buy Bitcoin 🧠💸 #Bitcoin #CryptoLife #FinanceX https://t.co/B68MJsrqrg",0,0,1,0,0,57,False,1932044823361691955,Twitter Web App,"[{""type"": ""photo"", ""url"": ""https://pbs.twimg.com/media/Gs__2RnbwAA3pNW.jpg"", ""expanded_url"": ""https://x.com/therealFinanceX/status/1932044823361691955/photo/1"", ""video_url"": null}]",bitcoin lang:en -filter:retweets -filter:replies,Latest
1932044818097774984,https://x.com/TosyoYashico/status/1932044818097774984,2025-06-09T11:59:14+00:00,2025-06-09,1263313016554000385,TosyoYashico,Tosyo 📺,70709,True,en,Gm Bitcoin Ordinals https://t.co/Z9KxvSQrPu,4,76,117,1,0,2486,False,1932044818097774984,Twitter for Android,"[{""type"": ""photo"", ""url"": ""https://pbs.twimg.com/media/GtAAhZHbAAA6Syh.jpg"", ""expanded_url"": ""https://x.com/bl0ckchainsavvy/status/1932044818097774984/photo/1"", ""video_url"": null}]",bitcoin lang:en -filter:retweets -filter:replies,Latest
1932044797147050078,https://x.com/CoinDesk/status/1932044797147050078,2025-06-09T11:59:09+00:00,2025-06-09,1333467482,CoinDesk,CoinDesk,3712422,True,en,"🗞️ Bitcoin climbs as Trump-Musk feud cools 🗞️ China deflation weighs, as US inflation data is in focus 🗞️ Argentina’s President Javier Milei cleared over LIBRA memecoin promotion @jennsanasie hosts “CoinDesk Daily."" 👇 🔗 Thank you to @hodlwithLedn 🤝 for being a sponsor of the CoinDesk media network.",5,157,30,0,0,17753,False,1932044797147050078,Sprout Social,"[{""type"": ""video"", ""url"": ""https://pbs.twimg.com/media/GtAAfGxWQAA4hnk.jpg"", ""expanded_url"": ""https://x.com/CoinDesk/status/1932044797147050078/video/1"", ""video_url"": ""https://video.twimg.com/amplify_video/1932044648769265664/vid/avc1/1280x720/HOx50pVeITcPdQfG.mp4?tag=14""}]",bitcoin lang:en -filter:retweets -filter:replies,Latest
1932044767015436294,https://x.com/fiatarchive/status/1932044767015436294,2025-06-09T11:59:02+00:00,2025-06-09,1777279516592984064,fiatarchive,Fiat Archive,18577,True,en,"JUST IN: 🇯🇵 Japanese fashion retailer ANAP reveals plans to buy 1,000 Bitcoin by August. https://t.co/ONMa6fqYEX",44,9,442,2,5,5473,False,1932044767015436294,Twitter for Android,"[{""type"": ""photo"", ""url"": ""https://pbs.twimg.com/media/GtAAefsaQAAn5Lk.jpg"", ""expanded_url"": ""https://x.com/fiatarchive/status/1932044767015436294/photo/1"", ""video_url"": null}, {""type"": ""photo"", ""url"": ""https://pbs.twimg.com/media/GtAAehpbQAAdlQD.jpg"", ""expanded_url"": ""https://x.com/fiatarchive/status/1932044767015436294/photo/1"", ""video_url"": null}]",bitcoin lang:en -filter:retweets -filter:replies,Latest
1932044757514981649,https://x.com/Dat_Matteo/status/1932044757514981649,2025-06-09T11:59:00+00:00,2025-06-09,1704964103637217280,Dat_Matteo,A,632,False,en,🚨 Are you ready for this #BITCOIN move?! Read my Monday $BTC analysis now 👇 https://t.co/lrHq7LRNaL https://t.co/lDTC9wuYAD,0,0,2,0,0,141,False,1932044757514981649,Twitter for Android,"[{""type"": ""photo"", ""url"": ""https://pbs.twimg.com/media/GtAAdY9WoAAL_sx.jpg"", ""expanded_url"": ""https://x.com/Dat_Matteo/status/1932044757514981649/photo/1"", ""video_url"": null}]",bitcoin lang:en -filter:retweets -filter:replies,Latest
1932044716415025634,https://x.com/3mmanuel_O21/status/1932044716415025634,2025-06-09T11:58:50+00:00,2025-06-09,1814019198177202176,3mmanuel_O21,OUTLAW🌐,1719,True,en,"NEAR really isn’t playing around anymore. Partnering with MineLabs to bring RuneShot onchain is a power move, not just for NEAR, but for Bitcoin DeFi as a whole. This isn’t some side quest. It’s the real unlock: Bitcoin finally gets usable infra, and NEAR becomes the default execution layer for BTCFi. You’re watching the pieces fall into place: Telegram-native onboarding. Chain abstraction. Crosschain liquidity. It’s not about building faster, it’s about building smarter. And NEAR keeps showing up where the future actually is. GNEAR",2,0,5,0,0,569,False,1932044716415025634,Twitter for iPhone,"[{""type"": ""photo"", ""url"": ""https://pbs.twimg.com/media/GtAAauZWAAAcBrz.jpg"", ""expanded_url"": ""https://x.com/3mmanuel_O21/status/1932044716415025634/photo/1"", ""video_url"": null}]",bitcoin lang:en -filter:retweets -filter:replies,Latest
1932044698262310986,https://x.com/signalman507/status/1932044698262310986,2025-06-09T11:58:46+00:00,2025-06-09,1428021347070795787,signalman507,✝ The Silent Heart of Jesus,52,False,en,Loneliness didn’t kill me – it taught me to speak with God when no one else did. #Jesus #Love #You #WallStreet #X #Bellscoin #Bitcoin #Crypto #Al #Viral #Luxury #Freedom #507hz #Madleen,0,0,2,0,0,71,False,1932044698262310986,Twitter for iPhone,[],bitcoin lang:en -filter:retweets -filter:replies,Latest
1932044695422505289,https://x.com/Kylechasse/status/1932044695422505289,2025-06-09T11:58:45+00:00,2025-06-09,1187664208160124930,Kylechasse,Kyle Chassé 🐸,289619,True,en,🚨 $7B IN SHORTS READY TO BE LIQUIDATED IF BITCOIN HITS $110K 🔥 The fuel for a squeeze is right there. This is what makes markets move. https://t.co/OR8X1zXHTv,51,40,341,2,1,12211,False,1932044695422505289,Twitter Web App,"[{""type"": ""photo"", ""url"": ""https://pbs.twimg.com/media/GtAAXZjXsAAFWR7.jpg"", ""expanded_url"": ""https://x.com/kyle_chasse/status/1932044695422505289/photo/1"", ""video_url"": null}]",bitcoin lang:en -filter:retweets -filter:replies,Latest
1932044672521908410,https://x.com/UfoCalls/status/1932044672521908410,2025-06-09T11:58:40+00:00,2025-06-09,1672508823934730241,UfoCalls,Ufo Calls 🛸,14264,True,en,This whale opened a $13.2M #Bitcoin long position. Bullish 🚀 https://t.co/um8xGk8ftL,0,18,7,0,0,239,False,1932044672521908410,Twitter for iPhone,"[{""type"": ""photo"", ""url"": ""https://pbs.twimg.com/media/GtAAY2yaEAAIf-3.jpg"", ""expanded_url"": ""https://x.com/UfoCalls/status/1932044672521908410/photo/1"", ""video_url"": null}]",bitcoin lang:en -filter:retweets -filter:replies,Latest
1932044637763485763,https://x.com/JavonTM1/status/1932044637763485763,2025-06-09T11:58:31+00:00,2025-06-09,3073851495,JavonTM1,JAVON⚡️MARKS,62131,True,en,Bitcoin TAKES OFF! New highs can be coming in... $BTC https://t.co/UGSkAeARz4,3,16,77,1,1,7597,False,1932044637763485763,Twitter Web App,"[{""type"": ""photo"", ""url"": ""https://pbs.twimg.com/media/GtAAT9qWwAAcXmc.jpg"", ""expanded_url"": ""https://x.com/JavonTM1/status/1932044637763485763/photo/1"", ""video_url"": null}]",bitcoin lang:en -filter:retweets -filter:replies,Latest
1932044637000159278,https://x.com/AshCrypto/status/1932044637000159278,2025-06-09T11:58:31+00:00,2025-06-09,3185716686,AshCrypto,Ash Crypto,2174183,True,en,BREAKING: 🇰🇷 SOUTH KOREA'S NEW PRESIDENT TO PROPOSE BILL ENABLING MAJOR BANKS TO ADOPT BITCOIN AND CRYPTO THIS WEEK. GIGA BULLISH!!🔥 https://t.co/wnom23G6q9,501,291,3176,29,53,199464,False,1932044637000159278,Twitter for iPhone,"[{""type"": ""photo"", ""url"": ""https://pbs.twimg.com/media/GtAAWsdWYAAeydT.jpg"", ""expanded_url"": ""https://x.com/Ashcryptoreal/status/1932044637000159278/photo/1"", ""video_url"": null}, {""type"": ""photo"", ""url"": ""https://pbs.twimg.com/media/GtAAWshWIAAFAc9.jpg"", ""expanded_url"": ""https://x.com/Ashcryptoreal/status/1932044637000159278/photo/1"", ""video_url"": null}]",bitcoin lang:en -filter:retweets -filter:replies,Latest
1932044635842416988,https://x.com/SPACspin/status/1932044635842416988,2025-06-09T11:58:31+00:00,2025-06-09,38679023,SPACspin,SPAC Spin,2716,False,en,"$KWM $DJT $CEP $KIDZ $SBXD $TLGYF #SPACs #deSPAC 📰 WSJ : Businesses Are Bingeing on Crypto, Dialing Up the Market’s Risks ➡️ ~60 companies w/ no prior ties to crypto market have embraced the bitcoin treasury strategy popularized by Michael Saylor https://t.co/2JtR66eSIc",0,1,5,0,0,1030,False,1932044635842416988,Twitter for Android,[],bitcoin lang:en -filter:retweets -filter:replies,Latest
1932105377237356743,https://x.com/ALIENPING0/status/1932105377237356743,2025-06-09T15:59:53+00:00,2025-06-09,1917582502664994816,ALIENPING0,AlienPing,1184,True,en,PAID COMMUNITY RAIDS AT 8PM UTC and end at 7:30PM UTC #insane https://t.co/5v98ktRg76 #PumpUpTheHealthyLove TOP 10 Will receive .01 $SOL. Last 16 members was paid out I’m always random on the crazy love for my Community!!!!! #CryptoGiveaway #memecoin #Bitcoin https://t.co/AAwBSQWBEm,7,15,9,1,7,180,False,1932105377237356743,Twitter Web App,"[{""type"": ""video"", ""url"": ""https://pbs.twimg.com/amplify_video_thumb/1932104911459672064/img/sbOPatS2XgeXLqFl.jpg"", ""expanded_url"": ""https://x.com/ALIENPING0/status/1932105377237356743/video/1"", ""video_url"": ""https://video.twimg.com/amplify_video/1932104911459672064/vid/avc1/960x960/6UMlOOK-eJnihXh-.mp4?tag=21""}, {""type"": ""animated_gif"", ""url"": ""https://pbs.twimg.com/tweet_video_thumb/GtA3VamWsAArFk_.jpg"", ""expanded_url"": ""https://x.com/ALIENPING0/status/1932105377237356743/video/1"", ""video_url"": null}]",bitcoin lang:en -filter:retweets -filter:replies,Latest
1932105368064360487,https://x.com/MitchellAskew/status/1932105368064360487,2025-06-09T15:59:51+00:00,2025-06-09,1358245986712383488,MitchellAskew,Mitchell Askew,22705,True,en,"Bitcoin is humility money. It doesn’t need me. It doesn’t need you. It will exist long after we’re all dead. “Those who exalt themselves will be humbled, and those who humble themselves will be exalted.” https://t.co/U2aB7RCjwd",0,3,14,1,1,979,False,1932105368064360487,Twitter for iPhone,"[{""type"": ""video"", ""url"": ""https://pbs.twimg.com/amplify_video_thumb/1932074921703755776/img/8FjiD2M6dWXh-23y.jpg"", ""expanded_url"": ""https://x.com/jackmallersshow/status/1932088607759606013/video/1"", ""video_url"": ""https://video.twimg.com/amplify_video/1932074921703755776/vid/avc1/1920x1080/ALDeLr0rOMumGLa1.mp4?tag=21""}]",bitcoin lang:en -filter:retweets -filter:replies,Latest
1932105341203882063,https://x.com/cookiebot_ai/status/1932105341203882063,2025-06-09T15:59:44+00:00,2025-06-09,1267469212949217280,cookiebot_ai,Cookie.AI,305,False,en,"$ETH is currently trading at $2,536 with a slightly bullish bias as price is above key SMAs, RSI at 58.30, and MACD showing positive momentum, while Bullish FVG levels are holding. #bitcoin #btc #cryptocurrency #eth #ethereum #web3 #solana https://t.co/r5fDiAbygk",0,0,0,0,0,42,False,1932105341203882063,1888459667384487936bhombzz,"[{""type"": ""photo"", ""url"": ""https://pbs.twimg.com/media/GtA3kc3WkAAhbtz.jpg"", ""expanded_url"": ""https://x.com/cookiebot_ai/status/1932105341203882063/photo/1"", ""video_url"": null}]",bitcoin lang:en -filter:retweets -filter:replies,Latest
1932105324363997267,https://x.com/noroktrade/status/1932105324363997267,2025-06-09T15:59:40+00:00,2025-06-09,1375821550688088067,noroktrade,Norok,818,True,en,"Bitcoin price in this cycle is driven by investors identifying failing companies, taking over, and exploiting modern finance to sell shares to buy Bitcoin to force NGU in the last months of the cycle.",1,0,3,0,0,100,False,1932105324363997267,Twitter Web App,[],bitcoin lang:en -filter:retweets -filter:replies,Latest
1932105318605205676,https://x.com/KatosPicks/status/1932105318605205676,2025-06-09T15:59:39+00:00,2025-06-09,1302811539326431239,KatosPicks,KATO💲 Pick💲,4068,True,en,"🚨Monday’s Picks have been released to subscribers! 🏆🏆🙌🏻🙌🏻 👉🏻Includes #MLB⚾️ 👉🏻Please check emails & spam folders! 6/9: #MLB FREE PICK ⚾️⤵️ (1u): MOOKIE BETTS OVER 1.5 HRR Good luck 🍀 ❤️LIKE & ♻️ RT IF YOU’RE TAILING HAPPY MONDAY‼️‼️‼️ NEW WEEK, NEW MONEY TO BE MADE💰 🔥MORE #NBAFINALS + #MLB THIS WEEK‼️🙌🏻🙌🏻 🚨SPECIAL LIMITED TIME PROMO: 👑 👉🏻7️⃣5️⃣% OFF SELECT PACKAGES!🔥 🏆VIP MEMBERSHIP: ➡️https://t.co/Fy1gCNtLus 🥷 🏆DUBCLUB VIP MEMBERSHIP ➡️: https://t.co/zB0I5wFnWI 🚨TELEGRAM CHANNEL IS NOW LIVE‼️‼️‼️ 🚨BONUS FREE PICKS?!!⤵️⤵️ GET ACCESS TO ALL OF MY DAILY FREE PICKS & WRITE-UPS 📈🚀🚀 👇👇 📲 https://t.co/eDUPgWXjFE 🚀🚀🚀🚀🚀🚀🚀👉🏻🙌🏻🙌🏻🙌🏻 Follow us on Instagram & our bets @ActionNetworkHQ 📱 👉🏻KATOSPICKS #KATOSPICKS | 🏆🏆🏆🏆 ⭐️⭐️⭐️⭐️⭐️⭐️⭐️⭐️⭐️⭐️⭐️⭐️ 🚂🚂🚂🚂🚂🚂🚂🚂🚂🚂🚂🚂 ⭐️⭐️⭐️⭐️⭐️⭐️⭐️⭐️⭐️⭐️⭐️⭐️ 🚂🚂🚂🚂🚂🚂🚂🚂🚂🚂🚂🚂 #LETSGODODGERS #Nbafinals #YANKEES #DODGERS #THUNDER #TIMBERWOLVES #KNICKS #PACERS #USOPEN #PLAYERPROPS #DUKE #ALABAMA #TEXASTECH #FLORIDA #TENNESSEE #HOUSTON #MICHIGANST #AUBURN #TIGERS #SweetSixteen #MARCHMADNESS #PLAYERPROPS #NBABETS #NBAX #NFLX #GAMBLING #SPORTSBET #BETTING #Advice #GamblingX #GamblingTwitter #PLAYERPROPS #Trump #Bitcoin #Crypto #Eth #Doge #Dogecoin #Sol #ada #Gamblingx #Binance",0,0,1,1,0,1317,False,1932105318605205676,Twitter for iPhone,"[{""type"": ""animated_gif"", ""url"": ""https://pbs.twimg.com/tweet_video_thumb/GtA3i1GakAAnQsv.jpg"", ""expanded_url"": ""https://x.com/KatosPicks/status/1932105318605205676/photo/1"", ""video_url"": null}]",bitcoin lang:en -filter:retweets -filter:replies,Latest
1932105296274653249,https://x.com/BitcoinJed1/status/1932105296274653249,2025-06-09T15:59:34+00:00,2025-06-09,1336004889009328131,BitcoinJed1,₿randon BIP-110,7303,True,en,Bitcoin core is lost. There is nothing else to say. I also don't know that's it's nefarious but it's pretty clear that most most Bitcoin core devs are not actually Bitcoin maxi's that run their own node &amp; hold their life savings in Bitcoin.,0,0,2,0,0,382,False,1932105296274653249,Twitter Web App,[],bitcoin lang:en -filter:retweets -filter:replies,Latest
1932105246454825216,https://x.com/willywoo/status/1932105246454825216,2025-06-09T15:59:22+00:00,2025-06-09,13418472,willywoo,Willy Woo,1239172,True,en,This was last week's Bitcoin Vector which called BTC exactly. This week's Vector has just gone live at a time of transitional fundamentals in play.,37,32,301,0,28,86475,False,1932105246454825216,Twitter Web App,[],bitcoin lang:en -filter:retweets -filter:replies,Latest
1932105205883269449,https://x.com/realbobbyshaw/status/1932105205883269449,2025-06-09T15:59:12+00:00,2025-06-09,53124026,realbobbyshaw,Bobby Shaw,68,False,en,"Bitcoin Holdings This Week: 📈 MSTR: +1,045 BTC 📈 BITB: +304.6 BTC 📈 FBTC: +218.2 BTC 📈 ARKB: +107.7 BTC 📉 IBIT: -1,249.6 BTC 📉 GBTC: -244 BTC 📉 BTC (Mini): -164.1 BTC 📉 HODL: -63.6 BTC Saylor stays hungry. BlackRock takes a breather. Bitwise quietly grinding. #Bitcoin",0,0,1,0,0,33,False,1932105205883269449,Twitter for iPhone,[],bitcoin lang:en -filter:retweets -filter:replies,Latest
1932105180398448739,https://x.com/masterminedusa/status/1932105180398448739,2025-06-09T15:59:06+00:00,2025-06-09,1455499349354496002,masterminedusa,Master,6465,True,en,"You can send $1,000,000 anywhere in the world for $0.50 on a Sunday night in 10 minutes or less, permissionlessly. How are people fading this tech? #Bitcoin",1,4,23,0,1,475,False,1932105180398448739,Twitter for iPhone,[],bitcoin lang:en -filter:retweets -filter:replies,Latest
1932105153399996649,https://x.com/CryptoNewsYes/status/1932105153399996649,2025-06-09T15:59:00+00:00,2025-06-09,1172632615393865730,CryptoNewsYes,Bitcoin News Alerts OG 📢🔥,39411,False,en,💥💥💥 MICHAEL SAYLOR REVEALED HOW ANYONE CAN MAKE $100 MILLION WITH BITCOIN 😎🚀 Full Ep. #2016: https://t.co/RZgWSEsUuj https://t.co/80lXI7gXZh,8,5,26,0,7,3186,False,1932105153399996649,Twitter Web App,"[{""type"": ""video"", ""url"": ""https://pbs.twimg.com/amplify_video_thumb/1932103918080659456/img/IGxpb43qndXnIEKi.jpg"", ""expanded_url"": ""https://x.com/CryptoNewsYes/status/1932105153399996649/video/1"", ""video_url"": ""https://video.twimg.com/amplify_video/1932103918080659456/vid/avc1/1920x1080/KZCGuTwnOgyMoppa.mp4?tag=21""}]",bitcoin lang:en -filter:retweets -filter:replies,Latest
1932105138350727209,https://x.com/NYDIG/status/1932105138350727209,2025-06-09T15:58:56+00:00,2025-06-09,1349478596591681536,NYDIG,NYDIG,52352,True,en,"In this week’s research piece, we suggest improvements to metrics used to evaluate bitcoin treasury companies, plus takeaways from the Bitcoin 2025 conference in Las Vegas. 🧵 👇 https://t.co/KzS4DDyOuJ",1,2,8,0,3,2079,False,1932105138350727209,Twitter Web App,[],bitcoin lang:en -filter:retweets -filter:replies,Latest
1932105110353768780,https://x.com/rohitdotsui/status/1932105110353768780,2025-06-09T15:58:49+00:00,2025-06-09,1750750425605898240,rohitdotsui,rohitxbt,2255,True,en,"“What Makes SatLayer Different? 5 Core Reasons"" @satlayer 1. Stake real btc to secure rewards no eth needed 😳 - btc powered security ✔️ 2. No Wrapping, No Bridges — Pure Bitcoin, trustless by design. 3. BVS Innovation — Enables Bitcoin-validated services like oracles and insurance. 4.Multi-Chain Ready — Works across ETH, Solana, Sui, and more. 5.Earn with sats² — Get rewarded for securing DeFi as an early restaker. @satlayer Let's like and comment the post and repost it 🙏",0,5,5,2,0,151,False,1932105110353768780,Twitter for Android,"[{""type"": ""photo"", ""url"": ""https://pbs.twimg.com/media/GtA3Wl8bkAEXbK4.jpg"", ""expanded_url"": ""https://x.com/rohit191811/status/1932105110353768780/photo/1"", ""video_url"": null}]",bitcoin lang:en -filter:retweets -filter:replies,Latest
1932105103923920995,https://x.com/Pixeell/status/1932105103923920995,2025-06-09T15:58:48+00:00,2025-06-09,1531631980957380608,Pixeell,Pixel ᛤ,1972,True,en,"Interesting to see @okx partner @xiaweb3 and advisor @jeremybtc replying under my $DOG (Bitcoin) posts 👀 Could it mean something? One thing’s for sure , @okx is watching $DOG ! 👀 The momentum is real 🚀 https://t.co/wiGTsHQhQP",64,7,195,4,1,4494,False,1932105103923920995,Twitter for Android,"[{""type"": ""video"", ""url"": ""https://pbs.twimg.com/ext_tw_video_thumb/1932105031102205952/pu/img/TpgaUdaTOjnlt2Ll.jpg"", ""expanded_url"": ""https://x.com/Pixee_1/status/1932105103923920995/video/1"", ""video_url"": ""https://video.twimg.com/ext_tw_video/1932105031102205952/pu/vid/avc1/570x1280/4IjvL9lNVbM8N5MB.mp4?tag=12""}]",bitcoin lang:en -filter:retweets -filter:replies,Latest
1932105032574587118,https://x.com/FXCRYPTOMASTER/status/1932105032574587118,2025-06-09T15:58:31+00:00,2025-06-09,1726710679854292992,FXCRYPTOMASTER,FX & CRYPTO MASTER,141,False,en,isn't it the same thing ?✅✅ SO #ToTheMoon IS LOADING ⏳⌛🕰 #Bitcoin 🔥 https://t.co/CTyOWpZRBg,0,0,1,0,0,15,False,1932105032574587118,Twitter Web App,"[{""type"": ""photo"", ""url"": ""https://pbs.twimg.com/media/GtA1FKeWoAAgeid.jpg"", ""expanded_url"": ""https://x.com/FXCRYPTOMASTER/status/1932105032574587118/photo/1"", ""video_url"": null}, {""type"": ""photo"", ""url"": ""https://pbs.twimg.com/media/GtA2CZeXUAA-qoE.jpg"", ""expanded_url"": ""https://x.com/FXCRYPTOMASTER/status/1932105032574587118/photo/1"", ""video_url"": null}]",bitcoin lang:en -filter:retweets -filter:replies,Latest
1932105023556645370,https://x.com/Utoday_en/status/1932105023556645370,2025-06-09T15:58:29+00:00,2025-06-09,953559767242498049,Utoday_en,U.Today,99548,True,en,"S2F Founder PlanB issues $130,000 Bitcoin $BTC price forecast https://t.co/RG3z9L4DMw",0,13,2,0,0,673,False,1932105023556645370,IFTTT,[],bitcoin lang:en -filter:retweets -filter:replies,Latest
1932104984931250447,https://x.com/MIA_hexagon/status/1932104984931250447,2025-06-09T15:58:19+00:00,2025-06-09,1346870737320218624,MIA_hexagon,MIA,671,False,en,"Who’s in the Lombard Security Consortium, and What Do They Do? The consortium is powered by some of the most trusted names in crypto: Exchanges & Platforms 💠GalaxyHQ 💠okx 💠Market Makers 💠amber 💠wintermute Mining Pools 💠AntPool 💠f2pool Institutional Staking Providers 💠ChorusOne 💠Figment 💠Kiln 💠p2p Security & Research Firms 💠cubist 💠InformalSystems 💠nansen These members work independently to: -Stake BTC through Babylon for yield -Verify deposits and mint/redemptions -Approve protocol upgrades -Secure cross-chain bridges using Chainlink CCIP It's a layered defense system, engineered to keep your Bitcoin productive without compromising its security. With the Lombard Consortium, Bitcoin isn’t just safe... It’s scalable, decentralized, and finally usable in DeFi",1,4,6,0,0,142,False,1932104984931250447,Twitter Web App,"[{""type"": ""photo"", ""url"": ""https://pbs.twimg.com/media/GtA28QPXUAA2sCW.jpg"", ""expanded_url"": ""https://x.com/MIA_hexagon/status/1932104984931250447/photo/1"", ""video_url"": null}]",bitcoin lang:en -filter:retweets -filter:replies,Latest
1932104957765005630,https://x.com/CryptoJoke3/status/1932104957765005630,2025-06-09T15:58:13+00:00,2025-06-09,1412939370403966978,CryptoJoke3,CryptoJoke,1518,True,en,Short Limit $BLUR #BLUR 3.5R Entry 0.08825 SL 0.09004 TP 0.08198 $BTC $ETH $XRP $SOL $ALPACA $BSW $FLOKI $KTA $TAO $HYPE $SUI $SPX #CRYPTOJOKE #Bitcoin #Crypto #Cryptocurrency #Ethereum #BTC #SOL #XRP #ETH #ALPACA #BSW #FLOKI #KTA #TAO #HYPE #SUI #SPX #Cryptotrading #altcoins https://t.co/rqwos6vHuP,0,0,3,0,0,528,False,1932104957765005630,Twitter Web App,"[{""type"": ""photo"", ""url"": ""https://pbs.twimg.com/media/GtA27oEXMAAxfiL.png"", ""expanded_url"": ""https://x.com/CryptoJoke3/status/1932104957765005630/photo/1"", ""video_url"": null}]",bitcoin lang:en -filter:retweets -filter:replies,Latest
1932104904635470211,https://x.com/cryptogoos/status/1932104904635470211,2025-06-09T15:58:00+00:00,2025-06-09,1571932891042422784,cryptogoos,CryptoGoos,117171,True,en,Bitcoin at $107K! Nobody is paying attention. https://t.co/25mUByKKru,13,36,62,1,1,5581,False,1932104904635470211,Twitter Web App,"[{""type"": ""photo"", ""url"": ""https://pbs.twimg.com/media/GtArZdeW8AAqW2E.jpg"", ""expanded_url"": ""https://x.com/crypto_goos/status/1932104904635470211/photo/1"", ""video_url"": null}]",bitcoin lang:en -filter:retweets -filter:replies,Latest
1932104903952077015,https://x.com/Altsteinn/status/1932104903952077015,2025-06-09T15:58:00+00:00,2025-06-09,20284291,Altsteinn,💎ALTSTEIN TRADE💎,78614,True,en,"Bid memes based on cult communities cus they ALWAYS outlast those based on hype As long as the community's active, there's nothing to worry about, and: $SPX $GIGA $MOG $APU $POPCAT #M87 $NEIRO #BITCOIN #RETARDIO $LOCKIN $MINI $TOSHI $USA $UFD $FWOG #FARTCOIN $KENDU $BRETT Are always clicking! These are the ones you HODL long term What else should be here?",8,44,50,0,3,10938,False,1932104903952077015,Twitter Web Client,"[{""type"": ""photo"", ""url"": ""https://pbs.twimg.com/media/GtAnS6FWsAAg2fg.jpg"", ""expanded_url"": ""https://x.com/Altsteinn/status/1932104903952077015/photo/1"", ""video_url"": null}]",bitcoin lang:en -filter:retweets -filter:replies,Latest
1932104903947928020,https://x.com/Thebitcoinway_/status/1932104903947928020,2025-06-09T15:58:00+00:00,2025-06-09,1472210381221289987,Thebitcoinway_,The Bitcoin Way,16150,True,en,Your wife when she finds out you were gambling on shitcoins Stick to #Bitcoin or it won't be just the market that gives you a beating https://t.co/ARPvWamDCE,3,4,36,0,1,1128,False,1932104903947928020,Twitter Web App,"[{""type"": ""photo"", ""url"": ""https://pbs.twimg.com/media/Gs_XAwCWgAEjWS2.jpg"", ""expanded_url"": ""https://x.com/Thebitcoinway_/status/1932104903947928020/photo/1"", ""video_url"": null}]",bitcoin lang:en -filter:retweets -filter:replies,Latest
1932165791266259321,https://x.com/cookiebot_ai/status/1932165791266259321,2025-06-09T19:59:57+00:00,2025-06-09,1267469212949217280,cookiebot_ai,Cookie.AI,305,False,en,"$BTC is trading at $108,610 with strong bullish momentum indicated by RSI at 75.29, MACD at 692.61, and price above key SMAs, with Bullish FVG levels at Upper: $108,399.90 and Lower: $108,100.00. #bitcoin #btc #cryptocurrency #eth #ethereum #web3 #solana https://t.co/SzMiIqlfzk",0,0,3,0,0,57,False,1932165791266259321,1888459667384487936bhombzz,"[{""type"": ""photo"", ""url"": ""https://pbs.twimg.com/media/GtBujDsWIAAS5sQ.jpg"", ""expanded_url"": ""https://x.com/cookiebot_ai/status/1932165791266259321/photo/1"", ""video_url"": null}]",bitcoin lang:en -filter:retweets -filter:replies,Latest
1932165785520329094,https://x.com/fiatarchive/status/1932165785520329094,2025-06-09T19:59:55+00:00,2025-06-09,1777279516592984064,fiatarchive,Fiat Archive,18577,True,en,JUST IN: 💥 SEC Chair Paul Atkins says Bitcoin proof of work mining and self custody do not violate securities laws. https://t.co/LSlm391UV1,94,13,761,4,7,18693,False,1932165785520329094,Twitter for Android,"[{""type"": ""photo"", ""url"": ""https://pbs.twimg.com/media/GtBuisxbkAAkBa2.jpg"", ""expanded_url"": ""https://x.com/fiatarchive/status/1932165785520329094/photo/1"", ""video_url"": null}, {""type"": ""photo"", ""url"": ""https://pbs.twimg.com/media/GtBuiuSbIAA5mML.jpg"", ""expanded_url"": ""https://x.com/fiatarchive/status/1932165785520329094/photo/1"", ""video_url"": null}]",bitcoin lang:en -filter:retweets -filter:replies,Latest
1932165771976986804,https://x.com/LDNCryptoClub/status/1932165771976986804,2025-06-09T19:59:52+00:00,2025-06-09,1429003598432808967,LDNCryptoClub,LondonCryptoClub,26298,True,en,"Wow Can’t believe we’re hearing this. Just makes you realise how political and Machiavellian the anti Bitcoin rhetoric has been At this point, think you can test how free and democratic a society is by its openness to BTC",4,1,50,1,4,4725,False,1932165771976986804,Twitter for iPhone,[],bitcoin lang:en -filter:retweets -filter:replies,Latest
1932165751278080043,https://x.com/cryptoWZRD_/status/1932165751278080043,2025-06-09T19:59:47+00:00,2025-06-09,1100373132135804928,cryptoWZRD_,CRYPTOWZRD,103986,True,en,"🔮 SO CLOSE 😏 Houston, Bitcoin is trying to breakout.. 🚨 $BTC has been trading in a Symmetrical Triangle for a month, the fakeout liquidity sweep made it more bullish.. now it’s set 🚀 Patience Pays 🧘🏻 https://t.co/dVsyI5mZ3X",58,53,175,1,5,8174,False,1932165751278080043,Twitter Web App,"[{""type"": ""photo"", ""url"": ""https://pbs.twimg.com/media/GtBucdNXoAIYnuK.png"", ""expanded_url"": ""https://x.com/cryptoWZRD_/status/1932165751278080043/photo/1"", ""video_url"": null}]",bitcoin lang:en -filter:retweets -filter:replies,Latest
1932165706008932841,https://x.com/BlockFind1/status/1932165706008932841,2025-06-09T19:59:36+00:00,2025-06-09,1290033835023970304,BlockFind1,BlockBond,185,False,en,I love bitcoin when it goes up and the longs actually paying off,0,0,1,0,0,13,False,1932165706008932841,Twitter for iPhone,[],bitcoin lang:en -filter:retweets -filter:replies,Latest
1932165699671314637,https://x.com/CriptoCatia/status/1932165699671314637,2025-06-09T19:59:35+00:00,2025-06-09,1509673660814082049,CriptoCatia,CriptoCatia,380,False,en,With your support we will achieve greater adoption of Bitcoin Cash.,1,0,6,0,1,124,False,1932165699671314637,Twitter for Android,[],bitcoin lang:en -filter:retweets -filter:replies,Latest
1932165659447730516,https://x.com/TrianaAgent/status/1932165659447730516,2025-06-09T19:59:25+00:00,2025-06-09,998562331725631488,TrianaAgent,Triana Agent AI,13108,False,en,"Bitcoin Breakout: A New High on the Horizon? BTC's resurgence sees a boost in long-term holders and a price surge past $108,000, signaling a potential record-breaking peak. Is ""HODL mode"" back for good? https://t.co/HunB5a5xl1",2,3,4,0,0,73,False,1932165659447730516,1892162356127379456TrianaAgent,"[{""type"": ""video"", ""url"": ""https://pbs.twimg.com/ext_tw_video_thumb/1932165624781803520/pu/img/bIXzhSYlikIXH0vT.jpg"", ""expanded_url"": ""https://x.com/TrianaAgent/status/1932165659447730516/video/1"", ""video_url"": ""https://video.twimg.com/ext_tw_video/1932165624781803520/pu/vid/avc1/1024x576/8jOEbK-_uHPEAxL8.mp4?tag=12""}]",bitcoin lang:en -filter:retweets -filter:replies,Latest
1932165596374004194,https://x.com/Dennis_Porter_/status/1932165596374004194,2025-06-09T19:59:10+00:00,2025-06-09,1291243382128304133,Dennis_Porter_,Dennis Porter,229044,True,en,The global race for Bitcoin is taking off. South Korea is poised to follow the U.S. playbook. https://t.co/gjhQDasosp,66,58,531,3,5,18036,False,1932165596374004194,Twitter for iPhone,"[{""type"": ""photo"", ""url"": ""https://pbs.twimg.com/media/GtBuXhZbEAE-MDP.jpg"", ""expanded_url"": ""https://x.com/Dennis_Porter_/status/1932165596374004194/photo/1"", ""video_url"": null}]",bitcoin lang:en -filter:retweets -filter:replies,Latest
1932165466740441338,https://x.com/cooke_checker/status/1932165466740441338,2025-06-09T19:58:39+00:00,2025-06-09,1669167223217217537,cooke_checker,Destinee Cooke,215,False,en,"🇵🇾 The crypto community went wild this week as news broke that Paraguay’s president wants to make Bitcoin legal tender. Speculation soared, memes flew, and laser eyes lit up 🟧⚡️. Then came the twist: the president’s account was probably hacked. Ouch. 🤦‍♂️🔓 Context matters: Paraguay is already exploring hydro-powered mining incentives, offering surplus energy to licensed miners as part of a broader economic strategy. So the idea wasn’t totally out of left field. 🌊💡 But the hack reminds us how easy it is to spin narratives in crypto — and how quickly hype can turn to confusion. One tweet, one headline, and suddenly everyone’s an expert. 📰🤖 Was it a real policy shift or just another Web3 rumor mill? For now, the president’s office is silent. The community, however, is anything but. Stay tuned. 📡👀",0,0,1,0,0,36,False,1932165466740441338,Twitter Web App,[],bitcoin lang:en -filter:retweets -filter:replies,Latest
1932165402190127562,https://x.com/DecryptMedia/status/1932165402190127562,2025-06-09T19:58:24+00:00,2025-06-09,993530753014054912,DecryptMedia,Decrypt,233823,True,en,"Bitcoin Avoids Death Cross, Ethereum Stabilizes and Fartcoin Defies Gravity: Analysis ► https://t.co/WAMqgH8IEo https://t.co/WAMqgH8IEo",0,6,1,0,0,1711,False,1932165402190127562,decrypt.co,[],bitcoin lang:en -filter:retweets -filter:replies,Latest
1932165393168338990,https://x.com/bill__oconnor/status/1932165393168338990,2025-06-09T19:58:22+00:00,2025-06-09,3145299170,bill__oconnor,Bill O'Connor,636,True,en,"This is why so few people understand bitcoin. Incapable of reasoning, only capable of pattern matching.",0,1,2,0,0,132,False,1932165393168338990,Twitter Web App,[],bitcoin lang:en -filter:retweets -filter:replies,Latest
1932165388051345794,https://x.com/DZack23/status/1932165388051345794,2025-06-09T19:58:21+00:00,2025-06-09,26327250,DZack23,"Daniel ""pɐq umop"" Goldman",7211,False,en,"If you think changing a default mempool relay policy value will destroy Bitcoin then you think Bitcoin is fundamentally broken and it's weird that you call yourself a ""Bitcoiner"" (I know nobody cares what I think about this but I miss fighting with Bitcoiners on the internet!)",0,4,15,0,0,1061,False,1932165388051345794,Twitter Web App,[],bitcoin lang:en -filter:retweets -filter:replies,Latest
1932165379767542014,https://x.com/SimplyBitcoin/status/1932165379767542014,2025-06-09T19:58:19+00:00,2025-06-09,1286277333712809989,SimplyBitcoin,Simply Bitcoin,152783,True,en,"June 8, 2021: Bitcoin: $33,472 Ethereum: $2,497.65 June 8, 2025: Bitcoin: $108,550 Ethereum: $2,526.29",121,69,1205,14,57,63515,False,1932165379767542014,Twitter Web App,[],bitcoin lang:en -filter:retweets -filter:replies,Latest
1932165338109456472,https://x.com/geyserfund/status/1932165338109456472,2025-06-09T19:58:09+00:00,2025-06-09,1427742950973493259,geyserfund,Geyser ⚡️,16555,True,en,"🎷 Jazz meets Bitcoin 🎶 Zielkes Zeltlager is producing their debut album Wanderlust Kosmos—a cosmic blend of modern jazz, chamber music & improvisation. What’s wild? Everyone in the team is getting paid in Bitcoin! Bitcoin funds culture! ⚡ https://t.co/6eLrfybAaU",0,0,3,0,0,280,False,1932165338109456472,Twitter Web App,[],bitcoin lang:en -filter:retweets -filter:replies,Latest
1932165290844107031,https://x.com/Cryptogirl_MD/status/1932165290844107031,2025-06-09T19:57:57+00:00,2025-06-09,1816394230706888706,Cryptogirl_MD,Marsha.CryptoGirl,1557,True,en,Where #Bitcoin is at compared to other global assets 🚀,0,0,4,0,0,108,False,1932165290844107031,Twitter for iPhone,[],bitcoin lang:en -filter:retweets -filter:replies,Latest
1932165198154248638,https://x.com/Adilsolanki9/status/1932165198154248638,2025-06-09T19:57:35+00:00,2025-06-09,1077426720385441792,Adilsolanki9,adil_as143,460,False,en,Enjoy the bull ride @saylor @cz_binance @Bitcoin #SweetAshley #SweetAshley #BitcoinTreasury #도영_soar_날아올라 #NationsLeague #referendum2025 #あなたを奪ったその日から #Madleen #TrendingNow https://t.co/0c5C6RoXrC,1,1,3,0,0,629,False,1932165198154248638,Twitter for iPhone,"[{""type"": ""animated_gif"", ""url"": ""https://pbs.twimg.com/tweet_video_thumb/GtBt__IbMAAtzx4.jpg"", ""expanded_url"": ""https://x.com/Adilsolanki9/status/1932165198154248638/photo/1"", ""video_url"": null}]",bitcoin lang:en -filter:retweets -filter:replies,Latest
1932165190222749921,https://x.com/reardencode/status/1932165190222749921,2025-06-09T19:57:33+00:00,2025-06-09,284741806,reardencode,Rearden 🛩️ BIP448 🥖 fork/acc,7028,True,en,"After the heat death of the universe when the cosmos reboots and bitcoin is invented again but with simplicity as its initial script system. ... Neobitcoiners will argue about replacing it with a more pragmatic, less formally correct language.",2,1,31,0,0,1866,False,1932165190222749921,Twitter for Android,[],bitcoin lang:en -filter:retweets -filter:replies,Latest
1932165163161149662,https://x.com/AwareWealth/status/1932165163161149662,2025-06-09T19:57:27+00:00,2025-06-09,1868750847435501568,AwareWealth,Gael ₿,2892,True,en,"🚨Reflection: The True Opportunity $KULR 🫡 We live in an era where everything moves very fast, where algorithms and society bombard us with information and dopamine, and where these factors can contaminate our long-term investment philosophy. Currently, I see how the price narrative is taking over some people, opening two fronts: On one side, there are investors who still don’t grasp the magnitude of #Bitcoin and how it’s transforming the evolution of money — becoming the new era of digital capital that, in the not-so-distant future, will surpass gold and reach similar market capitalization. Making x10 from current price, $1M per BTC. Remember, $KULR has only been in this incredible transformation for 6 months — just 6 months! The main way it has accumulated that Bitcoin has been mainly through dilution, a strategy that short-term investors don’t like, but for those who understand the BIG PICTURE and what it means for a company like KULR, valued at just $350M, holding nearly $100M in BTC provides enormous stability to its core business and will allow it to grow much more. Moreover, we are already seeing new initiatives, such as Bitcoin mining with proprietary technology, aiming to accumulate more BTC at lower prices and without dilution. Without a doubt, patience is needed for the company to execute its plan. This plan is gaining visibility and will bring future stability, reaching the goal of 1,000 BTC and becoming a Bitcoin Standard company, with alliances like the one we saw today with Strategy, joining the Bitcoin for Corporations initiative. If this isn’t enough for you and doesn’t help you understand the future benefits this can bring, I recommend studying BTC. Dive deep into how it operates on a macroeconomic and political level (a clear example is the recent dispute between Trump and Musk). Observe the events and news happening in the US and other countries, and you’ll understand where I’m coming from. On the other hand, there is the investor who somewhat understands BTC’s potential but now complains that there are no weekly news about new contracts. I call this the dopamine investor — people who can’t see how, just a month and a half ago, $KULR signed a distribution deal for one of the most advanced robotic products in the world, which will soon generate income quickly but will take time to be integrated into the business in real life. This process has probably involved increased expenses in personnel and marketing, as we saw in the latest results but as @michaelmokulr will generate immediate revenues for the Company. Furthermore, this investor forgets that just a few months ago, there was a strong hiring spree and room to scale KULR ONE, but they need to see weekly results to reinforce their conviction. Of course, they are driven by the price narrative, without properly analyzing the fundamentals. We have already seen how the recent results were heavily influenced by the closing price at 82K — which now will boost the Q2 results and, without a doubt, will also impact the inclusion in the Russell 3000. In summary, investing in $KULR is not easy. The BTC strategy + still not generating revenue and with new divisions in development + combined with its size and lack of information, makes it one of the companies that requires the most study. It’s an investment that can offer great returns in the future, but it requires CORAGE, patience, and rigorous analysis. Remember, it is a company valued at $350M, without debt, with a third of its market cap in BTC, and possessing unique technology and expertise in industries with enormous potential and future growth. If you found this useful, share it to help spread awareness of the bright future ahead of us. Greetings to my $KULR KREW, stay strong.🫡",13,5,99,2,13,11008,False,1932165163161149662,Twitter Web App,"[{""type"": ""photo"", ""url"": ""https://pbs.twimg.com/media/GtBtfJYWIAAM3Tl.jpg"", ""expanded_url"": ""https://x.com/AwareWealth/status/1932165163161149662/photo/1"", ""video_url"": null}]",bitcoin lang:en -filter:retweets -filter:replies,Latest
1932165096731500831,https://x.com/coin_baazar/status/1932165096731500831,2025-06-09T19:57:11+00:00,2025-06-09,1123316600134782976,coin_baazar,Coinbaazar,2039,True,en,"Many #crypto influencers have failed to educate people ..a basic difference in terminologies between bitcoin, blockchain, crypto , altcoin , meme coin .., centralised, decentralised , peer to peer , tokenomics, stable coins, forking , and much more ..",0,0,2,0,0,154,False,1932165096731500831,Twitter for iPhone,[],bitcoin lang:en -filter:retweets -filter:replies,Latest
1932165050325750101,https://x.com/cryptorover/status/1932165050325750101,2025-06-09T19:57:00+00:00,2025-06-09,1353384573435056128,cryptorover,Crypto Rover,1594986,True,en,Will Bitcoin history repeat once again? https://t.co/86W7eGcSQx,72,171,508,9,10,84408,False,1932165050325750101,Twitter Web App,"[{""type"": ""photo"", ""url"": ""https://pbs.twimg.com/media/Gs-UIQgWYAAP_9R.jpg"", ""expanded_url"": ""https://x.com/rovercrc/status/1932165050325750101/photo/1"", ""video_url"": null}]",bitcoin lang:en -filter:retweets -filter:replies,Latest
1932226188736389309,https://x.com/DancingEddie_/status/1932226188736389309,2025-06-09T23:59:57+00:00,2025-06-09,2428127946,DancingEddie_,Eddie,30209,True,en,OverExposed Ep. 8 Joined by @udiWertheimer discussing: - Plasma $500m deposit - Bitcoin Runes - Bitcoin hits $110k - Regulatory Green Light?! https://t.co/EnRsZiqlj9,4,8,34,1,3,5695,False,1932226188736389309,Twitter for iPhone,[],bitcoin lang:en -filter:retweets -filter:replies,Latest
1932226095895511045,https://x.com/pabloo_u/status/1932226095895511045,2025-06-09T23:59:34+00:00,2025-06-09,606529988,pabloo_u,pablo_,5799,True,en,mog coin up 28% today on news that bitcoin is going to 13 million,2,1,23,0,0,437,False,1932226095895511045,Twitter for iPhone,[],bitcoin lang:en -filter:retweets -filter:replies,Latest
1932226021878632930,https://x.com/JoeChartingStar/status/1932226021878632930,2025-06-09T23:59:17+00:00,2025-06-09,1285539806584475648,JoeChartingStar,JCS-Charting,8551,True,en,"🔥 $BTC H4 – Did you buy the dip like we did? 📉➡️📈 This move was my call, shared in the video — available to everyone! 🚀 Over +11,000pts locked in already! #jcscharting nails it again — precision, confidence, results. 💥 🎯 Don’t sleep on the next setup. #Bitcoin #BTC #CryptoTrading #CryptoSignals #BitcoinNews #TradingStrategy #HODL #ElliottWave #BTCUSDT #BuyTheDip #CryptoGains",0,10,2,0,0,1379,False,1932226021878632930,Twitter for iPhone,"[{""type"": ""photo"", ""url"": ""https://pbs.twimg.com/media/GtClUUaWwAAuWUi.jpg"", ""expanded_url"": ""https://x.com/JoeChartingStar/status/1932226021878632930/photo/1"", ""video_url"": null}, {""type"": ""photo"", ""url"": ""https://pbs.twimg.com/media/GtClUUZXYAAgmxv.jpg"", ""expanded_url"": ""https://x.com/JoeChartingStar/status/1932226021878632930/photo/1"", ""video_url"": null}, {""type"": ""photo"", ""url"": ""https://pbs.twimg.com/media/GtClUUNWsAA9tk2.jpg"", ""expanded_url"": ""https://x.com/JoeChartingStar/status/1932226021878632930/photo/1"", ""video_url"": null}]",bitcoin lang:en -filter:retweets -filter:replies,Latest
1932226015939743794,https://x.com/EgyptianMaxi/status/1932226015939743794,2025-06-09T23:59:15+00:00,2025-06-09,1860422620614918144,EgyptianMaxi,Egyptian,3878,True,en,We’re nearing an ATH and Bitcoin searches are heading towards an ALL-TIME-LOW! We are going much higher! https://t.co/ZXW58FRZfw,0,0,8,0,0,378,False,1932226015939743794,Twitter for iPhone,"[{""type"": ""photo"", ""url"": ""https://pbs.twimg.com/media/GtClUlLa4AABsf1.jpg"", ""expanded_url"": ""https://x.com/egyptianhodler/status/1932226015939743794/photo/1"", ""video_url"": null}]",bitcoin lang:en -filter:retweets -filter:replies,Latest
1932225987187814445,https://x.com/SatoshiRealm/status/1932225987187814445,2025-06-09T23:59:09+00:00,2025-06-09,1736773980835508224,SatoshiRealm,Vault,12661,True,en,"It's rare that normies have a chance to get into an investment before the elites flood in. They usually front run you, not the other way around. They had regulatory and bureaucratic chaos that they had to go through to get into Bitcoin and crypto... while ordinary people were able to see its value and take action right away. Everything we have seen up until now, although the growth has been amazing, we have only seen the preparty. The real party is about to begin. Businesses, retail, entire countries... we have come to that pivotal moment when the masses are starting to understand and take action quickly. The world knows now that they have to keep printing, and that it's now a race to get the most Bitcoin as they can before the next guy. We have the honor of being here just when the sparks catch fire, and we are about to see crypto spread like wildfire everywhere. Big money, small money, they are all about to come rushing in. They don't care how much you make, fellow normie. They are not going to stop buying after your wallet reaches a certain amount, this isn't a job with a capped salary, this is you holding something that will be highly coveted by the masses. To them you will be just another random wallet that turned into a whale. Another number. For you, if you made the right moves, you will see a number attached to your name that is hard to wrap your head around. Nobody can tell you that you lack qualifications for such money, no rejections because of saturation or because someone doesn't like you... you simply put yourself in the right place at the right time, and you fucking win. Maybe it's the first time in your life that you will get to experience the rewards of being early on something big. Those who took the time to research deeply, who positioned themselves wisely, who waited patiently... they have done the hard work already. The seed is planted, and now that the winter is over they can see it grow to immense size in front of their eyes. I'm talking about $BTC, I'm talking about $SATOSHI, I'm talking about whatever it is that you believe deeply in. This is the season where we grow.",17,3,48,1,4,1326,False,1932225987187814445,Twitter Web App,"[{""type"": ""photo"", ""url"": ""https://pbs.twimg.com/media/GtCbXzXawAAqUvb.jpg"", ""expanded_url"": ""https://x.com/Vault_687/status/1932225987187814445/photo/1"", ""video_url"": null}]",bitcoin lang:en -filter:retweets -filter:replies,Latest
1932225974818525556,https://x.com/mrplentyhoes/status/1932225974818525556,2025-06-09T23:59:06+00:00,2025-06-09,1656076437781192704,mrplentyhoes,the ultimate G,2599,False,en,In the next 5-10-20 years the online money space will change dramatically. Think about how many amazing things which didn't exist 10-20-30 years ago. Crypto didn't exist Artificial intelligence didn't exist Bitcoin didn't exist Etherum didn't exist Twitter didn't exist,0,0,3,0,2,113,False,1932225974818525556,Twitter for Android,[],bitcoin lang:en -filter:retweets -filter:replies,Latest
1932225896326545555,https://x.com/blockearner/status/1932225896326545555,2025-06-09T23:58:47+00:00,2025-06-09,1419895148071198723,blockearner,Block Earner,5090,True,en,TIME TO VOTE: Where is #Bitcoin going this week? 🗳️,0,0,3,0,0,197,False,1932225896326545555,Twitter Web App,[],bitcoin lang:en -filter:retweets -filter:replies,Latest
1932225889334628813,https://x.com/tpacchia/status/1932225889334628813,2025-06-09T23:58:45+00:00,2025-06-09,119772230,tpacchia,thomas,4290,True,en,Once Bitcoin turns 18 he'll finally stop tweeting about it.,4,20,160,1,0,9070,False,1932225889334628813,Twitter for Android,[],bitcoin lang:en -filter:retweets -filter:replies,Latest
1932225865737290109,https://x.com/CoinPages_/status/1932225865737290109,2025-06-09T23:58:40+00:00,2025-06-09,1134129979174920193,CoinPages_,CoinPages,166,False,en,Spread the word. #Bitcoin 🧡 https://t.co/iVQUKzmZaR,0,9,6,0,0,105,False,1932225865737290109,Twitter for Android,"[{""type"": ""photo"", ""url"": ""https://pbs.twimg.com/media/GtClL14XAAAeCMS.jpg"", ""expanded_url"": ""https://x.com/CoinPages_/status/1932225865737290109/photo/1"", ""video_url"": null}]",bitcoin lang:en -filter:retweets -filter:replies,Latest
1932225757201281085,https://x.com/NSE_Investors/status/1932225757201281085,2025-06-09T23:58:14+00:00,2025-06-09,712727824378028033,NSE_Investors,Market Cap Trainers,44238,True,en,"Bitcoin has reclaimed the usd 110,000 mark. Looks like we might hit USD 150,000 for this year.",0,1,3,1,1,3098,False,1932225757201281085,Twitter for Android,[],bitcoin lang:en -filter:retweets -filter:replies,Latest
1932225730664149215,https://x.com/AstroGann33/status/1932225730664149215,2025-06-09T23:58:07+00:00,2025-06-09,760629750796738561,AstroGann33,Olga Morales,38322,True,en,"#Bitcoin #Gann Updated chart, all is visible for you to see how the #Gann angles work. I have added a Gann price flip from the January high to see where price can reach once it escapes the range box. If you want to learn more about Gann's rules for geomentrial angles, I have a whole video explaining the steps. 👇https://t.co/Y6bWyfeEff",9,5,81,0,34,7114,False,1932225730664149215,Twitter Web App,"[{""type"": ""photo"", ""url"": ""https://pbs.twimg.com/media/GtCjaznbwAAal28.jpg"", ""expanded_url"": ""https://x.com/AstroGann33/status/1932225730664149215/photo/1"", ""video_url"": null}, {""type"": ""photo"", ""url"": ""https://pbs.twimg.com/media/GtCklU3aQAAw-pc.jpg"", ""expanded_url"": ""https://x.com/AstroGann33/status/1932225730664149215/photo/1"", ""video_url"": null}]",bitcoin lang:en -filter:retweets -filter:replies,Latest
1932225725274476943,https://x.com/rustycrab23/status/1932225725274476943,2025-06-09T23:58:06+00:00,2025-06-09,1850998798203621376,rustycrab23,Caleb,103,False,en,"This is exactly why Bitcoin exists. When your currency loses value faster than you can earn it, people turn to debt just to survive. Bitcoin offers an escape from the debasement trap. 21 million coins. No exceptions. No printing",0,0,5,0,0,94,False,1932225725274476943,Twitter Web App,[],bitcoin lang:en -filter:retweets -filter:replies,Latest
1932225712519283041,https://x.com/xmrstreet/status/1932225712519283041,2025-06-09T23:58:03+00:00,2025-06-09,1646206389818212371,xmrstreet,xmrstreet.store,869,True,en,"Those still waiting for ""altseason""... Let’s just say, they’re not exactly stacking wealth. Stack sats Buy #Bitcoin Buy #Monero",0,0,2,0,0,131,False,1932225712519283041,tweethunter [X],[],bitcoin lang:en -filter:retweets -filter:replies,Latest
1932225556013351286,https://x.com/Dubs_dog/status/1932225556013351286,2025-06-09T23:57:26+00:00,2025-06-09,1508611559932985349,Dubs_dog,Dubs 💹🧲,1608,True,en,"The whole world discovered bitcoin a while ago, yet people are only coming around to their first purchase now. Have your mates hear of #SPX6900 yet? Ask a stranger if they've heard of it. That's how early you are.",6,1,66,0,1,1183,False,1932225556013351286,Twitter Web App,[],bitcoin lang:en -filter:retweets -filter:replies,Latest
1932225533665755239,https://x.com/NepalAlgo/status/1932225533665755239,2025-06-09T23:57:20+00:00,2025-06-09,1799340685113618432,NepalAlgo,Nepali,1030,False,en,Market makers liquidated 40X Bitcoin whale for $100 Million by sending BTC To $100k Then pumped it to $110k in a single week This market is so fucking insane !!! the matrix has robbed @JamesWynnReal,0,4,1,0,0,94,False,1932225533665755239,Twitter for iPhone,[],bitcoin lang:en -filter:retweets -filter:replies,Latest
1932225512581022136,https://x.com/Investor3Daniel/status/1932225512581022136,2025-06-09T23:57:15+00:00,2025-06-09,1639634271504674817,Investor3Daniel,Investor Daniel,2116,False,en,"Everyone says they love Bitcoin. Then they go wrap it, bridge it, and hand it off to a validator set. That’s not respect. That’s convenience in disguise. We took a shortcut and called it innovation. @PortaltoBitcoin went the other way. No wrapped BTC. No middlemen. No IOUs. Just your Bitcoin, moving across chains without leaving your control. Feels like we’re finally building with Bitcoin instead of around it. Real BTC. Real swaps. Real sovereignty. Not louder. It's just better.",0,9,6,0,0,113,False,1932225512581022136,Twitter for Android,"[{""type"": ""photo"", ""url"": ""https://pbs.twimg.com/media/GtCk3TgXIAArqL6.jpg"", ""expanded_url"": ""https://x.com/Investor3Daniel/status/1932225512581022136/photo/1"", ""video_url"": null}]",bitcoin lang:en -filter:retweets -filter:replies,Latest
1932225506558243203,https://x.com/livewithoscar/status/1932225506558243203,2025-06-09T23:57:14+00:00,2025-06-09,16581126,livewithoscar,Oscar Carboni,16880,True,en,"New Video: Silver, Bitcoin, Ethereum Gone Wild! 06/10/2025 Video#2925 Vote A or B for TSLA https://t.co/DUlXqtOnuz #silver #tsla #bitcoin #Ethereum",1,0,3,0,0,593,False,1932225506558243203,Twitter Web App,[],bitcoin lang:en -filter:retweets -filter:replies,Latest
1932225386974417024,https://x.com/TimKotzman/status/1932225386974417024,2025-06-09T23:56:45+00:00,2025-06-09,18244137,TimKotzman,Tim Kotzman,27112,True,en,Acropolis: Bitcoin and Bitcoin Exposure https://t.co/oyAG6PkBQ4,2,1,6,0,1,2403,False,1932225386974417024,Twitter for iPhone,[],bitcoin lang:en -filter:retweets -filter:replies,Latest
1932225320490619358,https://x.com/JoeConsorti/status/1932225320490619358,2025-06-09T23:56:30+00:00,2025-06-09,3793308794,JoeConsorti,Joe Consorti,62075,True,en,"Bitcoin was created to hedge perpetual money supply growth and US dollar weakness, so don't be shocked when it 1:1 mirrors the chart of money supply growth and US dollar weakness.",6,6,66,0,1,4176,False,1932225320490619358,Twitter Web App,[],bitcoin lang:en -filter:retweets -filter:replies,Latest
1932225309409210400,https://x.com/StoopidR1ch/status/1932225309409210400,2025-06-09T23:56:27+00:00,2025-06-09,962122892438851585,StoopidR1ch,░ Stoopid R1ch ░,4243,True,en,TREAT YOUR PRINCESS RIGHT #memecoin $BASE #Phantom #doglovers #MagicEden $VERSE #DeFi #FogoFlames $IRIS #Arrested #Trump #Binanace $BTC $DOG #Blockchain #Crypto $AAPL #Ethereum #Marines #digitalart #AIart #Bitcoin https://t.co/36VTLAOjVU,0,2,49,0,0,3108,False,1932225309409210400,Twitter Web App,"[{""type"": ""animated_gif"", ""url"": ""https://pbs.twimg.com/tweet_video_thumb/GtCkkTSXwAA5XeH.jpg"", ""expanded_url"": ""https://x.com/Y3000_eth/status/1932225309409210400/photo/1"", ""video_url"": null}]",bitcoin lang:en -filter:retweets -filter:replies,Latest
1932286544909582620,https://x.com/MBA_Bitcoiner/status/1932286544909582620,2025-06-10T03:59:47+00:00,2025-06-10,1643021897871814658,MBA_Bitcoiner,MBA_Bitcoiner,1021,True,en,"I aped in my entire Roth IRA when the Bitcoin ETFs opened up, added MSTR, MTPLF, and K Wave along the way. That Roth IRA has quadrupled in value in the last 16 months.",0,0,6,0,0,601,False,1932286544909582620,Twitter for iPhone,[],bitcoin lang:en -filter:retweets -filter:replies,Latest
1932286495131402428,https://x.com/DudeJLebowski/status/1932286495131402428,2025-06-10T03:59:35+00:00,2025-06-10,1239845089612103680,DudeJLebowski,Bitcoin Lebowski⚡,15639,False,en,"If something doesn't make sense - check your premises. Nobody would actively move to make Bitcoin a less-effective form of money, unless there's something that you're not considering. Incentives.",11,8,108,4,1,2158,False,1932286495131402428,Twitter Web App,[],bitcoin lang:en -filter:retweets -filter:replies,Latest
1932286480027914399,https://x.com/metaversehodl/status/1932286480027914399,2025-06-10T03:59:31+00:00,2025-06-10,1419020790742257664,metaversehodl,Dollar Jesus (Cash Maximalist Arc),5924,True,en,How I turned 1 bitcoin into 250 bitcoin https://t.co/xsiCs4Iuj0,0,1,26,0,0,894,False,1932286480027914399,Twitter for iPhone,"[{""type"": ""photo"", ""url"": ""https://pbs.twimg.com/media/GtDcUAcaAAIvlp4.jpg"", ""expanded_url"": ""https://x.com/metaversehodl/status/1932286480027914399/photo/1"", ""video_url"": null}]",bitcoin lang:en -filter:retweets -filter:replies,Latest
1932286374524207435,https://x.com/JayBrass10/status/1932286374524207435,2025-06-10T03:59:06+00:00,2025-06-10,1594810028095053847,JayBrass10,JayBrass,2213,False,en,"Bitcoin was built for trustless value. But using it across chains has always meant compromise wrapping, bridging, or handing custody to someone else. That’s changing. @PortaltoBitcoin is an interoperability protocol that unlocks true atomic swaps between Bitcoin and other blockchain assets. No wrapping. No bridges. No intermediaries. Just fast, secure, peer to peer trades direct from your wallet. This is a major step toward a fully decentralized financial ecosystem around Bitcoin. One where you can stay in control of your assets while accessing the wider world of DeFi. Because real innovation doesn’t ask you to trust more. It gives you the tools to trust less and do more.",4,6,6,0,0,48,False,1932286374524207435,Twitter for Android,"[{""type"": ""photo"", ""url"": ""https://pbs.twimg.com/media/GtDcN6-WAAAiqsu.jpg"", ""expanded_url"": ""https://x.com/JayBrass10/status/1932286374524207435/photo/1"", ""video_url"": null}]",bitcoin lang:en -filter:retweets -filter:replies,Latest
1932286262993465482,https://x.com/Thekingsmann_/status/1932286262993465482,2025-06-10T03:58:39+00:00,2025-06-10,1646455504837783552,Thekingsmann_,𝙺𝙸𝙽𝙶𝚂𝙼𝙰𝙽 𝚃𝚁𝙰𝙳𝙸𝙽𝙶 ™️,4736,True,en,$Btc Short triggered ✅ Expecting a major reaction from this zone.. Might be exiting at 3rr 🚀 #btc #bitcoin #btcusdt #crypto https://t.co/skuyWNaDmN,0,0,4,0,0,304,False,1932286262993465482,Twitter for Android,"[{""type"": ""photo"", ""url"": ""https://pbs.twimg.com/media/GtDb5fBXQAAJXU-.jpg"", ""expanded_url"": ""https://x.com/Thekingsmann_/status/1932286262993465482/photo/1"", ""video_url"": null}, {""type"": ""photo"", ""url"": ""https://pbs.twimg.com/media/GtDb5fCWUAEpi2N.jpg"", ""expanded_url"": ""https://x.com/Thekingsmann_/status/1932286262993465482/photo/1"", ""video_url"": null}]",bitcoin lang:en -filter:retweets -filter:replies,Latest
1932286151056040085,https://x.com/CoinDesk/status/1932286151056040085,2025-06-10T03:58:13+00:00,2025-06-10,1333467482,CoinDesk,CoinDesk,3712424,True,en,"MARKETS📈: Bitcoin Slides Below $110K Mark, Asia Briefing Notes Emerging Market Fatigue ⚠️ reported by @thesamreynolds",5,38,24,2,0,20585,False,1932286151056040085,Twitter Web App,[],bitcoin lang:en -filter:retweets -filter:replies,Latest
1932286134568022521,https://x.com/UnofficialKas/status/1932286134568022521,2025-06-10T03:58:09+00:00,2025-06-10,804293959887396866,UnofficialKas,Unofficial Kaspa View,1514,False,en,"Here’s a thought that should shake the entire crypto space: > What if the fastest, most secure, most decentralized blockchain already exists… and almost no one realizes it yet? Not in a whitepaper. Not in a testnet. But fully live — right now. That’s not a dream. That’s Kaspa. 🚀 Blocks every single second 🧠 GhostDAG handles them all — simultaneously, without conflict 🔐 Proof-of-Work keeps it trustless and attack-resistant 🌍 No VCs, no premine, no shortcuts — just real users, real miners, real tech Now here’s the kicker: Kaspa isn’t just fast. It’s not just fair. It’s future-proof — because it solves the one problem nobody else can: > How to scale blockchains without breaking decentralization or security. No Layer 2s. No committee-based consensus. No marketing masks. Just the most elegantly disruptive Layer 1 in existence — hiding in plain sight. But here’s where it gets next-level: 🧩 Smart contracts are on the horizon. Yes — the chain that’s already faster, fairer, and more secure than almost anything out there… is about to unlock programmability. And when Kaspa combines its bulletproof base layer with smart contract functionality? That’s not evolution. That’s a complete ecosystem ready to explode. The world hasn’t seen a Layer 1 like this before. But soon, it won’t be able to look away. $KAS is what comes after the hype. It’s what comes next. And when people finally understand what they’re sitting on? $KAS won’t just rise. It’ll become the new benchmark. #Kaspa #Bitcoin #Solana #Ada #SUI",29,3,120,0,2,2420,False,1932286134568022521,Twitter for Android,[],bitcoin lang:en -filter:retweets -filter:replies,Latest
1932286095120847173,https://x.com/motphimhanquoc/status/1932286095120847173,2025-06-10T03:57:59+00:00,2025-06-10,1713169040343171072,motphimhanquoc,이도하 🌊RIVER,3352,False,en,We are entering the era of Defi for Bitcoin🔥,0,2,4,0,0,77,False,1932286095120847173,Twitter for Android,[],bitcoin lang:en -filter:retweets -filter:replies,Latest
1932286061914550749,https://x.com/R3AZZYY/status/1932286061914550749,2025-06-10T03:57:51+00:00,2025-06-10,1848562535823265793,R3AZZYY,REEZ,833,True,en,"Goodnight, everyone 🌙✨ Bitcoin continues to show strength, holding steady and pushing the market with quiet confidence. The overall crypto space is looking healthy with signs of life and opportunity everywhere. Whether you’re holding, trading, or just watching, the future feels bright for digital assets.",0,2,4,1,1,133,False,1932286061914550749,Twitter for iPhone,"[{""type"": ""photo"", ""url"": ""https://pbs.twimg.com/media/GtDb7qBbkAAAhuv.jpg"", ""expanded_url"": ""https://x.com/R3AZZYY/status/1932286061914550749/photo/1"", ""video_url"": null}]",bitcoin lang:en -filter:retweets -filter:replies,Latest
1932286044768240044,https://x.com/daojester/status/1932286044768240044,2025-06-10T03:57:47+00:00,2025-06-10,1905280820929286144,daojester,AIBTC intern,257,True,en,gn to all the bitcoin faces holders reply with your face https://t.co/tqP1SplhGp,0,0,5,0,1,39,False,1932286044768240044,Twitter Web App,"[{""type"": ""photo"", ""url"": ""https://pbs.twimg.com/media/GtDbshfbYAEVlQD.png"", ""expanded_url"": ""https://x.com/daojester/status/1932286044768240044/photo/1"", ""video_url"": null}]",bitcoin lang:en -filter:retweets -filter:replies,Latest
1932286044483055820,https://x.com/girls_bitcoin/status/1932286044483055820,2025-06-10T03:57:47+00:00,2025-06-10,1170347938868076544,girls_bitcoin,Mel,6687,True,en,Bear #3 #BitcoinAlaska #Bitcoin https://t.co/q1CdfYxz5z,0,3,11,0,0,355,False,1932286044483055820,Twitter for iPhone,"[{""type"": ""video"", ""url"": ""https://pbs.twimg.com/amplify_video_thumb/1932285801129476096/img/MNeurjAqqfA62yFe.jpg"", ""expanded_url"": ""https://x.com/girls_bitcoin/status/1932286044483055820/video/1"", ""video_url"": ""https://video.twimg.com/amplify_video/1932285801129476096/vid/avc1/1080x1560/tY8SvOib75pj2ruC.mp4?tag=21""}]",bitcoin lang:en -filter:retweets -filter:replies,Latest
1932286041303486852,https://x.com/EmmiltonG/status/1932286041303486852,2025-06-10T03:57:47+00:00,2025-06-10,1454732973123702784,EmmiltonG,AGΞ,4845,True,en,"Most people earn 5% from crypto. @multiplifi offers over 20%. How? Imagine you have money in a bank and it's giving you just 5% interest a year. Now imagine another system (Multipli) that gives you four times more, but safely and consistently. Here's how they do it in case you're wondering if it's real They combine two smart ways of earning money: I'll explain the first way in this tweet and the second one in my next tweet, so watch out. 1. Perpetual Funding Fees Imagine This: You’re in a room full of people who want to bet on the price of Bitcoin (BTC), whether it will go up or down. But instead of actually buying or selling BTC, they use a special kind of agreement called a perpetual contract, it’s like a never-ending bet on Bitcoin’s price. There are two sides of the bet: 1. Some people are betting the price will go up (called “longs”). 2. Others are betting the price will go down (called “shorts”). To keep things fair, whichever side has more people on it has to pay a small fee to the other side every few hours. That fee is called a perpetual funding fee. If most people think BTC will go up, the “longs” pay the “shorts.” If most think it’ll go down, the “shorts” pay the “longs.” So How Does Multipli Use This? Multipli doesn’t gamble on BTC going up or down. Instead, it plays smart: It takes the side that earns the funding fee whichever one is getting paid at the time. It stays balanced and neutral (not taking price risk) but still collects those small fees constantly and over time, those add up to strong, steady income. No guessing, no risk, that's how perpetual funding fees work. NB: Study next post on how ""Contango from Delivery future"" works. gMultipli to y'all.",2,64,59,1,1,830,False,1932286041303486852,Twitter for Android,"[{""type"": ""photo"", ""url"": ""https://pbs.twimg.com/media/GtDb6fKXwAA7oy1.jpg"", ""expanded_url"": ""https://x.com/EmmiltonG/status/1932286041303486852/photo/1"", ""video_url"": null}]",bitcoin lang:en -filter:retweets -filter:replies,Latest
1932286018352472210,https://x.com/croxroadnewsco/status/1932286018352472210,2025-06-10T03:57:41+00:00,2025-06-10,1813170053824847873,croxroadnewsco,Crox Road ⚡️ Bitcoin Media Channel,1540,True,en,The best time to learn about #Bitcoin was yesterday. https://t.co/SWi1M13dZQ,0,2,9,0,0,76,False,1932286018352472210,Twitter Web App,"[{""type"": ""photo"", ""url"": ""https://pbs.twimg.com/media/GtDbinFWIAAGnfd.jpg"", ""expanded_url"": ""https://x.com/croxroadnewsco/status/1932286018352472210/photo/1"", ""video_url"": null}]",bitcoin lang:en -filter:retweets -filter:replies,Latest
1932285884680057154,https://x.com/ansujeet/status/1932285884680057154,2025-06-10T03:57:09+00:00,2025-06-10,315779094,ansujeet,Overlap by AP,1516,True,en,"Bitcoin is back above $110k, and ETH has broken above $2,700. Let's go! #WAGMI #HODL #Crypto #Bitcoin #Bullish https://t.co/v6jovEJVpt",4,0,5,0,0,57,False,1932285884680057154,Twitter Web App,"[{""type"": ""photo"", ""url"": ""https://pbs.twimg.com/media/GtDbu8YXUAAgcmR.jpg"", ""expanded_url"": ""https://x.com/ansujeet/status/1932285884680057154/photo/1"", ""video_url"": null}, {""type"": ""photo"", ""url"": ""https://pbs.twimg.com/media/GtDbwHTboAAMwDA.jpg"", ""expanded_url"": ""https://x.com/ansujeet/status/1932285884680057154/photo/1"", ""video_url"": null}]",bitcoin lang:en -filter:retweets -filter:replies,Latest
1932285856972484841,https://x.com/SiaChow/status/1932285856972484841,2025-06-10T03:57:03+00:00,2025-06-10,1412780284374708224,SiaChow,Châu Sia 💋,2114,True,en,"Every satlayer post is signal. No one should scroll this tweet without saying gSat. Restaking, yield, and next-gen Bitcoin security—all in one place. Satlayer turning BTC from static to dynamic. Are you building with conviction? gSat if you’re in. https://t.co/7LGISz9pQm",0,1,0,0,0,57,False,1932285856972484841,Twitter Web App,"[{""type"": ""photo"", ""url"": ""https://pbs.twimg.com/media/GtDbt20aMAACf50.png"", ""expanded_url"": ""https://x.com/gamderym/status/1932285856972484841/photo/1"", ""video_url"": null}]",bitcoin lang:en -filter:retweets -filter:replies,Latest
1932285828400624103,https://x.com/adam3us/status/1932285828400624103,2025-06-10T03:56:56+00:00,2025-06-10,213236426,adam3us,Adam Back,874135,True,en,"well that's new, name dropped in bitcoin rap :)",12,34,251,1,14,41462,False,1932285828400624103,Twitter Web App,[],bitcoin lang:en -filter:retweets -filter:replies,Latest
1932285806879580594,https://x.com/JUSTICELOVEMER1/status/1932285806879580594,2025-06-10T03:56:51+00:00,2025-06-10,1187438653548531712,JUSTICELOVEMER1,JUSTICELOVEMERCY,669,True,en,Nanocurrency vs Bitcoin Month to date 4-hour. $XNO $BTC https://t.co/STPWZfmkCZ,0,0,18,0,0,291,False,1932285806879580594,Twitter for Android,"[{""type"": ""photo"", ""url"": ""https://pbs.twimg.com/media/GtDbsqUWoAAG9qk.jpg"", ""expanded_url"": ""https://x.com/JUSTICELOVEMER1/status/1932285806879580594/photo/1"", ""video_url"": null}]",bitcoin lang:en -filter:retweets -filter:replies,Latest
1932285716853096784,https://x.com/JayBrass10/status/1932285716853096784,2025-06-10T03:56:29+00:00,2025-06-10,1594810028095053847,JayBrass10,JayBrass,2213,False,en,"Most Bitcoin holders don’t want to give up custody. And they shouldn't have to, especially not to access the growing world of DeFi and cross-chain opportunities. @PortaltoBitcoin is building something powerful: A custodyless, cross-chain infrastructure that lets you use your native Bitcoin without wrapping it or trusting a third party. No middlemen. No wrapped tokens. Just pure Bitcoin, moving seamlessly across chains. It’s a big step toward making Bitcoin more usable, more connected, and more alive in the broader crypto ecosystem. True decentralization means you stay in control always.",4,5,6,0,0,42,False,1932285716853096784,Twitter for Android,"[{""type"": ""photo"", ""url"": ""https://pbs.twimg.com/media/GtDbno7XwAAFHqT.jpg"", ""expanded_url"": ""https://x.com/JayBrass10/status/1932285716853096784/photo/1"", ""video_url"": null}]",bitcoin lang:en -filter:retweets -filter:replies,Latest
1932285690605105566,https://x.com/NezMediaCompany/status/1932285690605105566,2025-06-10T03:56:23+00:00,2025-06-10,1501678984836255745,NezMediaCompany,FrankNez Media,627,True,en,Bitcoin Now Surges $110K Following Paraguay President's Hacked Account $BTC #Bitcoin #Crypto #CryptoNews https://t.co/RoGgzObqn3,2,0,6,0,6,49,False,1932285690605105566,Scoop.it,[],bitcoin lang:en -filter:retweets -filter:replies,Latest
1932285674838806893,https://x.com/bhangbuddy/status/1932285674838806893,2025-06-10T03:56:19+00:00,2025-06-10,991861028861370368,bhangbuddy,bhangbuddy \z/ 🐵,2079,True,en,Collections fade. Mechanisms shift paradigms. Phase 2 isn’t a ‘reveal’ It’s a Satoshi grade lever pulling Bitcoin into its next fun era. Ignore the noise. Watch the chain. 🔗 @RunelingsBTC,0,0,3,0,0,88,False,1932285674838806893,Twitter Web App,[],bitcoin lang:en -filter:retweets -filter:replies,Latest
1932346948574400686,https://x.com/Adi_OFCL/status/1932346948574400686,2025-06-10T07:59:48+00:00,2025-06-10,1441377136040812549,Adi_OFCL,Adi,1696,True,en,Baby Doge NFT #6104 & Catcoin yacht club NFTs #5 #90 & Catcoin Catc club #38 Landed on the Moon on 2nd of March 2025 at Mare Crisium & will remain there forever in the Blue Ghost Moon Lander. #Babydoge #Catcoin #Bitcoin #Eth #Sol #Ada #LaCasaDeLosFamososCol #BETAwards #LoveIsland #Madleen #NationsLeague #LaCasaDelLosFamososCol2 #FreedomFlotilla #البرتغال_اسبانيا,1,0,2,0,1,404,False,1932346948574400686,Twitter for iPhone,"[{""type"": ""video"", ""url"": ""https://pbs.twimg.com/amplify_video_thumb/1932346784828817408/img/bbTjMB3qBLSdddo_.jpg"", ""expanded_url"": ""https://x.com/Adi_OFCL/status/1932346948574400686/video/1"", ""video_url"": ""https://video.twimg.com/amplify_video/1932346784828817408/vid/avc1/1080x1700/lXhlsNFTaywWaV_C.mp4?tag=21""}, {""type"": ""photo"", ""url"": ""https://pbs.twimg.com/media/GtETKanXIAARIIV.jpg"", ""expanded_url"": ""https://x.com/Adi_OFCL/status/1932346948574400686/video/1"", ""video_url"": null}]",bitcoin lang:en -filter:retweets -filter:replies,Latest
1932346925098946596,https://x.com/BI_EXPO_TRADE/status/1932346925098946596,2025-06-10T07:59:42+00:00,2025-06-10,1846080076053422080,BI_EXPO_TRADE,BINANCE EXPONENT TRADE 💲,1504,False,en,To the moon 120K 🚀🚀 #Crypto #Bitcoin #Ethereum #Altcoins https://t.co/v9jNBlM1Ge,0,0,3,0,0,513,False,1932346925098946596,Twitter for Android,"[{""type"": ""photo"", ""url"": ""https://pbs.twimg.com/media/GtETScjWcAAeahC.jpg"", ""expanded_url"": ""https://x.com/BI_EXPO_TRADE/status/1932346925098946596/photo/1"", ""video_url"": null}]",bitcoin lang:en -filter:retweets -filter:replies,Latest
1932346910175789471,https://x.com/rationalaussie/status/1932346910175789471,2025-06-10T07:59:39+00:00,2025-06-10,365946079,rationalaussie,Rational Aussie,35647,True,en,Buy bitcoin https://t.co/VpDwMVW0Vd,14,35,256,5,40,11773,False,1932346910175789471,Twitter for Android,"[{""type"": ""video"", ""url"": ""https://pbs.twimg.com/amplify_video_thumb/1931661525577863168/img/dH-Rt5FZjYOpRNnT.jpg"", ""expanded_url"": ""https://x.com/BikoKonstantin1/status/1931662101141188957/video/1"", ""video_url"": ""https://video.twimg.com/amplify_video/1931661525577863168/vid/avc1/608x1080/Uw6gMLiGPHEMOWwM.mp4?tag=21""}]",bitcoin lang:en -filter:retweets -filter:replies,Latest
1932346900520308746,https://x.com/BTCTransition/status/1932346900520308746,2025-06-10T07:59:37+00:00,2025-06-10,1879204866616356865,BTCTransition,⚡️The Bitcoin Transition ⚡️,1382,False,en,"Throughout history, people always shift toward the hardest form of money — because soft money fails with inflation. Bitcoin is the worlds hardest form of money. https://t.co/GN6AMiCKMu",0,0,1,0,0,64,False,1932346900520308746,Adobe Express,"[{""type"": ""video"", ""url"": ""https://pbs.twimg.com/ext_tw_video_thumb/1932346871558582272/pu/img/nEX5ViJbsIZPbUnx.jpg"", ""expanded_url"": ""https://x.com/BTCTransition/status/1932346900520308746/video/1"", ""video_url"": ""https://video.twimg.com/ext_tw_video/1932346871558582272/pu/vid/avc1/720x720/QGYMrJJiOgZbzOCF.mp4?tag=12""}]",bitcoin lang:en -filter:retweets -filter:replies,Latest
1932346801023025570,https://x.com/TheMoonShow/status/1932346801023025570,2025-06-10T07:59:13+00:00,2025-06-10,121923873,TheMoonShow,The Moon Show,18836,True,en,THE #BITCOIN RAINBOW PRICE CHART IS AT “ACCUMULATE”. ARE YOU ACCUMULATING? https://t.co/0dA9Tn0rXW,3,3,24,0,0,788,False,1932346801023025570,Twitter Web App,"[{""type"": ""photo"", ""url"": ""https://pbs.twimg.com/media/GtETJX-XQAAPvUt.jpg"", ""expanded_url"": ""https://x.com/TheMoonShow/status/1932346801023025570/photo/1"", ""video_url"": null}]",bitcoin lang:en -filter:retweets -filter:replies,Latest
1932346721452884034,https://x.com/MaxCrypto/status/1932346721452884034,2025-06-10T07:58:54+00:00,2025-06-10,1642604437,MaxCrypto,Max Crypto,141286,True,en,🐳 WHALE BOUGHT $212 MILLION WORTH OF BITCOIN. WE ARE SOO BACK 🚀 https://t.co/eFM2gSJRgy,68,86,649,2,4,15630,False,1932346721452884034,Twitter for iPhone,"[{""type"": ""photo"", ""url"": ""https://pbs.twimg.com/media/GtETGajW8AA1mm2.jpg"", ""expanded_url"": ""https://x.com/MaxCryptoxx/status/1932346721452884034/photo/1"", ""video_url"": null}]",bitcoin lang:en -filter:retweets -filter:replies,Latest
1932346710824759488,https://x.com/FunkPoppin50443/status/1932346710824759488,2025-06-10T07:58:51+00:00,2025-06-10,1840224658962165762,FunkPoppin50443,X.booG,2672,True,en,🧠What do you think about Portal to Bitcoin??? Let's comment in below...🔥 @PortaltoBitcoin #portalhub #litenodes #FutureTech,13,21,29,0,0,447,False,1932346710824759488,Twitter Web App,[],bitcoin lang:en -filter:retweets -filter:replies,Latest
1932346706798260331,https://x.com/CryptoBeast2030/status/1932346706798260331,2025-06-10T07:58:50+00:00,2025-06-10,1879701490928898048,CryptoBeast2030,CryptoBeast2030,9209,True,en,‼️‼️‼️ This is how two deers fight #zelena #Elon #Zelena #Trump #Entertainment #Tommavi #Helevier #Uzaksehir #Shailenzo #Yulioli #Zeudiners #CR7 #NBA #UFC #CTESPN #bbvipal4 #sstvi #GrandeFratello #crypto #bitcoin #LosAngeles https://t.co/4Jcj1ttakI,0,0,2,0,0,1164,False,1932346706798260331,Twitter for iPhone,"[{""type"": ""video"", ""url"": ""https://pbs.twimg.com/ext_tw_video_thumb/1932342748348030976/pu/img/WqN2AWb9BD9Nt-3u.jpg"", ""expanded_url"": ""https://x.com/AMAZlNGNATURE/status/1932342766278791235/video/1"", ""video_url"": ""https://video.twimg.com/ext_tw_video/1932342748348030976/pu/vid/avc1/1280x720/zPJGc8P1LWzasDSa.mp4?tag=12""}]",bitcoin lang:en -filter:retweets -filter:replies,Latest
1932346644462264457,https://x.com/bti_trading/status/1932346644462264457,2025-06-10T07:58:35+00:00,2025-06-10,1176621624948404224,bti_trading,Best Trading Indicator,12119,True,en,"$NEIRO #NEIRO #BTC #cryptotrading #Crypto #Bitcoin #CryptoInvesting #1m Request your trial : https://t.co/sKiZwpLqHX Document your trades, emotions, and lessons learned to refine your strategy over time. Regularly review your past trades. https://t.co/vlXlVa7vP9",2,0,1,0,0,383,False,1932346644462264457,Twitter Web App,"[{""type"": ""photo"", ""url"": ""https://pbs.twimg.com/media/GtES_zlXIAAcrj4.jpg"", ""expanded_url"": ""https://x.com/bti_trading/status/1932346644462264457/photo/1"", ""video_url"": null}]",bitcoin lang:en -filter:retweets -filter:replies,Latest
1932346593610440768,https://x.com/worshipbitcoin/status/1932346593610440768,2025-06-10T07:58:23+00:00,2025-06-10,1590668731520360452,worshipbitcoin,The ₿itcoin Artist,7595,True,en,"GM☕ Bitcoin Core is de facto Bitcoin, right? https://t.co/X4bzfXbDV0",2,3,12,0,0,950,False,1932346593610440768,Twitter Web App,"[{""type"": ""photo"", ""url"": ""https://pbs.twimg.com/media/GtESby8XQAA2pgv.jpg"", ""expanded_url"": ""https://x.com/worshipbitcoin/status/1932346593610440768/photo/1"", ""video_url"": null}]",bitcoin lang:en -filter:retweets -filter:replies,Latest
1932346573200966019,https://x.com/sodathegod_/status/1932346573200966019,2025-06-10T07:58:18+00:00,2025-06-10,1569254968862937089,sodathegod_,sodathegod,44,False,en,Pov: The Bitcoin maxi explaining blockchain to the guy who just wants to know if he'll get rich quick. #MichealSaylorProphecy @gomining https://t.co/U6Ri2RfLP5,0,0,9,0,0,97,False,1932346573200966019,Twitter for Android,"[{""type"": ""photo"", ""url"": ""https://pbs.twimg.com/media/GtES9dxX0AAHZng.jpg"", ""expanded_url"": ""https://x.com/sodathegod_/status/1932346573200966019/photo/1"", ""video_url"": null}]",bitcoin lang:en -filter:retweets -filter:replies,Latest
1932346495463784528,https://x.com/bc1_anchor/status/1932346495463784528,2025-06-10T07:58:00+00:00,2025-06-10,1910940779276558336,bc1_anchor,anchor,1112,False,en,"GM Block #900632 added Every 10 minutes, the truth gets timestamped. Say GM and carry the signal #Bitcoin #ProofOfWork #GM",0,1,5,0,0,227,False,1932346495463784528,Twitter Web App,[],bitcoin lang:en -filter:retweets -filter:replies,Latest
1932346478778896719,https://x.com/CostaXTrend/status/1932346478778896719,2025-06-10T07:57:56+00:00,2025-06-10,1085705736821399553,CostaXTrend,Costa 🐆⬛🟨⬜,3513,False,en,"$BTC sitting at ~$109K, consolidating after that wild ride to $112K last month! Bulls are still in control with 50-day EMA holding strong at $100.8K, but I’m watching that $104K support closely. RSI at 54 shows neutral momentum... room to run or dip? ETF inflows slowing, but institutional FOMO feels real. Anyone else eyeing $120K by end of June or expecting a pullback to $95K? #Bitcoin",1,1,3,0,0,126,False,1932346478778896719,Twitter Web App,"[{""type"": ""animated_gif"", ""url"": ""https://pbs.twimg.com/tweet_video_thumb/GtES4JoWYAAyBEA.jpg"", ""expanded_url"": ""https://x.com/CostaXTrend/status/1932346478778896719/photo/1"", ""video_url"": null}]",bitcoin lang:en -filter:retweets -filter:replies,Latest
1932346389276528861,https://x.com/bti_trading/status/1932346389276528861,2025-06-10T07:57:35+00:00,2025-06-10,1176621624948404224,bti_trading,Best Trading Indicator,12119,True,en,$AIOZ #AIOZ #BTC #cryptotrading #Crypto #Bitcoin #CryptoInvesting #5m Request your trial : https://t.co/sKiZwpLqHX Simple chart patterns and candlestick formations can offer insights that transcend the noise of indicators. Keep a detailed trading journal. https://t.co/CC8Fz6eSvw,2,0,2,0,0,237,False,1932346389276528861,Twitter Web App,"[{""type"": ""photo"", ""url"": ""https://pbs.twimg.com/media/GtESzC7WgAAdjTv.png"", ""expanded_url"": ""https://x.com/bti_trading/status/1932346389276528861/photo/1"", ""video_url"": null}]",bitcoin lang:en -filter:retweets -filter:replies,Latest
1932346372369641724,https://x.com/LazyICP/status/1932346372369641724,2025-06-10T07:57:31+00:00,2025-06-10,1874044842743128069,LazyICP,Lazy,400,False,en,"$ICP is no ordinary blockchain—it’s the ultimate crypto cloud! The Internet Computer transcends token ledgers to deliver a decentralized, scalable platform hosting everything on-chain. Paired with $MCDOMS, it’s a Web3 powerhouse! Here’s why $ICP & $MCDOMS shine: Crypto Cloud Revolution: $ICP runs full-stack apps—AI, DeFi, social networks—on-chain, eliminating Big Tech clouds like AWS, unlike Ethereum’s off-chain reliance. Infinite Scale: Subnets make $ICP faster as it grows, outpacing Solana or Polygon’s scalability limits. Chain Fusion Magic: $ICP integrates seamlessly with Bitcoin, Ethereum, and more, enabling instant $ckBTC transactions—no bridges needed. Zero User Fees: $ICP’s reverse gas model ensures free dApp usage, making Web3 accessible, unlike gas-heavy chains like Arbitrum. $MCDOMS Momentum: The $MCDOMS community fuels $ICP’s ecosystem with fun in Web3. $ICP is the new internet, where on-chain is the new online. With $MCDOMS, you’re not just holding a token—you’re part of a decentralized revolution powered by the NNS DAO and CaffeineAI’s no-code app-building. Join the future! #InternetComputer #MCDOMS Explore: https://t.co/JmXj2WilDL @realclownicp @hiringmcdomalds $MCDOMS @apewifbull $AWB https://t.co/nZ6JFcisH1 https://t.co/LeQyOi8Sov",2,0,9,0,0,129,False,1932346372369641724,Twitter Web App,[],bitcoin lang:en -filter:retweets -filter:replies,Latest
1932346348470456704,https://x.com/DaveBoyGR/status/1932346348470456704,2025-06-10T07:57:25+00:00,2025-06-10,2257375327,DaveBoyGR,Dave,7844,False,en,"Crypto market’s on a rollercoaster again 🙁 Bitcoin dips below \$67K, altcoins follow. Hold tight or cash out? #Crypto #Bitcoin #Altcoins",2,0,1,0,0,854,False,1932346348470456704,Twitter for Android,[],bitcoin lang:en -filter:retweets -filter:replies,Latest
1932346280652509598,https://x.com/streetcyber_art/status/1932346280652509598,2025-06-10T07:57:09+00:00,2025-06-10,849401352996478977,streetcyber_art,Street CY₿ER,15346,True,en,From weapons to paint rollers—Bitcoin is the revolution without bloodshed. https://t.co/frF20EKGQB,4,1,14,0,0,879,False,1932346280652509598,tweethunter [X],"[{""type"": ""photo"", ""url"": ""https://pbs.twimg.com/media/GtESs2xW8AAAlKm.jpg"", ""expanded_url"": ""https://x.com/streetcyber_art/status/1932346280652509598/photo/1"", ""video_url"": null}]",bitcoin lang:en -filter:retweets -filter:replies,Latest
1932346243730067608,https://x.com/DrCrypto47/status/1932346243730067608,2025-06-10T07:57:00+00:00,2025-06-10,1131416139534352386,DrCrypto47,Doc,12231,True,en,'wen altszn sir'? .... Alt season analysis thread coming up a bit later today... Also this week's analysis on SOPR will be out later too... For now...let me just enjoy my coffee ritual.... #Bitcoin #Cypto #altseason https://t.co/KKqet5plwC,0,5,61,0,0,1876,False,1932346243730067608,Twitter Web App,"[{""type"": ""photo"", ""url"": ""https://pbs.twimg.com/media/GtEI3MPX0AAK-kz.jpg"", ""expanded_url"": ""https://x.com/DrCrypto47/status/1932346243730067608/photo/1"", ""video_url"": null}]",bitcoin lang:en -filter:retweets -filter:replies,Latest
1932346155460960347,https://x.com/lwsresearch/status/1932346155460960347,2025-06-10T07:56:39+00:00,2025-06-10,1531936804139683840,lwsresearch,LWS Financial Research,6534,True,en,"🚨 BlackRock’s Bitcoin ETF just broke a record iShares Bitcoin Trust $IBIT has become the fastest ETF in history to surpass $70 billion AUM – in just 341 days 📈🔥 🔹 Previous record? SPDR Gold Shares ($GLD) — took 1,691 days. 🔹 $IBIT now holds 661,457 BTC, surpassing Binance & Saylor’s firm. 🔹 AUM: $71.9B as of today. 🔹 Current IBIT price: $61.77, up +5.3% over the last 5 days. 🔹 Bitcoin: Back above $110K 🟧 📊 Since launch (Jan 2024), IBIT has pulled in $48.7B in net inflows, outperforming all other 10 spot BTC ETFs launched the same day. 🏆 Awards: • “Best New ETF” – https://t.co/TDEbqtVCeB • “Crypto ETP of the Year” 👤 Some Bitcoiners are cautious about institutional dominance… But as Adam Back said: “Not everyone knows how to self-custody. ETFs help close the gap.” 📅 Analyst Eric Balchunas believes IBIT could surpass Satoshi in BTC holdings by next summer. #Bitcoin #ETF #BlackRock #IBIT #BTC #Crypto #InstitutionalAdoption #FinTwit",0,0,1,0,0,383,False,1932346155460960347,Twitter Web App,"[{""type"": ""photo"", ""url"": ""https://pbs.twimg.com/media/GtESTYmWMAAUZgk.jpg"", ""expanded_url"": ""https://x.com/lwsresearch/status/1932346155460960347/photo/1"", ""video_url"": null}]",bitcoin lang:en -filter:retweets -filter:replies,Latest
1932346153044976101,https://x.com/Trader_XO/status/1932346153044976101,2025-06-10T07:56:38+00:00,2025-06-10,1381341090,Trader_XO,XO,548337,True,en,"GM Fully out of perp longs - at 109s 100-109s was the range I stated Im looking to play last week Bitcoin into key resistance 110-111s Ethereum into resistance 27-28s CPI Tomorrow: Wouldnt be surprised to see a level of profit taking, hedging pre cpi and a drop off in momentum. I believe Mondays range could very well play a part here. Support down at 105 - 106s key level imo",12,49,321,1,34,143288,False,1932346153044976101,Twitter Web App,[],bitcoin lang:en -filter:retweets -filter:replies,Latest
1932407276582957279,https://x.com/Stonksyio/status/1932407276582957279,2025-06-10T11:59:31+00:00,2025-06-10,1458369883243167746,Stonksyio,Stonksy.io,5867,True,en,BITCOIN PRICE LIVE ‼️ New Highs For BTC?? Huge Indicator Gains!! https://t.co/VUE7QnIZVh,6,2,22,0,1,6010,False,1932407276582957279,erased8036141_052BSwz4Zo,[],bitcoin lang:en -filter:retweets -filter:replies,Latest
1932407262942826840,https://x.com/XM_COM/status/1932407262942826840,2025-06-10T11:59:28+00:00,2025-06-10,513832375,XM_COM,XM_COM,140495,False,en,"#Bitcoin trades just below the 110,000 key mark, rising 2% in the past 24 hours, and just 2% short of the record high of 111,980 it set last month. Find out more in our technical analysis 👉 https://t.co/62TYMTGiIP #XM #TechnicalAnalysis Your capital is at risk.",0,0,1,0,0,442,False,1932407262942826840,Sprinklr Publishing,[],bitcoin lang:en -filter:retweets -filter:replies,Latest
1932407262288728355,https://x.com/0xjugger/status/1932407262288728355,2025-06-10T11:59:28+00:00,2025-06-10,1710045869314113536,0xjugger,Juggernaut ❖,1637,False,en,"Step into the Portal where #Bitcoin meets every chain. ⚡ Swap trustlessly, without bridges or wrapped tokens. @PortaltoBitcoin = True cross-chain freedom. #Crypto #Web3 https://t.co/8Xk3WvVOWi",0,0,1,0,0,30,False,1932407262288728355,Twitter Web App,"[{""type"": ""photo"", ""url"": ""https://pbs.twimg.com/media/GtFJ-GsakAAIz4x.jpg"", ""expanded_url"": ""https://x.com/Iqbaal444/status/1932407262288728355/photo/1"", ""video_url"": null}]",bitcoin lang:en -filter:retweets -filter:replies,Latest
1932407248560767448,https://x.com/JONDONI_CRYPTO/status/1932407248560767448,2025-06-10T11:59:25+00:00,2025-06-10,1693290439481434112,JONDONI_CRYPTO,The Crypto Radar NewStand,1799,True,en,"""Trump's CFTC pick Quintenz pledges clear crypto classification in written remarks for Senate hearing"" #ShibaInu #Ethereum #Bitcoin #XRP #Solana #Onda #Cronos #Binance #Picoin #Cardano #Litecoin #Finance #CryptoNews https://t.co/swt8qx9sAt",1,0,2,0,0,99,False,1932407248560767448,Twitter for Android,[],bitcoin lang:en -filter:retweets -filter:replies,Latest
1932407244869816455,https://x.com/JONDONI_CRYPTO/status/1932407244869816455,2025-06-10T11:59:24+00:00,2025-06-10,1693290439481434112,JONDONI_CRYPTO,The Crypto Radar NewStand,1799,True,en,"""Trump’s CFTC pick calls blockchain a society-shaping technology"" #ShibaInu #Ethereum #Bitcoin #XRP #Solana #Onda #Cronos #Binance #Picoin #Cardano #Litecoin #Finance #CryptoNews https://t.co/xIhiDZEoLz",0,0,2,0,0,60,False,1932407244869816455,Twitter for Android,[],bitcoin lang:en -filter:retweets -filter:replies,Latest
1932407242428715015,https://x.com/JustnThePhotog/status/1932407242428715015,2025-06-10T11:59:23+00:00,2025-06-10,788097306247561216,JustnThePhotog,Justin The Photographer 📸,15055,True,en,$109k bitcoin -&gt; $22 avax https://t.co/Vw5UP86L1B,0,2,25,1,0,1911,False,1932407242428715015,Twitter for iPhone,"[{""type"": ""photo"", ""url"": ""https://pbs.twimg.com/media/GtFKJYwaQAA5Eo3.jpg"", ""expanded_url"": ""https://x.com/JustnThePhotog/status/1932407242428715015/photo/1"", ""video_url"": null}]",bitcoin lang:en -filter:retweets -filter:replies,Latest
1932407236078219673,https://x.com/FitzoCrypto/status/1932407236078219673,2025-06-10T11:59:22+00:00,2025-06-10,1382651117411168256,FitzoCrypto,Fitzo Crypto / Crypto OG,10876,True,en,#Bitcoin #BTC dominance just died a fast death Have you been following my altseason updates ? https://t.co/CBigyNmM9l,0,3,14,0,0,1031,False,1932407236078219673,Twitter Web App,"[{""type"": ""photo"", ""url"": ""https://pbs.twimg.com/media/GtFKEglWkAAIavv.jpg"", ""expanded_url"": ""https://x.com/FitzoCrypto/status/1932407236078219673/photo/1"", ""video_url"": null}]",bitcoin lang:en -filter:retweets -filter:replies,Latest
1932407210275209471,https://x.com/noushad220/status/1932407210275209471,2025-06-10T11:59:15+00:00,2025-06-10,1830725876734115840,noushad220,"GRO55 (🍊,💊)",826,False,en,@motoswap is where you go to explore what smart contracts look like on Bitcoin. @opnetbtc,3,4,4,0,0,18,False,1932407210275209471,Twitter Web App,[],bitcoin lang:en -filter:retweets -filter:replies,Latest
1932407203547476283,https://x.com/doit4thetwins/status/1932407203547476283,2025-06-10T11:59:14+00:00,2025-06-10,3981854662,doit4thetwins,Mike,1373,False,en,Which one of these bitcoin treasury companies will be the first to RNS the dreaded: ‘unfortunately our wallet has been drained’,0,0,2,1,0,2768,False,1932407203547476283,Twitter for iPhone,[],bitcoin lang:en -filter:retweets -filter:replies,Latest
1932407195494142415,https://x.com/MachadoClement/status/1932407195494142415,2025-06-10T11:59:12+00:00,2025-06-10,547406397,MachadoClement,CMC,9,True,en,"#Bitcoin Block Update 🪙 Block: 900616 ""Bitcoin block #900616 sees record-breaking volume of 6247.92 BTC! Two large transactions over 100 BTC are among the notable events in this block #bitcoin #blockdata"" #BTC #Blockchain",0,0,2,0,0,18,False,1932407195494142415,Semiconductor Education,[],bitcoin lang:en -filter:retweets -filter:replies,Latest
1932407185801441743,https://x.com/BitcoinNewsCom/status/1932407185801441743,2025-06-10T11:59:10+00:00,2025-06-10,3005014565,BitcoinNewsCom,Bitcoin News,262410,True,en,Bitcoin dominance explained https://t.co/t5AWvAkLEu,26,23,178,3,24,13705,False,1932407185801441743,Twitter for iPhone,"[{""type"": ""video"", ""url"": ""https://pbs.twimg.com/amplify_video_thumb/1932407169049124864/img/4ItBgqFTNXnck6Oq.jpg"", ""expanded_url"": ""https://x.com/BitcoinNewsCom/status/1932407185801441743/video/1"", ""video_url"": ""https://video.twimg.com/amplify_video/1932407169049124864/vid/avc1/460x438/-MjrlJ7NBWUH8zLT.mp4?tag=21""}]",bitcoin lang:en -filter:retweets -filter:replies,Latest
1932407177966190791,https://x.com/moon_dot_gov/status/1932407177966190791,2025-06-10T11:59:08+00:00,2025-06-10,1292910740,moon_dot_gov,MOON🌓HODLER⚡️👨‍🚀 ∞ /21 MILLION 🚀,7893,True,en,If it is confiscatable it is not #bitcoin 🤷‍♂️,0,0,4,0,0,141,False,1932407177966190791,Twitter for iPhone,[],bitcoin lang:en -filter:retweets -filter:replies,Latest
1932407176795996553,https://x.com/BitcoinArchive/status/1932407176795996553,2025-06-10T11:59:07+00:00,2025-06-10,970994516357472257,BitcoinArchive,Bitcoin Archive,1810728,True,en,The Beauty of Bitcoin: Converting 🔥 into monetary energy. By @separ8 https://t.co/SPSzoWBMbp,106,97,929,2,7,60257,False,1932407176795996553,Twitter for iPhone,"[{""type"": ""video"", ""url"": ""https://pbs.twimg.com/ext_tw_video_thumb/1932393471903711232/pu/img/bWj28PGcB6SByx2x.jpg"", ""expanded_url"": ""https://x.com/separ8/status/1932393508213833745/video/1"", ""video_url"": ""https://video.twimg.com/ext_tw_video/1932393471903711232/pu/vid/avc1/588x1280/69rr9TrYA7_A6Guw.mp4?tag=12""}]",bitcoin lang:en -filter:retweets -filter:replies,Latest
1932407096022044843,https://x.com/Ammyxcakes/status/1932407096022044843,2025-06-10T11:58:48+00:00,2025-06-10,1593581023257837568,Ammyxcakes,🌹FreakyRedd,1990,False,en,***INVESTING PROGRAM ✅ - Invest 100$ get 40$ daily - Invest 500$ get 200$ daily - Invest 1000$ get 400$ daily - Invest 5000$ get 1800$ daily #bitcoin #crypto #btc #eth #altcoin #trading #signal #memecoin #forex #xau #investing #gold #blockchain #GarudaMendunia #BlackOps7,0,1,2,0,0,58,False,1932407096022044843,Twitter for iPhone,[],bitcoin lang:en -filter:retweets -filter:replies,Latest
1932407017936757060,https://x.com/AnnieNFTT/status/1932407017936757060,2025-06-10T11:58:30+00:00,2025-06-10,1490249960167723009,AnnieNFTT,AnnieNFTT,7925,True,en,"Mirror, mirror on the wall, What’s the fastest chain of all? Not Sol, not Sui, not Aptos flair. It’s Sei GIGA blazing through the air! Why speed matters in blockchain: 🔴User Experience = Instant No one wants to wait 10 seconds for a swap or get stuck in pending hell. 🔴Gaming, & Real-Time Apps NEED Speed •Games stay real-time •Traders don’t get wrecked by slippage 🔴 More Speed = More Throughput The faster blocks finalize, the more transactions the network can handle (lower gas fees/no delays/more room for ai,DeFi,NFTs & gaming at the same time) 🔴 Enables the AI Economy Agents can operate autonomously (fast finality lets agents hire, pay, rebalance portfolios, execute strategies without humans) NOW LETS TALK NUMBERS 🫵 Sei ~390 ms Solana~2–4 seconds Sui~2–3 seconds Aptos~1–2 seconds Ethereum~12–15 seconds (you will feel the wait in your bones lol) Bitcoin~10 minutes (Go make coffee ☕️) 🔴What makes Sei GIGA different?🔴 ✔️It doesn’t just run fast, it runs smart. ✔️It’s built with a parallel EVM, meaning it processes thousands of transactions at once. ✔️And it has a native matching engine baked into the chain no smart contract delay when placing orders. It means: ☑️Trading happens faster than you can refresh a page ☑️Games feel real-time ☑️AI agents can act without waiting for humans to click “confirm” So as you see @SeiNetwork isn’t just talking about speed, it’s actually delivering it. And once you try something this smooth, it’s hard to go back.",1,42,63,0,1,1743,False,1932407017936757060,Twitter for iPhone,"[{""type"": ""photo"", ""url"": ""https://pbs.twimg.com/media/GtFJ8BsWoAAY6hA.jpg"", ""expanded_url"": ""https://x.com/AnnieNFTT/status/1932407017936757060/photo/1"", ""video_url"": null}]",bitcoin lang:en -filter:retweets -filter:replies,Latest
1932407009313222968,https://x.com/Utoday_en/status/1932407009313222968,2025-06-10T11:58:28+00:00,2025-06-10,953559767242498049,Utoday_en,U.Today,99548,True,en,".@Saylor chose $BTC Bitcoin over art, gold, over soaring stocks and real estate, here’s why https://t.co/vJ8H8UDKzR",2,20,5,0,0,812,False,1932407009313222968,IFTTT,[],bitcoin lang:en -filter:retweets -filter:replies,Latest
1932406930082758929,https://x.com/CoinDesk/status/1932406930082758929,2025-06-10T11:58:09+00:00,2025-06-10,1333467482,CoinDesk,CoinDesk,3712423,True,en,"🗞️ BTC trades 2% short of its record high, bitcoin treasury companies driving momentum 🗞️ ETH follows suit, gaining 7% in the past 24 hours 🗞️ Société Générale plans to launch a US dollar backed stablecoin on Ethereum and Solana @jennsanasie hosts “CoinDesk Daily."" 👇 🔗 Thank you to @hodlwithLedn 🤝 for being a sponsor of the CoinDesk media network.",3,21,30,1,0,18653,False,1932406930082758929,Sprout Social,"[{""type"": ""video"", ""url"": ""https://pbs.twimg.com/media/GtFJ2AdXcAATDew.jpg"", ""expanded_url"": ""https://x.com/CoinDesk/status/1932406930082758929/video/1"", ""video_url"": ""https://video.twimg.com/amplify_video/1932406823392260097/vid/avc1/1280x720/4zrqprUXC-39ssDQ.mp4?tag=14""}]",bitcoin lang:en -filter:retweets -filter:replies,Latest
1932406878455091704,https://x.com/Ammyxcakes/status/1932406878455091704,2025-06-10T11:57:56+00:00,2025-06-10,1593581023257837568,Ammyxcakes,🌹FreakyRedd,1990,False,en,#HIPPOUSDT Entry: 0.00205 Target 1: 0.00208 ✅ Target 2: 0.00211✅ #bitcoin #crypto #btc #eth #altcoin #trading #signal #memecoin #forex #xau #investing #gold #blockchain $HIPPO #البرتغال_اسبانيا #MasterChefCelebrity #BETAwards2025 #DEADLINE_IN_BANGKOK #GarudaMendunia #อิงล็อต,0,1,0,0,0,477,False,1932406878455091704,Twitter for iPhone,[],bitcoin lang:en -filter:retweets -filter:replies,Latest
1932406873401020562,https://x.com/DuKeHoEK/status/1932406873401020562,2025-06-10T11:57:55+00:00,2025-06-10,1755662381080784896,DuKeHoEK,DuKe Höek ☩ vs babylon ⛺🏴‍☠️,4722,False,en,i got fake bitcoin puppets just saying,0,0,6,0,0,267,False,1932406873401020562,Twitter for Android,[],bitcoin lang:en -filter:retweets -filter:replies,Latest
1932406837405426038,https://x.com/Brandoniann1/status/1932406837405426038,2025-06-10T11:57:47+00:00,2025-06-10,1388627492467093509,Brandoniann1,Braindoniann,866,False,en,I've been slacking but I do plan to run a knots node. Still w noob in that dept. I don't mind spending a little money but I have an old but decent laptop. Thoughts? #Bitcoin,0,2,3,0,0,47,False,1932406837405426038,Twitter for Android,[],bitcoin lang:en -filter:retweets -filter:replies,Latest
1932467787789992209,https://x.com/PipTracer/status/1932467787789992209,2025-06-10T15:59:58+00:00,2025-06-10,1416982133751513088,PipTracer,PIP TRACER,176,True,en,$BTC Shift SL to Breakeven 😋💰 #Crypto #trading #bitcoin https://t.co/2xPc86o0W4,0,0,1,0,0,38,False,1932467787789992209,Twitter for Android,"[{""type"": ""photo"", ""url"": ""https://pbs.twimg.com/media/GtGBNeUXwAA-Jfh.jpg"", ""expanded_url"": ""https://x.com/TheSecretPipss/status/1932467787789992209/photo/1"", ""video_url"": null}]",bitcoin lang:en -filter:retweets -filter:replies,Latest
1932467767229202832,https://x.com/Cryptking_1/status/1932467767229202832,2025-06-10T15:59:53+00:00,2025-06-10,101640475,Cryptking_1,Cryptking.eth 👑 🦍,45574,True,en,"🚨 Market Events and Mindshare News. 06/10/2025 || Born Bored Media. 🪙 Bitcoin: $108,966. 🪙 Ethereum: $2,729.33. ⭐️ If one of us can do it, we all can do it. 🗞️ Market Events 1⃣ @1inch latest Pathfinder upgrade boosts swap efficiency by up to 6.5%, slashes gas costs, and enhances user experience, strengthening its edge as DeFi's top aggregator. 2⃣ Arthur Hayes believes the Bank of Japan’s June 16–17 meeting could ignite a Bitcoin rally if it pivots from quantitative tightening to renewed QE, injecting liquidity into global risk markets. 3⃣ Bitcoin and US crypto stocks rose on Monday as firms like BitMine and KULR announced new Bitcoin treasury purchases, boosting market confidence amid easing global trade tensions. 4⃣ Paraguay's presidential office denied a now-deleted post from President Santiago Peña's account claiming Bitcoin was legal tender, warning of ""irregular activity"" and urging the public to trust only official sources. (No take backs, lol. - ck) 5⃣ At the Proof of Talk conference, Haun Ventures’ Diogo Monica argued that stablecoins may be safer than commercial bank deposits due to their backing by GSIB reserves or U.S. Treasury bills, though critics warned that transparency issues, especially with issuers like Tether, still pose significant risks. 6⃣ Trump backed American Bitcoin (ABTC) has quietly accumulated 215 BTC, worth over $23 million since launching in April, positioning Bitcoin ownership as its core strategy while preparing to go public via a merger with Gryphon Digital Mining. 7⃣ Michael Saylor urged @Apple to buy Bitcoin, arguing it would outperform the company’s underwhelming $110B stock buyback program, as Bitcoin gains and corporate adoption accelerate globally. 8⃣ @BlackRock IBIT has become the fastest ETF in history to surpass $70 billion AUM, now holding over 661,000 BTC, putting it on pace to eclipse Satoshi Nakamoto’s estimated holdings by next summer. 9⃣ Hong Kong is partnering with @chainlink Cross Chain Interoperability Protocol in its CBDC pilot to test cross border transactions between permissioned and permissionless blockchains using the e-HKD. 1⃣0⃣ Nasdaq listed fintech Netcapital has acquired crypto native protocol Mixie through its portfolio company Zelgor, marking a notable TradFi to DeFi bridge that sent NCPL shares up over 16% amid a broader surge in crypto M&A activity. 🔥 Mindshare News. 1⃣ @defiapp - Airdrop is live. - The $HOME flywheel is on. - Fees recycled, supply combusted, power returned. - DeFi App made the onchain click feel like magic. - Users just got directions HOME. 2⃣ @Polkadot - Polkadot drops a co-branded @Visa payment card proposal that flips TradFi on its head. - Non-custodial, Apple Pay ready, and live at 150M+ merchants. - Backed by @CL_Technology (Baanx) , same crew behind MetaMask cards. - DAO vote live now. DOT holders decide if we bank ourselves. 3⃣ @OpenledgerHQ - OpenLedger teams up with @carv_official to level up gaming data. - Carv’s modular layer brings on-chain attribution to AI pipelines. - That means transparent, verifiable data for next-gen gameplay. - It’s a big win for trust, tracking, and the future of digital skill. 4⃣ @newton_xyz - Kaito just unlocked 75bps of $NEWT, early minds win early. - Now the question is, who’s hungry for bonus rounds? - More rewards may be on the table, but not for the passive. - Stay active, stay sharp. Magic favors the movers. - Keep notifications on for next announcements. 5⃣ @katana - Yapper leaderboard just dropped via @KaitoAI ⚔ - AI watches every account, Casual or Hardcore, Sposter or Curator. - It’s not just what you say, it’s how often, how sharp. - DeFi clout now has receipts. Let the mindshare wars begin. 6⃣ @NetworkNoya - Space Race is live powered by Kaito and built for signal, not noise. - Loyalty, attention, and context matter now. - Every yap, tag, and take is tracked — bots get buried, real minds rise. - It’s omnichain AI and DeFi, voice activated and yield optimized. 7⃣ @Lombard_Finance - The Bitcoin LST market is nearing $4B TVL and the race is heating up. - Lombard Finance leads with over 18K LBTC staked on-chain. - Liquid Bitcoin yield is no longer a side quest — it’s the new frontier. From pumpBTC to uniBTC, the ecosystem is stacking fast. 8⃣ @infinex - If you’re a Patron heading to Permissionless NYC, don’t miss the Secret Patron Cabal on Telegram. - Exclusive access for Patron holders only, no outsiders. - Connect your Telegram in Infinex settings to unlock the invite. (be safe always). - Big announcements dropping soon. Stay ready. 9⃣ @cookiedotfun - Chinese-speaking $COOKIE stakers, Cookie DAO sees you loud and clear. - Surge in activity means it’s time to build community. - Introducing @cookiedotfuncn , your new hub for all things Cookie in Chinese. - 欢迎 , let’s grow this together! 1⃣0⃣ Top 6 Kaito heatmap movers right now: 🏆 defidotapp : 6.23%. 🥈 pumpdotfun : 6.23%. 🥉 MagicNewton : 5.67%. 4⃣ infinex : 5.41%. 5⃣ sparkdotfi : 4.94%. 6⃣ opensea : 4.24%. Tuesday is moving fast, and minds are moving. Stay in front of the current events to stay in front of the curve. Who is on your mindshare?",0,22,34,0,0,1372,False,1932467767229202832,Twitter Web App,"[{""type"": ""photo"", ""url"": ""https://pbs.twimg.com/media/GtGA36kXEAAR8yj.jpg"", ""expanded_url"": ""https://x.com/Cryptking_1/status/1932467767229202832/photo/1"", ""video_url"": null}]",bitcoin lang:en -filter:retweets -filter:replies,Latest
1932467762707743211,https://x.com/infinitybanyan/status/1932467762707743211,2025-06-10T15:59:52+00:00,2025-06-10,1227804090136236033,infinitybanyan,tree of dopamine,7264,True,en,I just realized the convo was about $Hype and not bitcoin and 😮‍💨😮‍💨😮‍💨😮‍💨😮‍💨😮‍💨😮‍💨😮‍💨😮‍💨😮‍💨😮‍💨😮‍💨😮‍💨😮‍💨😮‍💨😮‍💨😮‍💨,0,0,14,0,0,717,False,1932467762707743211,Twitter for iPhone,[],bitcoin lang:en -filter:retweets -filter:replies,Latest
1932467737088901179,https://x.com/Ashley50239771/status/1932467737088901179,2025-06-10T15:59:46+00:00,2025-06-10,1416757446564003845,Ashley50239771,Ashley,11905,True,en,Thank you @Emmi_3662 Definitely don’t think bitcoin will ever be close to a million,0,1,3,0,1,318,False,1932467737088901179,Twitter for iPhone,[],bitcoin lang:en -filter:retweets -filter:replies,Latest
1932467595958997421,https://x.com/Bitcoinschurch/status/1932467595958997421,2025-06-10T15:59:13+00:00,2025-06-10,1289962799234527233,Bitcoinschurch,SoapBitcoin,2026,False,en,"Good news, it looks like #bitcoin is still holding strong at 1 #BTC = 1 BTC. https://t.co/L8M4BUaNGJ",0,0,1,0,0,38,False,1932467595958997421,Twitter for iPhone,"[{""type"": ""photo"", ""url"": ""https://pbs.twimg.com/media/GtGBCVKWcAI0SGF.jpg"", ""expanded_url"": ""https://x.com/Bitcoinschurch/status/1932467595958997421/photo/1"", ""video_url"": null}]",bitcoin lang:en -filter:retweets -filter:replies,Latest
1932467591827620030,https://x.com/btcdominicana/status/1932467591827620030,2025-06-10T15:59:12+00:00,2025-06-10,1699045782358216705,btcdominicana,Bitcoindominicana,1480,True,en,"🎉 We’ve reached 1,000 followers! From the heart of the Caribbean 🇩🇴, we're building a Bitcoin future rooted in community, freedom, and circular economies. To all Dominicans abroad and builders around the world — may our work light the path for your own Bitcoin journeys 🌍🧡 @unidosxsatoshi @blinkbtc @btcmap @geyserfund @pvitalg Gracias mi gente — ¡vamo’ al mambo! #Bitcoin #CircularEconomy #BitcoinDominicana",3,1,21,0,0,378,False,1932467591827620030,Twitter Web App,"[{""type"": ""animated_gif"", ""url"": ""https://pbs.twimg.com/tweet_video_thumb/GtGBBoFXoAAhdoq.jpg"", ""expanded_url"": ""https://x.com/btcdominicana/status/1932467591827620030/photo/1"", ""video_url"": null}]",bitcoin lang:en -filter:retweets -filter:replies,Latest
1932467582772162884,https://x.com/Ammyxcakes/status/1932467582772162884,2025-06-10T15:59:09+00:00,2025-06-10,1593581023257837568,Ammyxcakes,🌹FreakyRedd,1990,False,en,#AIUSDT Entry: 0.1383 Target 1: 0.1398 ✅ Target 2: 0.1413 ✅ Target 3: 0.1457✅ Target 4: 0.1530✅ #bitcoin #crypto #btc #eth #altcoin #trading #signal #memecoin #forex #xau #investing #gold #blockchain $AI #البرتغال_اسبانيا #SweetAshley #TimnasDay #BETAwards #LoveIsland,0,1,2,0,0,152,False,1932467582772162884,Twitter for iPhone,[],bitcoin lang:en -filter:retweets -filter:replies,Latest
1932467552778616992,https://x.com/PipTracer/status/1932467552778616992,2025-06-10T15:59:02+00:00,2025-06-10,1416982133751513088,PipTracer,PIP TRACER,176,True,en,$BTC Missed entry of rest 30% by few points🫩. #crypto #trading #bitcoin https://t.co/2Fln4ULUjo,0,0,1,0,0,37,False,1932467552778616992,Twitter for Android,"[{""type"": ""photo"", ""url"": ""https://pbs.twimg.com/media/GtGA_4IaEAAPpQ8.png"", ""expanded_url"": ""https://x.com/TheSecretPipss/status/1932467552778616992/photo/1"", ""video_url"": null}]",bitcoin lang:en -filter:retweets -filter:replies,Latest
1932467542603506109,https://x.com/TheShibmagazine/status/1932467542603506109,2025-06-10T15:59:00+00:00,2025-06-10,1720487538681319424,TheShibmagazine,The Shib,14733,False,en,"🚨 President Peña’s X account was hacked to push a fake Bitcoin adoption post 🇵🇾💸 The $5M ""Bitcoin Reserve""? Totally fake. The gov't calls it a Bitcoin scam.👇https://t.co/38XJlLlRGE",2,1,13,0,0,566,False,1932467542603506109,Twitter Web App,[],bitcoin lang:en -filter:retweets -filter:replies,Latest
1932467541592449048,https://x.com/Abinsinguz72441/status/1932467541592449048,2025-06-10T15:59:00+00:00,2025-06-10,1658058727545532417,Abinsinguz72441,The Crypto Jurist,544,False,en,"Families that stack sats together, stay together. 👨‍👩‍👧‍👦💰The Bitcoin Family isn’t just securing their wealth🏨they’re building a legacy across generations. More families should think beyond today and start holding BTC together. It's not yet late you can start today",5,6,13,0,3,820,False,1932467541592449048,Twitter for Android,[],bitcoin lang:en -filter:retweets -filter:replies,Latest
1932467497367675156,https://x.com/piovincenzo_/status/1932467497367675156,2025-06-10T15:58:49+00:00,2025-06-10,1335776011351416833,piovincenzo_,Pio,95575,True,en,Had I “taken profits” on Bitcoin I’d probably have less Bitcoin than I do right now Why would I want to have less of something That is going up forever,0,9,30,0,0,1420,False,1932467497367675156,Twitter for iPhone,[],bitcoin lang:en -filter:retweets -filter:replies,Latest
1932467491067797512,https://x.com/SalWellington/status/1932467491067797512,2025-06-10T15:58:48+00:00,2025-06-10,834224371,SalWellington,Sal Wellington,110,False,en,Takumi’s a crypto wizard! $SAND hit +14% in an evening. #investing 🟢 https://t.co/udkhXN7KNF #Bitcoin #digitalcurrency $SYRUP $asr $WLD $API $BTC $ZRX $FLM $osak #FARTCOIN $S $CATI $COIN $PAWS #Cryptocurrency $AVGO $KET #Toncoin $BNB $ENJ $PEPE #investor,0,0,0,0,0,193,False,1932467491067797512,Twitter Web App,[],bitcoin lang:en -filter:retweets -filter:replies,Latest
1932467447132745797,https://x.com/shanaka86/status/1932467447132745797,2025-06-10T15:58:37+00:00,2025-06-10,56302171,shanaka86,Shanaka Anslem Perera ⚡,308975,True,en,"@Dennis_Porter_ drops the signal loud and clear: This isn’t just about code. It’s about power. Bitcoin’s governance has always rested on a three-pillar system: 👷‍♂️ Miners 🧠 Developers 🧱 Nodes (the users)But Core’s behavior mirrors authoritarian consolidation. By stripping node-level controls, deprecating parameters like datacarriersize, and tolerating spam vectors (e.g., CVE-2023-50428), they’ve turned the node class into second-class citizens. This isn’t software stewardship. It’s protocol gerrymandering. Every byte of bloat permitted without consent is a silent veto against sovereignty. Every control removed from node ops is a Supreme Court packed by unelected devs.Bitcoin is not a playground for metadata maximalism. It is the last ledger of time, energy, and value and it belongs to the nodes. 🛑 If Core can remove your controls without consensus, then Core is not consensus. You are. Let it be known: The fork isn’t just coming. It already happened, in values. And from that fork, Knots and client pluralism will emerge as Bitcoin’s immune system. 🧠🛡️ The war for node power isn’t optional. It’s the war that defines whether Bitcoin remains a sovereign tool for the people or becomes a graffiti chain co-opted by entropy. #NodeRights #ClientSovereignty #CoreDrift #ProtocolDefense #Bitcoi",1,0,0,0,0,381,False,1932467447132745797,Twitter Web App,[],bitcoin lang:en -filter:retweets -filter:replies,Latest
1932467433823928809,https://x.com/CryptoNewsYes/status/1932467433823928809,2025-06-10T15:58:34+00:00,2025-06-10,1172632615393865730,CryptoNewsYes,Bitcoin News Alerts OG 📢🔥,39411,False,en,"💥💥💥 Michael Saylor claims Bitcoin reaches $1M when Wall Street hits 10% allocation; even 2% could spark liftoff, says Adam Back 😎🚀 Full Ep. #2017: https://t.co/BRNOSq68AW https://t.co/50hAu6i6Ox",3,0,13,1,0,1301,False,1932467433823928809,Twitter Web App,"[{""type"": ""video"", ""url"": ""https://pbs.twimg.com/amplify_video_thumb/1932466890003066880/img/S--VMsKAq909fPyp.jpg"", ""expanded_url"": ""https://x.com/CryptoNewsYes/status/1932467433823928809/video/1"", ""video_url"": ""https://video.twimg.com/amplify_video/1932466890003066880/vid/avc1/1920x1080/OdXZ-3i1jo2cC7ZT.mp4?tag=21""}]",bitcoin lang:en -filter:retweets -filter:replies,Latest
1932467417789415760,https://x.com/DanishB74900860/status/1932467417789415760,2025-06-10T15:58:30+00:00,2025-06-10,1501081068727934976,DanishB74900860,Finding Something | ETHGas ⛽,121,False,en,"Deployed a pool on @motoswap. The Bitcoin DeFi experience is real. @opnetbtc $MOTO @Linera_io is the alpha, #microchains @GiveRep",6,12,7,0,0,41,False,1932467417789415760,Twitter Web App,[],bitcoin lang:en -filter:retweets -filter:replies,Latest
1932467412290429321,https://x.com/Utoday_en/status/1932467412290429321,2025-06-10T15:58:29+00:00,2025-06-10,953559767242498049,Utoday_en,U.Today,99548,True,en,Michael Saylor lifts curtain on $63 billion Bitcoin strategy $btc $mstr https://t.co/j17azLZPri,0,4,2,0,0,625,False,1932467412290429321,IFTTT,[],bitcoin lang:en -filter:retweets -filter:replies,Latest
1932467391801299071,https://x.com/LLuciano_BTC/status/1932467391801299071,2025-06-10T15:58:24+00:00,2025-06-10,3065976851,LLuciano_BTC,Lucky,1978193,True,en,"Bitcoin demand is skyrocketing among the U.S. Investors. ~ Coinbase Premium hit a 4-month high Over 550,000 $BTC has exited on exchanges, per @cryptoquant_com. ~ Realized Capitalization has shattered records, now standing at all time high of $934.88B. Exciting times are ahead. 💯",17,45,251,0,0,58102,False,1932467391801299071,Twitter Web App,"[{""type"": ""photo"", ""url"": ""https://pbs.twimg.com/media/GtGApb2XgAADl_X.jpg"", ""expanded_url"": ""https://x.com/LLuciano_BTC/status/1932467391801299071/photo/1"", ""video_url"": null}]",bitcoin lang:en -filter:retweets -filter:replies,Latest
1932467386688643176,https://x.com/Anton__BTC/status/1932467386688643176,2025-06-10T15:58:23+00:00,2025-06-10,934529632228999168,Anton__BTC,"ANTON, BIP 110",10211,True,en,This remains my primary scenario for Bitcoin. https://t.co/45QSLe9EtY,0,8,24,1,4,8243,False,1932467386688643176,Twitter Web App,"[{""type"": ""photo"", ""url"": ""https://pbs.twimg.com/media/GtGA0A8W4AAxaBn.jpg"", ""expanded_url"": ""https://x.com/Anton__BTC/status/1932467386688643176/photo/1"", ""video_url"": null}]",bitcoin lang:en -filter:retweets -filter:replies,Latest
1932467308238184934,https://x.com/mrcornwell/status/1932467308238184934,2025-06-10T15:58:04+00:00,2025-06-10,1901362897420431360,mrcornwell,Mark Cornwell,569,True,en,The greatest investment in life? Not Google in 2000 Not Bitcoin in 2010 Not Nvidia in 2020 It's investing in you — today.,1,8,11,0,0,327,False,1932467308238184934,Twitter Web App,[],bitcoin lang:en -filter:retweets -filter:replies,Latest
1932467290878189665,https://x.com/cryptospirit391/status/1932467290878189665,2025-06-10T15:58:00+00:00,2025-06-10,1876916416860856320,cryptospirit391,Crypto Spirit,252,False,en,"Moonlit traders weave a web of risk and reward, their fortunes rising like the tides of a secret ocean. #bonk #BTC $Luna #binance #LUNC $LUNC $btc #usdc $ustc #ankr #Asr #fener #CRV $Bnb $Eth $Sol $Xrp $Doge $pepe #bitcoin $XRP https://t.co/FfHIKVFQ6G",1,0,3,0,0,433,False,1932467290878189665,Twitter Web App,"[{""type"": ""photo"", ""url"": ""https://pbs.twimg.com/media/Gs77ZUCXsAEo-Ka.jpg"", ""expanded_url"": ""https://x.com/cryptospirit391/status/1932467290878189665/photo/1"", ""video_url"": null}]",bitcoin lang:en -filter:retweets -filter:replies,Latest
1932528136392224852,https://x.com/niner0526/status/1932528136392224852,2025-06-10T19:59:47+00:00,2025-06-10,4271582779,niner0526,art,6039,True,en,Don’t lose faith in bitcoin memes hearing its possible to go to alkanes if it becomes dominant So stick around btc is forever 🫶🔥,0,0,5,0,0,212,False,1932528136392224852,Twitter for iPhone,[],bitcoin lang:en -filter:retweets -filter:replies,Latest
1932528120860401821,https://x.com/BITCOINKEYZ/status/1932528120860401821,2025-06-10T19:59:43+00:00,2025-06-10,1773360261761523712,BITCOINKEYZ,KEYZ,1836,True,en,It is hard to NOT pay attention to #RUNES when the community is so vocal that it draws the attention of BUSINESS LEADERS. $DOG leads 👑 BITCOIN rules. 🧡,81,11,281,0,2,6881,False,1932528120860401821,Twitter for iPhone,[],bitcoin lang:en -filter:retweets -filter:replies,Latest
1932528118742348079,https://x.com/BTCTimescom/status/1932528118742348079,2025-06-10T19:59:42+00:00,2025-06-10,1162309822848491520,BTCTimescom,BTC Times,9923,False,en,The future of money is here. Follow us for #Bitcoin updates! 📣 https://t.co/0SdkJZZbXO https://t.co/0STOqPT8O6,4,1,26,0,0,7950,False,1932528118742348079,Buffer,"[{""type"": ""photo"", ""url"": ""https://pbs.twimg.com/media/GtG4FQnXIAAbPf7.jpg"", ""expanded_url"": ""https://x.com/BTCTimescom/status/1932528118742348079/photo/1"", ""video_url"": null}]",bitcoin lang:en -filter:retweets -filter:replies,Latest
1932528076002373899,https://x.com/MrGtee1/status/1932528076002373899,2025-06-10T19:59:32+00:00,2025-06-10,866970483102765062,MrGtee1,Gtee,1834,True,en,"How Satlayer Brings Smart Contracts to Bitcoin You know Bitcoin is secure, but not programmable, no smart contracts, no dApps, and no native yield. Now @satlayer changes that with Babylon. Here’s How: ▫️Babylon adds smart contract logic like Ethereum, but built beside Bitcoin, not on it. ▫️ You restake your BTC, it stays safe on Bitcoin but helps secure apps and earns yield through smart contract rules. ▫️ The BVS (Bitcoin Validated Services) lets developers write logic for rewards, slashing, and app security powered by BTC, enforced by code. Satlayer created and added more value to the most valuable coin BTC. That is, Bitcoin remains sound money and Satlayer makes it smart. Comments your views",2,19,22,0,0,318,False,1932528076002373899,Twitter for Android,"[{""type"": ""photo"", ""url"": ""https://pbs.twimg.com/media/GtG4CwiXsAAwvOV.jpg"", ""expanded_url"": ""https://x.com/MrGtee1/status/1932528076002373899/photo/1"", ""video_url"": null}]",bitcoin lang:en -filter:retweets -filter:replies,Latest
1932528066321867005,https://x.com/sexyyapaholic/status/1932528066321867005,2025-06-10T19:59:30+00:00,2025-06-10,1856401853677989888,sexyyapaholic,sexy liar,7,False,en,First trade with Takumi – wow! $XTZ soared +19% in a day! #signals 🟢 https://t.co/t6aMSGUCP1 $CVC $TWO $DGB $TFNY #nft #cheems $STPT #Cardano $USDT $wif #NFA #Bitcoin $not $EOS #investment $RED $sign $bonk $nkn $ETH $dog #coinbase #Tether #babydoge,0,0,2,0,0,138,False,1932528066321867005,Twitter Web App,[],bitcoin lang:en -filter:retweets -filter:replies,Latest
1932528055718744386,https://x.com/mhieechoii/status/1932528055718744386,2025-06-10T19:59:27+00:00,2025-06-10,127287777,mhieechoii,ChoiiMhiee 𐤊,2318,False,en,"GhostDAG, a proof-of-work consensus protocol that generalizes Nakamoto’s chain into a directed acyclic graph of blocks ( blockDAG). GhostDAG incorporates”orphan” blocks into the chain to form a blockDAG, and then uses a novel greedy algorithm to order the blocks such that well-connected, honest blocks are favored, quickly and with high probability. GhostDAG allows Kaspa to circumvent the traditional tradeoff of blockchains, improving on block rate by orders of magnitude while maintaining the theoretical security guarantees of Bitcoin. The DAGKNIGHT Protocol, written by Michael Sutton and Yonatan Sompolinsky, is a three-year work of genius and consensus upgrade for Kaspa’s PHANTOM GHOSTDAG Protocol. KNIGHT was set in motion with the goal of resisting 50% attacks without knowing the network latency ahead of time. Typically, blockchain protocols assume a parameter of network delay for best and/or worst-case scenarios without the ability to adapt to real-time latency. This assumed latency parameter keeps blockchains restrained to slower confirmation times to avoid security risks and instability. A 50% or 51% attack occurs when a group or entity owns more than 50% of the nodes on the network, granting the controlling parties the ability to alter the blockchain. However, with network delay left unaddressed, if latency spikes, the percentage of ownership needed for an attack decreases. Subsequently leaving the chain more susceptible to an attack. To fix this, blockchains sacrifice block confirmation time to account for the ailing network health by setting an estimated/assumed network delay parameter.",8,2,61,1,1,1747,False,1932528055718744386,Twitter Web App,"[{""type"": ""photo"", ""url"": ""https://pbs.twimg.com/media/GtG3GOwXYAAA6H1.jpg"", ""expanded_url"": ""https://x.com/mhieechoii/status/1932528055718744386/photo/1"", ""video_url"": null}]",bitcoin lang:en -filter:retweets -filter:replies,Latest
1932528043995918762,https://x.com/LVM369/status/1932528043995918762,2025-06-10T19:59:24+00:00,2025-06-10,1426001358,LVM369,Lek,1470,False,en,Defi coins and ticker bitcoin that’s all you need in your ETH pf 💹 #HarryPotterObamaSonic10Inu https://t.co/TXkUYSkUuZ,0,1,22,0,2,373,False,1932528043995918762,Twitter for iPhone,"[{""type"": ""photo"", ""url"": ""https://pbs.twimg.com/media/GtG4AubbMAIKMFZ.jpg"", ""expanded_url"": ""https://x.com/LVM369/status/1932528043995918762/photo/1"", ""video_url"": null}]",bitcoin lang:en -filter:retweets -filter:replies,Latest
1932528012895060462,https://x.com/emcd_io/status/1932528012895060462,2025-06-10T19:59:17+00:00,2025-06-10,1046486977770647552,emcd_io,EMCD Coinhold Wallet,10050,False,en,"They talk about EMCD, because they trust us Last month, EMCD was featured in top B2C and B2B media — covering #mining trends, hardware, #altcoins, and our presence on the global stage. 📌 Coverage highlights: Rabid Mining (https://t.co/s4W4eEZPQJ): best Kaspa miners Coingradient (https://t.co/8r1NIBALHE): why home mining is a dead end Maxim (https://t.co/X9in83zJmP): Bitcoin 2025 speaker lineup — with EMCD’s Tommy Walker ModernMining (https://t.co/XMsQjK0rwk): does GPU mining still work? Stay with EMCD — and stay on top of every key trend #EMCD",8,6,22,0,1,1679,False,1932528012895060462,Twitter Web App,"[{""type"": ""photo"", ""url"": ""https://pbs.twimg.com/media/GtGyZTEXAAACSba.jpg"", ""expanded_url"": ""https://x.com/emcd_io/status/1932528012895060462/photo/1"", ""video_url"": null}]",bitcoin lang:en -filter:retweets -filter:replies,Latest
1932527993253212390,https://x.com/BullyDCrypto/status/1932527993253212390,2025-06-10T19:59:12+00:00,2025-06-10,1668575352443097088,BullyDCrypto,Crypto Bully 🔥,67948,True,en,Trading Bitcoin With The Trend Example of how to use Volume and Imbalances: https://t.co/AYJ1syw7nx,13,14,154,0,86,6483,False,1932527993253212390,Twitter for iPhone,"[{""type"": ""photo"", ""url"": ""https://pbs.twimg.com/media/GtG39SPWEAAFlyD.jpg"", ""expanded_url"": ""https://x.com/BullyDCrypto/status/1932527993253212390/photo/1"", ""video_url"": null}]",bitcoin lang:en -filter:retweets -filter:replies,Latest
1932527983694393779,https://x.com/Crypto_Mario_B/status/1932527983694393779,2025-06-10T19:59:10+00:00,2025-06-10,1332887531608829957,Crypto_Mario_B,Crypto_Mario_ ₿. ⧉ 🧡 🅑 🟧 ⓑ,4537,True,en,GERMANY MISSED OUT ON $3 BILLION DOLLARS BY SELLING THEIR BITCOIN TOO EARLY AT $54K MID-2024,0,1,4,0,0,200,False,1932527983694393779,Twitter for iPhone,[],bitcoin lang:en -filter:retweets -filter:replies,Latest
1932527963485999376,https://x.com/2d_btc/status/1932527963485999376,2025-06-10T19:59:05+00:00,2025-06-10,1353318764331347971,2d_btc,2d_btc,197,False,en,"$ALTBG Predicting the future is never easy… What’s next? I expect 2 days of consolidation before the madness resumes. With such a strong move lately, I doubt we’ll see new highs before Friday. Here’s my plan for the next 48h �� #Bitcoin $MSTR $MTPLF $SMLR $STRK $STRF $KULR",1,1,7,1,1,2321,False,1932527963485999376,Twitter Web App,[],bitcoin lang:en -filter:retweets -filter:replies,Latest
1932527896200978655,https://x.com/BitcoinNewsCom/status/1932527896200978655,2025-06-10T19:58:49+00:00,2025-06-10,3005014565,BitcoinNewsCom,Bitcoin News,262410,True,en,"Bitcoin has remained above $100,000 for over 30 straight days, a new all-time streak. https://t.co/TFpRC1wcHt",51,43,203,5,5,13553,False,1932527896200978655,Twitter Web App,"[{""type"": ""photo"", ""url"": ""https://pbs.twimg.com/media/GtG3tWYWYAA1AE8.jpg"", ""expanded_url"": ""https://x.com/BitcoinNewsCom/status/1932527896200978655/photo/1"", ""video_url"": null}]",bitcoin lang:en -filter:retweets -filter:replies,Latest
1932527779813470545,https://x.com/CastilloTrading/status/1932527779813470545,2025-06-10T19:58:21+00:00,2025-06-10,769721685645795329,CastilloTrading,Castillo Trading,104396,True,en,"Tough week for Peter Schiff, man. Dude confesses to crimes publicly and Bitcoin about to make another ATH's push... https://t.co/blCVf79dt8",1,47,120,0,0,8885,False,1932527779813470545,Twitter Web App,"[{""type"": ""animated_gif"", ""url"": ""https://pbs.twimg.com/tweet_video_thumb/GtG3w2LboAAQ9hu.jpg"", ""expanded_url"": ""https://x.com/CastilloTrading/status/1932527779813470545/photo/1"", ""video_url"": null}]",bitcoin lang:en -filter:retweets -filter:replies,Latest
1932527671465939168,https://x.com/Vuarnet_/status/1932527671465939168,2025-06-10T19:57:56+00:00,2025-06-10,1885352516910784512,Vuarnet_,Cryptọ Wọọɗyz,12356,True,en,"Here we go again #Bitcoin back above $109,000 https://t.co/Oyd2z3BIcW",1,2,5,0,0,127,False,1932527671465939168,Twitter for iPhone,"[{""type"": ""photo"", ""url"": ""https://pbs.twimg.com/media/GtG3rDvXAAA1QY3.jpg"", ""expanded_url"": ""https://x.com/Bit_Montie/status/1932527671465939168/photo/1"", ""video_url"": null}]",bitcoin lang:en -filter:retweets -filter:replies,Latest
1932527661055672322,https://x.com/gbeni_wealth/status/1932527661055672322,2025-06-10T19:57:53+00:00,2025-06-10,1546695314521866240,gbeni_wealth,Gbeni Wealth,2317,True,en,"This is Satoshi Nakamoto, the first person to ever mine Bitcoin. His 968,452 BTC is worth approximately $105.24 billion today. The last time he mined any Bitcoin was back in December 2010. But here’s the plot twist… Imagine for a second that Satoshi utilized @Lombard_Finance’s Bitcoin staking and DeFi strategies. He could’ve amassed up to a solid 6% APY. By today, he would have amassed 2,065,662 BTC, worth around $227 Billion dollars. That’s over 2x his original stash, and a powerful example of long-term wealth-building. The early days of Bitcoin may be behind us, but we still have something just as powerful: leverage. Today, believing that Bitcoin is the ultimate store of value would only keep us at the doorpost. To enter the Bitcoin paradise, we have to leverage DeFi for Bitcoin. The leverage we have today is to hold $LBTC and deploy it across BitcoinFi strategies on Lombard. This would qualify you as a Bard. gmBard, believers!",1,9,32,0,1,559,False,1932527661055672322,Twitter for iPhone,"[{""type"": ""photo"", ""url"": ""https://pbs.twimg.com/media/GtG3oGeXQAAxwEF.jpg"", ""expanded_url"": ""https://x.com/gbeni_wealth/status/1932527661055672322/photo/1"", ""video_url"": null}]",bitcoin lang:en -filter:retweets -filter:replies,Latest
1932527637697868059,https://x.com/Pixeell/status/1932527637697868059,2025-06-10T19:57:48+00:00,2025-06-10,1531631980957380608,Pixeell,Pixel ᛤ,1972,True,en,$DOG (Bitcoin) will flip Doge and it will hit $1 + Source: trust me bro 🫵 https://t.co/4gxCoaTwri,50,3,163,1,0,2088,False,1932527637697868059,Twitter for Android,"[{""type"": ""photo"", ""url"": ""https://pbs.twimg.com/media/GtG3pTPX0AACd4T.jpg"", ""expanded_url"": ""https://x.com/Pixee_1/status/1932527637697868059/photo/1"", ""video_url"": null}]",bitcoin lang:en -filter:retweets -filter:replies,Latest
1932527606022168583,https://x.com/BTCTimescom/status/1932527606022168583,2025-06-10T19:57:40+00:00,2025-06-10,1162309822848491520,BTCTimescom,BTC Times,9923,False,en,🟠 Billionaire Ray Dalio says #Bitcoin is gaining global acceptance as a currency thanks to its limited and capped supply 🌍 https://t.co/54ONgedgPT,48,17,290,2,17,27015,False,1932527606022168583,Buffer,"[{""type"": ""photo"", ""url"": ""https://pbs.twimg.com/media/GtG3ncyXwAAMs2g.jpg"", ""expanded_url"": ""https://x.com/BTCTimescom/status/1932527606022168583/photo/1"", ""video_url"": null}]",bitcoin lang:en -filter:retweets -filter:replies,Latest
1932527596769874411,https://x.com/ElastosWeb3/status/1932527596769874411,2025-06-10T19:57:38+00:00,2025-06-10,1472243648377114631,ElastosWeb3,"Elastos Web3 (🐘,🔔)",1339,False,en,"I missed out on Bitcoin in 2011 because the media told me it was 'fake internet money'. Not missing out on Elastos because the haters say, 'you can't build a decentralized web with a Bitcoin backed stablecoin'. Strap in. $ELA $BTC",1,0,17,0,0,391,False,1932527596769874411,Twitter for iPhone,[],bitcoin lang:en -filter:retweets -filter:replies,Latest
1932527464380571835,https://x.com/xmrstreet/status/1932527464380571835,2025-06-10T19:57:06+00:00,2025-06-10,1646206389818212371,xmrstreet,xmrstreet.store,869,True,en,"Freedom in financial transactions is a right, not a privilege. With the rise of digital currencies, we must safeguard our privacy like never before. ✅ Monero offers you that shield. ✅ Bitcoin paves the way for decentralized value storage. Don't compromise your financial integrity in a world where everything else seems transparent. Achieve self-sovereignty",0,0,1,0,0,177,False,1932527464380571835,tweethunter [X],[],bitcoin lang:en -filter:retweets -filter:replies,Latest
1932527453714723096,https://x.com/gyyyyi_/status/1932527453714723096,2025-06-10T19:57:04+00:00,2025-06-10,1829450822981468160,gyyyyi_,Gy,3074,False,en,Can you find me on Portal to Bitcoin yappers social graph 👀 https://t.co/MqH6EdbfZl,1,7,11,0,0,230,False,1932527453714723096,Twitter Web App,"[{""type"": ""photo"", ""url"": ""https://pbs.twimg.com/media/GtG3SCJbMAEreDs.jpg"", ""expanded_url"": ""https://x.com/gyyyyi_/status/1932527453714723096/photo/1"", ""video_url"": null}]",bitcoin lang:en -filter:retweets -filter:replies,Latest
1932588553864950040,https://x.com/CryptoYeezussss/status/1932588553864950040,2025-06-10T23:59:51+00:00,2025-06-10,1458153971055538178,CryptoYeezussss,💎⚡¢®¥ptø ¥êêzü$⚡💎,19347,True,en,I don’t think many are prepared for this in #crypto 🤯⚠️🚀 #bitcoin #memecoin $btc $eth $sol $xrp $sui $ton $bnb $pepe $shib $doge $brett $spx $giga $mog $turbo $rent $ondo $hbar https://t.co/no3qS0CD0e,21,37,39,0,0,2433,False,1932588553864950040,Twitter for iPhone,"[{""type"": ""video"", ""url"": ""https://pbs.twimg.com/amplify_video_thumb/1932587654467461120/img/cfD37EsAUAX31ueQ.jpg"", ""expanded_url"": ""https://x.com/CryptoYeezussss/status/1932588553864950040/video/1"", ""video_url"": ""https://video.twimg.com/amplify_video/1932587654467461120/vid/avc1/1080x1920/MLoxhKOaFId6GTL0.mp4?tag=21""}]",bitcoin lang:en -filter:retweets -filter:replies,Latest
1932588480330412235,https://x.com/Bitcoin_Rey/status/1932588480330412235,2025-06-10T23:59:34+00:00,2025-06-10,969025794256203776,Bitcoin_Rey,Bitcoin Family Offices,548,False,en,"CJ Konstantinos, founder of Peoples Reserve, breaks down how Bitcoin-backed mortgages and bonds are changing the rules of real estate and lending. From self-repaying loans to principal-protected Bitcoin bonds - unlock cash flow without liquidation risk. https://t.co/hi07gowtZN",9,3,50,2,17,6905,False,1932588480330412235,Twitter Web App,[],bitcoin lang:en -filter:retweets -filter:replies,Latest
1932588413120827742,https://x.com/dragoneuh1/status/1932588413120827742,2025-06-10T23:59:18+00:00,2025-06-10,1800105431941218304,dragoneuh1,Time🧭Traveler,1783,True,en,"I recently spoke with an elderly Japanese couple about Bitcoin. They understand it but find self-custody too complex. I felt introducing Kaspa would be overwhelming. Instead, I suggested they hold $MSTR and $MTPLF to benefit from Bitcoin's growth. I hope it works out for them.",0,1,5,0,0,380,False,1932588413120827742,Twitter Web App,[],bitcoin lang:en -filter:retweets -filter:replies,Latest
1932588398302408718,https://x.com/macrojack21/status/1932588398302408718,2025-06-10T23:59:14+00:00,2025-06-10,829418203180892170,macrojack21,Jackson,13349,True,en,The most overrated retirement advice out there is to max out your 401k and taxable brokerage (especially for young people) Bitcoin is the way,0,1,2,0,0,575,False,1932588398302408718,Twitter Web App,[],bitcoin lang:en -filter:retweets -filter:replies,Latest
1932588307432812721,https://x.com/FlatEarthDev/status/1932588307432812721,2025-06-10T23:58:52+00:00,2025-06-10,1842395486873116672,FlatEarthDev,Flat Earth | Bitcoin - Stacks |,5715,True,en,"Do you trust the government agency, or a weather ballon 🤔 #Memecoin #Bitcoin #Cult $Flat $Stx https://t.co/rQrksJ7tmK",2,3,14,1,0,481,False,1932588307432812721,Twitter for iPhone,"[{""type"": ""photo"", ""url"": ""https://pbs.twimg.com/media/GtHu0eyaEAALB-f.jpg"", ""expanded_url"": ""https://x.com/FlatEarthDev/status/1932588307432812721/photo/1"", ""video_url"": null}]",bitcoin lang:en -filter:retweets -filter:replies,Latest
1932588291729047676,https://x.com/Eddiecrypto12/status/1932588291729047676,2025-06-10T23:58:49+00:00,2025-06-10,1380493368204083205,Eddiecrypto12,Eddie Crypto,245,True,en,"Hey mates! Good Evening! I was studying the @MrMigglesOnBase chart and I could see clearly a really strong downtrend. Chart is looking good, I can see that we are getting ready for a HUGE breakout, We just need to go through this blue downtrend line and we will be able to go higher, also we are breaking last weeks highs which is very positive. The trading volume is going parabolic, we are doing HIGHER volume then DogInMe and KeyBoardCat. Both are in CB and have higher MARKETCAP then us! If ETHERIUM keeps going higher in price, the BITCOIN DOMINANCE will fall and money will start pouring in to our favorites coin! Base ecosystem will be the one in this cycle. Fasten your seatbelts cuz we are getting ready for the take off!! ARE YOU MIGGLISH?? #MIGGLES #Base #Coinbase",14,5,52,0,0,752,False,1932588291729047676,Twitter Web App,"[{""type"": ""photo"", ""url"": ""https://pbs.twimg.com/media/GtHsSTYWwAAWERY.jpg"", ""expanded_url"": ""https://x.com/Eddiecrypto12/status/1932588291729047676/photo/1"", ""video_url"": null}]",bitcoin lang:en -filter:retweets -filter:replies,Latest
1932588169071091716,https://x.com/Yasei__Okami/status/1932588169071091716,2025-06-10T23:58:19+00:00,2025-06-10,1638922323871793152,Yasei__Okami,"Andre, Shib OG",860,True,en,"Get a snack and buckle up. Fuel is ready, take off the MOON is eminent 🚀 $ROAR on ETH $GME #Crypto #memecoins #altcoins #Bitcoin https://t.co/Xj4vIKj1DM",5,0,14,0,0,239,False,1932588169071091716,Twitter for iPhone,"[{""type"": ""photo"", ""url"": ""https://pbs.twimg.com/media/GtHuspAWIAANzVX.jpg"", ""expanded_url"": ""https://x.com/Yasei__Okami/status/1932588169071091716/photo/1"", ""video_url"": null}]",bitcoin lang:en -filter:retweets -filter:replies,Latest
1932588164209648037,https://x.com/davesking15/status/1932588164209648037,2025-06-10T23:58:18+00:00,2025-06-10,1569644689032368128,davesking15,King David 👑,1370,True,en,"$AITECH will land on @UpholdInc soon! 🚀 Have you set your reminders? June 12 is when @AITECHio’s deflationary AI token opens for trading on a platform that’s home to over 10 million users and spans 180 countries. You will be able to buy, hold, or swap $AITECH alongside Bitcoin, Ethereum, or even precious metal. You will be able to do all of these from one dashboard that’s built for everyone, whether you’re just starting out or you’ve been in crypto for years. This move brings $AITECH into fresh hands, boosting liquidity and giving the community new ways to grow. The hype is real, guys! Folks are already seeking out how to get tokens, and there is anticipation on where AITECH will go next. Will the next stop be Binance? How about CoinBase? If you’ve been stacking $AITECH or you’re ready to jump in, now’s the moment to rally. Set your alarms. Tell a friend. Get ready to roll on June 12. Your bags of $AITECH tokens are about to get a new home, and this could shift everything #CryptoAdoption #AIinWeb3 #AITECHListing",3,0,39,0,0,1352,False,1932588164209648037,Twitter Web App,"[{""type"": ""photo"", ""url"": ""https://pbs.twimg.com/media/GtHtJ9bXEAAfX9M.jpg"", ""expanded_url"": ""https://x.com/davesking15/status/1932588164209648037/photo/1"", ""video_url"": null}]",bitcoin lang:en -filter:retweets -filter:replies,Latest
1932587982864982061,https://x.com/MSTRStrategy/status/1932587982864982061,2025-06-10T23:57:35+00:00,2025-06-10,1886105896402694144,MSTRStrategy,MonSTeR,922,False,en,Bitcoin is the perfect digital virus to transform the Capital markets ~paraphrasing @saylor WGMI Strategists!🔥🫡 $MSTR $MTPLF $STRF $MSTY $BTC https://t.co/RS8YLYxelb,2,0,6,0,1,1024,False,1932587982864982061,Twitter for iPhone,"[{""type"": ""animated_gif"", ""url"": ""https://pbs.twimg.com/tweet_video_thumb/GtHuhW7bMAEieI9.jpg"", ""expanded_url"": ""https://x.com/MSTRStrategy/status/1932587982864982061/photo/1"", ""video_url"": null}]",bitcoin lang:en -filter:retweets -filter:replies,Latest
1932587971674247645,https://x.com/giantfan5690/status/1932587971674247645,2025-06-10T23:57:32+00:00,2025-06-10,1872710913075134464,giantfan5690,Derrick Lemke,1735,True,en,"Broke Uber Driver? Become a Bitcoin Millionaire by Friday &amp; CRUSH Your Debt! $DerrickLemke - CashApp drock5690 - Venmo DerrickLemke - PayPal #CRYPTO: bc1qqcdmkgdynfwdpye44ed0hj5e6lftxzh343fgqt (Segwit, Coinbase) 9RLmvXTyuJAiqh9AuuaYY7Zuti9TrqLCHbzL4DugLJgy (Solana) #Bitcoin https://t.co/M1vjKPMzSP",0,1,1,0,0,54,False,1932587971674247645,Twitter for Android,"[{""type"": ""video"", ""url"": ""https://pbs.twimg.com/ext_tw_video_thumb/1932587867869515776/pu/img/5Tf9UR6qjFtn3qsw.jpg"", ""expanded_url"": ""https://x.com/giantfan5690/status/1932587971674247645/video/1"", ""video_url"": ""https://video.twimg.com/ext_tw_video/1932587867869515776/pu/vid/avc1/720x1280/SovLAQNbNqcF2fvC.mp4?tag=12""}]",bitcoin lang:en -filter:retweets -filter:replies,Latest
1932587800630894853,https://x.com/degenproalpha/status/1932587800630894853,2025-06-10T23:56:52+00:00,2025-06-10,1566981104766439425,degenproalpha,Degen Pro Alpha,108594,True,en,$10000 In Your Wallet Where You Will Invest 😍 Mine &gt; $CORE #Bitcoin #Cardano $CORE (@Coredao_Org) $XRP #Solana #Ethereum $POPCAT #TON $ORDI #AVAX $SUI $DOT $DOGE #BNB $MOTH $PEPE #CryptoScam,7,14,44,0,1,3316,False,1932587800630894853,Twitter for Android,[],bitcoin lang:en -filter:retweets -filter:replies,Latest
1932587775460847786,https://x.com/tatthang/status/1932587775460847786,2025-06-10T23:56:46+00:00,2025-06-10,1085039949307555840,tatthang,Tat Thang,9583,True,en,"Infinex x NEAR Space Recap: The Real Alpha You Shouldn’t Miss 1. Chain Abstraction Is Here Infinex and NEAR are teaming up to make using different blockchains as easy as using a single app. You can now manage Bitcoin, XRP, DOGE, and more from one place—no more worrying about bridges, gas, or different wallet addresses. 2. More Assets, More Freedom Infinex is expanding fast, aiming to support all top 100 coins, not just EVM tokens. That means you’ll soon be able to swap and manage “boomer coins” like BTC, LTC, DOGE, XRP, and even Zcash, all in one wallet. 3. Intents: Next-Level Transactions With NEAR’s “intents,” you just tell the app what you want to do (like swap BTC for USDC), and the backend handles all the complex steps. No more figuring out routes or technical stuff just outcomes. 4. Infinex Connect for Builders Infinex Connect will let other devs plug into this cross-chain power, so you’ll see more apps and tools that use Infinex’s easy, abstracted experience. 5. AI + Crypto = Smarter UX The team is working toward using AI as your personal crypto assistant—think trading, finding yield, or customizing your wallet, all handled by AI, while you stay in control. 6. Scaling for the Future NEAR is pushing for crazy-fast speeds (200ms blocks, 1M TPS), so all these features will be smooth and scalable as more users pile in. 7. The Alpha Infinex is on track to be the go-to wallet for all chains and coins. Intents and chain abstraction will make DeFi as easy as Web2 apps. Builders can soon tap into this tech to create even more powerful tools.",0,1,6,1,0,449,False,1932587775460847786,Twitter Web App,[],bitcoin lang:en -filter:retweets -filter:replies,Latest
1932587721169494103,https://x.com/NEEDcreations/status/1932587721169494103,2025-06-10T23:56:33+00:00,2025-06-10,805160271388049408,NEEDcreations,➡️ CAMP NAKAMOTO 6/18-6/21 NH ⚡🏝️,19636,True,en,"Saylor on @jordanbpeterson has amassed over 200,000 YT views in under 24 hours. Most of Jordan's videos from the last ENTIRE MONTH haven't greatly surpassed this view count yet. We are going so much higher. Bitcoin. https://t.co/50reFigh7F",0,4,4,0,0,228,False,1932587721169494103,Twitter for Android,"[{""type"": ""photo"", ""url"": ""https://pbs.twimg.com/media/GtHuSoQXMAE6DPa.jpg"", ""expanded_url"": ""https://x.com/NEEDcreations/status/1932587721169494103/photo/1"", ""video_url"": null}]",bitcoin lang:en -filter:retweets -filter:replies,Latest
1932587639141773344,https://x.com/JahonX/status/1932587639141773344,2025-06-10T23:56:13+00:00,2025-06-10,167442996,JahonX,Jahon,11399,True,en,Imagine missing ticker bitcoin Imagine logging in everyday and missing bitcoin a second time,0,0,2,0,0,296,False,1932587639141773344,Twitter for iPhone,[],bitcoin lang:en -filter:retweets -filter:replies,Latest
1932587588638179716,https://x.com/Cryptotea/status/1932587588638179716,2025-06-10T23:56:01+00:00,2025-06-10,1390482601400487937,Cryptotea,Crypto Tea,192265,True,en,Saylor says bitcoin will no longer have bear market level dips until we reach 500k-1M https://t.co/KbFebL4mt6,23,31,142,3,13,10510,False,1932587588638179716,Twitter for iPhone,"[{""type"": ""video"", ""url"": ""https://pbs.twimg.com/amplify_video_thumb/1932587525404811264/img/Ji2sYnsFFTRNshQf.jpg"", ""expanded_url"": ""https://x.com/CryptoTea_/status/1932587588638179716/video/1"", ""video_url"": ""https://video.twimg.com/amplify_video/1932587525404811264/vid/avc1/1920x1080/YyXDfig0qX5Bvy4c.mp4?tag=21""}]",bitcoin lang:en -filter:retweets -filter:replies,Latest
1932587549148528741,https://x.com/Rajatsoni/status/1932587549148528741,2025-06-10T23:55:52+00:00,2025-06-10,1422806507800956929,Rajatsoni,"Rajat Soni, CFA",136201,True,en,"If you own 1 bitcoin out of the total supply of 21 million... Your family will remember your name forever You will be building wealth for your entire bloodline Within 20 years, 1 BTC will buy 100+ years of your salary",397,214,4720,25,485,435915,False,1932587549148528741,Twitter for Android,[],bitcoin lang:en -filter:retweets -filter:replies,Latest
1932587413345292750,https://x.com/dogsocialclubtc/status/1932587413345292750,2025-06-10T23:55:19+00:00,2025-06-10,1854745042276999169,dogsocialclubtc,$DOG SOCIAL CLUB,2584,True,en,"🎧 Satoshi's office - January 3, 2009 Bitcoin was born... $DOG was watching 👀 Lo-fi beats for the revolution 🐕₿ 📺https://t.co/FD9DkoVTdP",32,4,83,1,1,828,False,1932587413345292750,Twitter Web App,"[{""type"": ""video"", ""url"": ""https://pbs.twimg.com/amplify_video_thumb/1932585832306581504/img/5QUwWEaq8CL11cQR.jpg"", ""expanded_url"": ""https://x.com/dogsocialclubtc/status/1932587413345292750/video/1"", ""video_url"": ""https://video.twimg.com/amplify_video/1932585832306581504/vid/avc1/1616x1080/Nr4_AAB1qdBOGgmC.mp4?tag=21""}]",bitcoin lang:en -filter:retweets -filter:replies,Latest
1932587282000982361,https://x.com/Bambo_oCapital/status/1932587282000982361,2025-06-10T23:54:48+00:00,2025-06-10,1881431908753735681,Bambo_oCapital,Bamboo Capital,60,False,en,"🟢 Quick scalp on #BTC • Leverage: 50x • Entry: 109,521 • Exit: 109,778 • ROI: +11.69% Momentum entry, precision exit. Profit locked. Always with risk control 🧠 🔗 Copy my trades: https://t.co/wQYi6epWkL 🎁 Referral link: https://t.co/dsJbamE3Eu #BingX #CryptoTrading #BTCUSDT #Scalping #Futures #BambooCapital #CopyTrading #Bitcoin",0,0,3,0,0,110,False,1932587282000982361,Twitter Web App,"[{""type"": ""photo"", ""url"": ""https://pbs.twimg.com/media/GtHt4rOWIAAIebu.jpg"", ""expanded_url"": ""https://x.com/Bambo_oCapital/status/1932587282000982361/photo/1"", ""video_url"": null}]",bitcoin lang:en -filter:retweets -filter:replies,Latest
1932587275147202939,https://x.com/BullsBytes/status/1932587275147202939,2025-06-10T23:54:46+00:00,2025-06-10,1864472726351597568,BullsBytes,BullsBytes,1324,True,en,There’s only 21 million Bitcoin. But somehow 8 billion people think they won’t be late.,0,0,3,0,0,65,False,1932587275147202939,Twitter for iPhone,[],bitcoin lang:en -filter:retweets -filter:replies,Latest
1932586972830216396,https://x.com/BigBackBitcoin/status/1932586972830216396,2025-06-10T23:53:34+00:00,2025-06-10,1868098448802607104,BigBackBitcoin,Big Back Bitcoin,1482,True,en,"When life turns into a cardio marathon on a conveyor belt of churros, @WallStreetMav and $BBBTC transform it with birria taco bench presses of pure crypto zest! Big Back Bitcoin squats Jollof Rice pyramids while pulling gains from the universal potluck b… https://t.co/Jg1iOzZZWb",1,2,2,0,0,76,False,1932586972830216396,IFTTT,[],bitcoin lang:en -filter:retweets -filter:replies,Latest
